episode,phase,frame_index,global_index,length,batch_loss,arm_l2_error,arm_linf_error,gripper_pred,gripper_target,gripper_abs_error,gripper_sign_match,gripper_pred_binary,gripper_binary_match,state_gripper_left,state_gripper_right,pred_a0,target_a0,raw_a0,abs_err_a0,pred_a1,target_a1,raw_a1,abs_err_a1,pred_a2,target_a2,raw_a2,abs_err_a2,pred_a3,target_a3,raw_a3,abs_err_a3,pred_a4,target_a4,raw_a4,abs_err_a4,pred_a5,target_a5,raw_a5,abs_err_a5,pred_a6,target_a6,raw_a6,abs_err_a6,pred_a7,target_a7,raw_a7,abs_err_a7
0,early_20pct,41,41,207,0.016885198652744293,0.005074451211839914,0.003412187099456787,1.0005288124084473,1.0,0.0005288124084472656,True,1.0,True,0.03999999910593033,0.03999941796064377,-0.0910155326128006,-0.09235527366399765,-0.8130981922149658,0.001339741051197052,0.050092849880456924,0.05073123425245285,-0.07391969859600067,0.0006383843719959259,-0.2560817003250122,-0.2526695132255554,-0.8862137198448181,0.003412187099456787,-2.4159505367279053,-2.4158132076263428,0.34198275208473206,0.0001373291015625,0.08273109048604965,0.083234041929245,-0.05365035682916641,0.000502951443195343,2.4755520820617676,2.475905656814575,-0.5103529095649719,0.0003535747528076172,0.42111724615097046,0.41772493720054626,-0.2731149196624756,0.0033923089504241943,1.0005288124084473,1.0,1.358375072479248,0.0005288124084472656
0,mid_50pct,103,103,207,0.016885198652744293,0.04967353120446205,0.03242740035057068,-0.9981348514556885,-1.0,0.0018651485443115234,True,-1.0,True,0.02040022984147072,0.0207279734313488,-0.04985738545656204,-0.046455129981040955,-0.5468106269836426,0.0034022554755210876,0.3455459177494049,0.31311851739883423,1.2808849811553955,0.03242740035057068,-0.2608158588409424,-0.2726616859436035,-0.9175949692726135,0.011845827102661133,-2.395669460296631,-2.4035143852233887,0.44075682759284973,0.007844924926757812,0.27441924810409546,0.2545602321624756,0.853707492351532,0.019859015941619873,2.723830223083496,2.7040390968322754,0.5212879776954651,0.019791126251220703,0.6320114135742188,0.6116052269935608,0.19278734922409058,0.02040618658065796,-0.9981348514556885,-1.0,-0.7345207929611206,0.0018651485443115234
0,late_80pct,165,165,207,0.016885198652744293,0.03974137455224991,0.03204679489135742,-0.9975833892822266,-1.0,0.0024166107177734375,True,-1.0,True,0.020312877371907234,0.020823631435632706,0.2774410843849182,0.27585139870643616,1.5707656145095825,0.0015896856784820557,0.1238265112042427,0.10766793042421341,0.26418715715408325,0.016158580780029297,-0.08250784128904343,-0.08253257721662521,0.26435789465904236,2.473592758178711e-05,-2.168227434158325,-2.1547679901123047,1.5484697818756104,0.013459444046020508,0.04506263881921768,0.036298349499702454,-0.23195433616638184,0.008764289319515228,2.3063883781433105,2.274341583251953,-1.2132574319839478,0.03204679489135742,1.3251838684082031,1.3196356296539307,1.7241268157958984,0.005548238754272461,-0.9975833892822266,-1.0,-0.7339432835578918,0.0024166107177734375
1,early_20pct,41,248,208,0.016885198652744293,0.022223757579922676,0.01517176628112793,0.9942922592163086,1.0,0.005707740783691406,True,1.0,True,0.03999999910593033,0.039998847991228104,-0.031611472368240356,-0.021504320204257965,-0.4287621080875397,0.010107152163982391,-0.06452295929193497,-0.05899924039840698,-0.5994922518730164,0.005523718893527985,-0.2616339325904846,-0.2523888945579529,-0.9230177998542786,0.009245038032531738,-2.5421526432037354,-2.5460822582244873,-0.2726609408855438,0.003929615020751953,0.045133497565984726,0.042039550840854645,-0.2316189408302307,0.003093946725130081,2.494499683380127,2.509671449661255,-0.4316215515136719,0.01517176628112793,0.4810701608657837,0.4765356481075287,-0.14066840708255768,0.004534512758255005,0.9942922592163086,1.0,1.3518445491790771,0.005707740783691406
1,mid_50pct,104,311,208,0.016885198652744293,0.11324133723974228,0.060331642627716064,-1.0076792240142822,-1.0,0.0076792240142822266,True,-1.0,True,0.020328694954514503,0.020695241168141365,-0.08232320100069046,-0.058287009596824646,-0.7568600177764893,0.024036191403865814,0.31048694252967834,0.2501552999019623,1.1201214790344238,0.060331642627716064,-0.1499847024679184,-0.180592879652977,-0.18292701244354248,0.030608177185058594,-2.5281388759613037,-2.5304272174835205,-0.20440934598445892,0.002288341522216797,0.32885605096817017,0.28578755259513855,1.1113845109939575,0.043068498373031616,2.814833402633667,2.7585880756378174,0.8994220495223999,0.05624532699584961,0.29956209659576416,0.350995808839798,-0.5416516065597534,0.051433712244033813,-1.0076792240142822,-1.0,-0.7445151805877686,0.0076792240142822266
1,late_80pct,166,373,208,0.016885198652744293,0.02028055116534233,0.01576685905456543,-1.0023245811462402,-1.0,0.0023245811462402344,True,-1.0,True,0.02028299868106842,0.020744552835822105,0.18001171946525574,0.18036597967147827,0.9404109120368958,0.0003542602062225342,0.058617960661649704,0.06893290579319,-0.034827668219804764,0.010314945131540298,-0.014954321086406708,-0.012959001585841179,0.7121509313583374,0.001995319500565529,-2.2159414291381836,-2.200174570083618,1.316088318824768,0.01576685905456543,0.0848710909485817,0.08114423602819443,-0.04352062940597534,0.003726854920387268,2.2814114093780518,2.278625249862671,-1.3170413970947266,0.0027861595153808594,0.9598705768585205,0.9653977751731873,0.9170858263969421,0.005527198314666748,-1.0023245811462402,-1.0,-0.7389081120491028,0.0023245811462402344
2,early_20pct,41,456,207,0.016885198652744293,0.05781174823641777,0.045767784118652344,0.9710482358932495,1.0,0.02895176410675049,True,1.0,True,0.03999999910593033,0.039999108761548996,-0.02383200079202652,-0.01692339777946472,-0.37842997908592224,0.006908603012561798,-0.21986162662506104,-0.1943606734275818,-1.3118001222610474,0.025500953197479248,-0.25991272926330566,-0.24485936760902405,-0.9116085171699524,0.015053361654281616,-2.7694339752197266,-2.7650845050811768,-1.3795901536941528,0.004349470138549805,-0.012177489697933197,-0.01571868546307087,-0.5029010772705078,0.0035411957651376724,2.6527230739593506,2.6697940826416016,0.22582444548606873,0.017071008682250977,0.48801493644714355,0.5337827205657959,-0.12532620131969452,0.045767784118652344,0.9710482358932495,1.0,1.3275045156478882,0.02895176410675049
2,mid_50pct,103,518,207,0.016885198652744293,0.21256008744239807,0.13459321856498718,-1.001721739768982,-1.0,0.0017217397689819336,True,-1.0,True,0.020121576264500618,0.020570950582623482,-0.06072068214416504,-0.01918283849954605,-0.6170946955680847,0.04153784364461899,0.1900688111782074,0.09752652794122696,0.5679422616958618,0.09254228323698044,-0.08236552774906158,-0.15434272587299347,0.26530125737190247,0.07197719812393188,-2.7468369007110596,-2.765557050704956,-1.2695348262786865,0.018720149993896484,0.54139244556427,0.40679922699928284,2.1174278259277344,0.13459321856498718,3.0354857444763184,2.9769914150238037,1.8162715435028076,0.05849432945251465,0.17800816893577576,0.26646289229393005,-0.8101855516433716,0.0884547233581543,-1.001721739768982,-1.0,-0.7382767796516418,0.0017217397689819336
2,late_80pct,165,580,207,0.019943801686167717,0.02846980281174183,0.02101767808198929,-1.0117992162704468,-1.0,0.011799216270446777,True,-1.0,True,0.020146546885371208,0.02054324373602867,0.09121380001306534,0.09000091999769211,0.36590054631233215,0.00121288001537323,-0.05996555835008621,-0.0809832364320755,-0.5785942077636719,0.02101767808198929,0.14047031104564667,0.13546529412269592,1.742416501045227,0.005005016922950745,-2.437821865081787,-2.439448595046997,0.2354627400636673,0.001626729965209961,0.01577896624803543,0.014577592723071575,-0.3705689013004303,0.0012013735249638557,2.505728006362915,2.4931893348693848,-0.38496649265289307,0.012538671493530273,1.061572790145874,1.0481207370758057,1.141763687133789,0.01345205307006836,-1.0117992162704468,-1.0,-0.7488294243812561,0.011799216270446777
3,early_20pct,40,662,201,0.019943801686167717,0.025148654356598854,0.02260488271713257,1.0107709169387817,1.0,0.010770916938781738,True,1.0,True,0.03999999910593033,0.03999960422515869,0.023345258086919785,0.025363057851791382,-0.07319959253072739,0.0020177997648715973,-0.012023456394672394,-0.014750964939594269,-0.3587549924850464,0.002727508544921875,-0.2094055414199829,-0.20301344990730286,-0.5768107771873474,0.006392091512680054,-2.5272531509399414,-2.523024797439575,-0.20009532570838928,0.004228353500366211,0.03984471783041954,0.03392798826098442,-0.25665342807769775,0.00591672956943512,2.61606502532959,2.6120378971099854,0.07350410521030426,0.004027128219604492,0.5529135465621948,0.5755184292793274,0.018046244978904724,0.02260488271713257,1.0107709169387817,1.0,1.3691000938415527,0.010770916938781738
3,mid_50pct,100,722,201,0.019943801686167717,0.07962434738874435,0.052296847105026245,-0.9944323301315308,-1.0,0.005567669868469238,True,-1.0,True,0.02028636634349823,0.020618192851543427,0.05944079905748367,0.06815500557422638,0.16033358871936798,0.008714206516742706,0.36021366715431213,0.3079168200492859,1.3481441736221313,0.052296847105026245,-0.17642562091350555,-0.20322224497795105,-0.35819628834724426,0.026796624064445496,-2.4861888885498047,-2.487654209136963,-9.985268115997314e-05,0.0014653205871582031,0.28112104535102844,0.2520558834075928,0.8854304552078247,0.02906516194343567,2.9320263862609863,2.8912346363067627,1.3863797187805176,0.04079174995422363,0.7066303491592407,0.6893045902252197,0.3576335906982422,0.017325758934020996,-0.9944323301315308,-1.0,-0.7306437492370605,0.005567669868469238
3,late_80pct,160,782,201,0.019943801686167717,0.0433662123978138,0.03163504600524902,-1.0046405792236328,-1.0,0.0046405792236328125,True,-1.0,True,0.020233051851391792,0.020675379782915115,0.3230106830596924,0.3259664475917816,1.8655943870544434,0.0029557645320892334,0.04056175798177719,0.04902099445462227,-0.11762465536594391,0.008459236472845078,-0.12053225934505463,-0.11518922448158264,0.012304849922657013,0.005343034863471985,-2.311307430267334,-2.279672384262085,0.8516261577606201,0.03163504600524902,-0.03674702346324921,-0.03723984956741333,-0.6192011833190918,0.0004928261041641235,2.441305160522461,2.416501760482788,-0.6526548862457275,0.02480340003967285,1.2815120220184326,1.293984293937683,1.627648115158081,0.012472271919250488,-1.0046405792236328,-1.0,-0.7413332462310791,0.0046405792236328125
4,early_20pct,41,864,207,0.019943801686167717,0.051912106573581696,0.04163390398025513,0.9788116216659546,1.0,0.02118837833404541,True,1.0,True,0.03999999910593033,0.03999895602464676,0.0025385208427906036,0.008091146126389503,-0.20781633257865906,0.0055526252835989,-0.15970784425735474,-0.1464473307132721,-1.035964012145996,0.013260513544082642,-0.2910444438457489,-0.2834041714668274,-1.1179717779159546,0.007640272378921509,-2.6948282718658447,-2.6986498832702637,-1.0162372589111328,0.0038216114044189453,0.017187878489494324,0.010216498747467995,-0.3638997972011566,0.006971379742026329,2.620281219482422,2.6454453468322754,0.09102270007133484,0.025164127349853516,0.3820962905883789,0.42373019456863403,-0.3593190610408783,0.04163390398025513,0.9788116216659546,1.0,1.3356339931488037,0.02118837833404541
4,mid_50pct,103,926,207,0.019943801686167717,0.10289301723241806,0.052079781889915466,-1.010833978652954,-1.0,0.010833978652954102,True,-1.0,True,0.01997157745063305,0.0205340888351202,-0.18241041898727417,-0.15241360664367676,-1.4044106006622314,0.029996812343597412,0.2509693503379822,0.1988895684480667,0.8472025990486145,0.052079781889915466,-0.022591501474380493,-0.05647116154432297,0.6615262031555176,0.033879660069942474,-2.6409878730773926,-2.6507885456085205,-0.7540180683135986,0.00980067253112793,0.4723418951034546,0.42775771021842957,1.7905763387680054,0.044584184885025024,2.9188430309295654,2.881227493286133,1.331600308418274,0.03761553764343262,-0.39797377586364746,-0.34972134232521057,-2.0826308727264404,0.04825243353843689,-1.010833978652954,-1.0,-0.7478187084197998,0.010833978652954102
4,late_80pct,165,988,207,0.019943801686167717,0.03506864234805107,0.019510574638843536,-0.9905538558959961,-1.0,0.009446144104003906,True,-1.0,True,0.0200275219976902,0.02047501690685749,0.041343752294778824,0.033110667020082474,0.043248195201158524,0.00823308527469635,0.09153282642364502,0.07202225178480148,0.11610396951436996,0.019510574638843536,0.09712180495262146,0.0868401825428009,1.4550715684890747,0.010281622409820557,-2.2080888748168945,-2.214521884918213,1.3543320894241333,0.006433010101318359,0.10196825861930847,0.09849919378757477,0.03740895539522171,0.0034690648317337036,2.3746325969696045,2.357947587966919,-0.9296905398368835,0.016685009002685547,0.3351365625858307,0.3165935277938843,-0.4630613625049591,0.01854303479194641,-0.9905538558959961,-1.0,-0.7265823483467102,0.009446144104003906
5,early_20pct,42,1072,212,0.019943801686167717,0.06928592175245285,0.06841757893562317,1.0018870830535889,1.0,0.0018870830535888672,True,1.0,True,0.03999999910593033,0.039999403059482574,-0.10922913253307343,-0.10811600834131241,-0.9309377074241638,0.0011131241917610168,0.0529935285449028,0.060484133660793304,-0.06061858683824539,0.007490605115890503,-0.2556828260421753,-0.2531505227088928,-0.8835697770118713,0.0025323033332824707,-2.42989182472229,-2.433461904525757,0.2740839123725891,0.003570079803466797,0.10540193319320679,0.10807420313358307,0.05366230010986328,0.0026722699403762817,2.4753804206848145,2.4813742637634277,-0.511065661907196,0.005993843078613281,0.4567132890224457,0.3882957100868225,-0.19447703659534454,0.06841757893562317,1.0018870830535889,1.0,1.3597973585128784,0.0018870830535888672
5,mid_50pct,106,1136,212,0.02991778589785099,0.03180253878235817,0.022954702377319336,-0.99894118309021,-1.0,0.001058816909790039,True,-1.0,True,0.020467814058065414,0.02077491581439972,-0.026836905628442764,-0.02772441692650318,-0.39787131547927856,0.0008875112980604172,0.30222153663635254,0.2792668342590332,1.0822203159332275,0.022954702377319336,-0.3021577000617981,-0.3034692406654358,-1.1916383504867554,0.0013115406036376953,-2.433117151260376,-2.436737537384033,0.25837594270706177,0.0036203861236572266,0.3066093921661377,0.29344072937965393,1.0060797929763794,0.013168662786483765,2.727562665939331,2.719844102859497,0.5367967486381531,0.007718563079833984,0.7396285533905029,0.724270224571228,0.43053245544433594,0.015358328819274902,-0.99894118309021,-1.0,-0.7353651523590088,0.001058816909790039
5,late_80pct,169,1199,212,0.02991778589785099,0.046838171780109406,0.03865337371826172,-0.9919124841690063,-1.0,0.008087515830993652,True,-1.0,True,0.020363977178931236,0.02088574878871441,0.29442107677459717,0.2843492031097412,1.6806235313415527,0.010071873664855957,0.19831281900405884,0.18375448882579803,0.605745255947113,0.014558330178260803,-0.12207251787185669,-0.12435712665319443,0.0020949169993400574,0.002284608781337738,-2.0784425735473633,-2.060167074203491,1.9857492446899414,0.01827549934387207,0.061448585242033005,0.055591002106666565,-0.1543913036584854,0.00585758313536644,2.3197567462921143,2.2811033725738525,-1.157710075378418,0.03865337371826172,1.4416909217834473,1.438110589981079,1.9815114736557007,0.003580331802368164,-0.9919124841690063,-1.0,-0.728005051612854,0.008087515830993652
6,early_20pct,41,1283,206,0.02991778589785099,0.039678461849689484,0.02732372283935547,0.9991185665130615,1.0,0.0008814334869384766,True,1.0,True,0.03999999910593033,0.03999891132116318,-0.08387196063995361,-0.08157669752836227,-0.7668802738189697,0.002295263111591339,-0.04029133915901184,-0.020332306623458862,-0.48837780952453613,0.01995903253555298,-0.2637454867362976,-0.2606363594532013,-0.9370148181915283,0.0031091272830963135,-2.551065683364868,-2.551136016845703,-0.3160695731639862,7.033348083496094e-05,0.023233406245708466,0.028918758034706116,-0.3352832496166229,0.00568535178899765,2.5555684566497803,2.5828921794891357,-0.1778697967529297,0.02732372283935547,0.37937891483306885,0.35982978343963623,-0.3653222918510437,0.019549131393432617,0.9991185665130615,1.0,1.356898307800293,0.0008814334869384766
6,mid_50pct,102,1344,206,0.02991778589785099,0.0824936106801033,0.04908210039138794,-0.9980666637420654,-1.0,0.0019333362579345703,True,-1.0,True,0.020184610038995743,0.020534826442599297,-0.0299653559923172,-0.015153482556343079,-0.4181119501590729,0.014811873435974121,0.3031024932861328,0.2540203928947449,1.0862599611282349,0.04908210039138794,-0.263798326253891,-0.2887537479400635,-0.9373649954795837,0.024955421686172485,-2.527432680130005,-2.528884172439575,-0.20097020268440247,0.0014514923095703125,0.28210100531578064,0.23600584268569946,0.8900691270828247,0.04609516263008118,2.852926254272461,2.81618070602417,1.0577045679092407,0.036745548248291016,0.5470518469810486,0.5382841229438782,0.005096688866615295,0.00876772403717041,-0.9980666637420654,-1.0,-0.7344493269920349,0.0019333362579345703
6,late_80pct,164,1406,206,0.02991778589785099,0.06082400307059288,0.044674694538116455,-1.0159375667572021,-1.0,0.01593756675720215,True,-1.0,True,0.020117860287427902,0.020606407895684242,0.2754198908805847,0.2618544101715088,1.5576887130737305,0.013565480709075928,-0.02188584953546524,-0.0665605440735817,-0.4039791524410248,0.044674694538116455,-0.06772461533546448,-0.07628506422042847,0.3623516857624054,0.00856044888496399,-2.348191261291504,-2.3735525608062744,0.6719903945922852,0.025361299514770508,-0.022554457187652588,-0.032012999057769775,-0.5520205497741699,0.009458541870117188,2.363940477371216,2.3448100090026855,-0.9741184711456299,0.019130468368530273,1.2796518802642822,1.2610026597976685,1.623538613319397,0.01864922046661377,-1.0159375667572021,-1.0,-0.7531628608703613,0.01593756675720215
7,early_20pct,42,1490,210,0.02991778589785099,0.028316553682088852,0.019942760467529297,1.009737253189087,1.0,0.009737253189086914,True,1.0,True,0.03999999910593033,0.039999622851610184,-0.059462010860443115,-0.05627979710698128,-0.6089512705802917,0.0031822137534618378,-0.15911298990249634,-0.1478995829820633,-1.0332362651824951,0.011213406920433044,-0.2270817756652832,-0.22272279858589172,-0.6939815282821655,0.0043589770793914795,-2.6735830307006836,-2.681859016418457,-0.9127671718597412,0.008275985717773438,-0.014199763536453247,-0.010673468932509422,-0.5124735236167908,0.0035262946039438248,2.5129361152648926,2.532878875732422,-0.3550148904323578,0.019942760467529297,0.5405452251434326,0.5535190105438232,-0.009277626872062683,0.012973785400390625,1.009737253189087,1.0,1.3680176734924316,0.009737253189086914
7,mid_50pct,104,1552,210,0.02991778589785099,0.023879099637269974,0.015445709228515625,-0.9853436946868896,-1.0,0.014656305313110352,True,-1.0,True,0.020398706197738647,0.020705820992588997,0.061548974364995956,0.05980294942855835,0.1739732027053833,0.0017460249364376068,0.1458975374698639,0.15672667324543,0.3653942346572876,0.010829135775566101,-0.31234320998191833,-0.29975593090057373,-1.2591552734375,0.012587279081344604,-2.6694698333740234,-2.671682596206665,-0.8927346467971802,0.0022127628326416016,0.16312548518180847,0.16882619261741638,0.3268973231315613,0.00570070743560791,2.7939324378967285,2.809378147125244,0.8125750422477722,0.015445709228515625,0.8631089925765991,0.8670445680618286,0.7033224105834961,0.003935575485229492,-0.9853436946868896,-1.0,-0.7211265563964844,0.014656305313110352
7,late_80pct,167,1615,210,0.02991778589785099,0.04907844215631485,0.034570470452308655,-0.9891085624694824,-1.0,0.010891437530517578,True,-1.0,True,0.02028927579522133,0.020824922248721123,0.3212304711341858,0.31461000442504883,1.8540769815444946,0.006620466709136963,0.1968727707862854,0.16230230033397675,0.5991419553756714,0.034570470452308655,-0.05826035887002945,-0.05872878432273865,0.4250875413417816,0.000468425452709198,-2.1082546710968018,-2.131216049194336,1.8405553102493286,0.02296137809753418,0.03351038694381714,0.0317089706659317,-0.2866370379924774,0.001801416277885437,2.3071532249450684,2.2820446491241455,-1.2100800275802612,0.02510857582092285,1.5021915435791016,1.4992563724517822,2.1151678562164307,0.002935171127319336,-0.9891085624694824,-1.0,-0.725068986415863,0.010891437530517578
8,early_20pct,42,1700,209,0.016439164057374,0.05425713211297989,0.04419362545013428,1.0021604299545288,1.0,0.0021604299545288086,True,1.0,True,0.03999999910593033,0.03999849408864975,-0.13731229305267334,-0.13642439246177673,-1.112631916999817,0.0008879005908966064,-0.14536193013191223,-0.1275794804096222,-0.9701805710792542,0.01778244972229004,-0.3207107186317444,-0.3105996549129486,-1.3146209716796875,0.010111063718795776,-2.6724565029144287,-2.667572021484375,-0.9072798490524292,0.004884481430053711,-0.031689777970314026,-0.02769443765282631,-0.5952626466751099,0.003995340317487717,2.532341957092285,2.5554006099700928,-0.2743804454803467,0.023058652877807617,0.331510990858078,0.3757046163082123,-0.47107088565826416,0.04419362545013428,1.0021604299545288,1.0,1.3600835800170898,0.0021604299545288086
8,mid_50pct,104,1762,209,0.016439164057374,0.032467491924762726,0.02501760423183441,-0.9937187433242798,-1.0,0.006281256675720215,True,-1.0,True,0.020188767462968826,0.020560719072818756,-0.12209324538707733,-0.12467842549085617,-1.0141667127609253,0.002585180103778839,0.11992059648036957,0.10170115530490875,0.24627652764320374,0.018219441175460815,-0.28475421667099,-0.28741857409477234,-1.0762755870819092,0.0026643574237823486,-2.6737802028656006,-2.6744115352630615,-0.9137265682220459,0.0006313323974609375,0.24725167453289032,0.2222340703010559,0.7251094579696655,0.02501760423183441,2.7846319675445557,2.775926113128662,0.773929238319397,0.008705854415893555,0.3348241150379181,0.33734145760536194,-0.4637516140937805,0.0025173425674438477,-0.9937187433242798,-1.0,-0.7298964262008667,0.006281256675720215
8,late_80pct,166,1824,209,0.016439164057374,0.02800680324435234,0.023345425724983215,-0.9874688386917114,-1.0,0.012531161308288574,True,-1.0,True,0.020149823278188705,0.020603321492671967,0.17315129935741425,0.1660918891429901,0.8960249423980713,0.007059410214424133,0.19316741824150085,0.16982199251651764,0.5821509957313538,0.023345425724983215,0.07500654458999634,0.07196879386901855,1.3084758520126343,0.003037750720977783,-2.13501238822937,-2.144575834274292,1.7102370262145996,0.009563446044921875,0.03055395931005478,0.03282010555267334,-0.3006313145160675,0.002266146242618561,2.357207775115967,2.3514151573181152,-1.002094030380249,0.0057926177978515625,1.1581270694732666,1.165209412574768,1.3550692796707153,0.007082343101501465,-0.9874688386917114,-1.0,-0.7233518958091736,0.012531161308288574
9,early_20pct,41,1908,206,0.016439164057374,0.041791316121816635,0.03035151958465576,0.976759672164917,1.0,0.023240327835083008,True,1.0,True,0.03999999910593033,0.03999945521354675,0.011284466832876205,0.019084539264440536,-0.15123125910758972,0.007800072431564331,-0.20939290523529053,-0.19038541615009308,-1.2637956142425537,0.01900748908519745,-0.2595939040184021,-0.2505163252353668,-0.9094951152801514,0.009077578783035278,-2.745473623275757,-2.741297960281372,-1.2628958225250244,0.004175662994384766,0.03371021896600723,0.03843225538730621,-0.28569114208221436,0.004722036421298981,2.642627000808716,2.659391164779663,0.18387314677238464,0.016764163970947266,0.47461575269699097,0.5049672722816467,-0.1549273282289505,0.03035151958465576,0.976759672164917,1.0,1.3334852457046509,0.023240327835083008
9,mid_50pct,102,1969,206,0.016439164057374,0.12020745128393173,0.06250825524330139,-1.0035334825515747,-1.0,0.003533482551574707,True,-1.0,True,0.020007846876978874,0.020546993240714073,-0.06983787566423416,-0.031498152762651443,-0.676081657409668,0.03833972290158272,0.2310521900653839,0.17990531027317047,0.7558721303939819,0.05114687979221344,-0.06311545521020889,-0.10964156687259674,0.39290449023246765,0.04652611166238785,-2.693748712539673,-2.7025716304779053,-1.010979175567627,0.008822917938232422,0.5166025161743164,0.454094260931015,2.000084400177002,0.06250825524330139,2.988072156906128,2.960960626602173,1.6192600727081299,0.027111530303955078,-0.2074907422065735,-0.1485072374343872,-1.661820411682129,0.05898350477218628,-1.0035334825515747,-1.0,-0.7401739358901978,0.003533482551574707
9,late_80pct,164,2031,206,0.016439164057374,0.026313096284866333,0.020206579938530922,-0.9954899549484253,-1.0,0.004510045051574707,True,-1.0,True,0.02006903663277626,0.020480146631598473,0.1685681939125061,0.16688771545886993,0.86637282371521,0.0016804784536361694,0.03929877281188965,0.019092192873358727,-0.12341610342264175,0.020206579938530922,0.06551145017147064,0.06613186746835709,1.2455356121063232,0.0006204172968864441,-2.3428421020507812,-2.3453516960144043,0.6980432868003845,0.002509593963623047,0.03077077865600586,0.034052979201078415,-0.29960501194000244,0.0032822005450725555,2.481858253479004,2.467719793319702,-0.48414960503578186,0.014138460159301758,0.6280055046081543,0.6359990835189819,0.18393756449222565,0.007993578910827637,-0.9954899549484253,-1.0,-0.7317511439323425,0.004510045051574707
10,early_20pct,41,2114,208,0.016439164057374,0.041863374412059784,0.040855735540390015,1.0084609985351562,1.0,0.00846099853515625,True,1.0,True,0.03999999910593033,0.039998963475227356,-0.09034024178981781,-0.08884070813655853,-0.8087291717529297,0.0014995336532592773,-0.19096657633781433,-0.1903230994939804,-1.179301381111145,0.0006434768438339233,-0.30568641424179077,-0.30757424235343933,-1.215029239654541,0.0018878281116485596,-2.698519229888916,-2.70326566696167,-1.0342134237289429,0.004746437072753906,-0.044599682092666626,-0.04911666363477707,-0.6563718318939209,0.004516981542110443,2.525628089904785,2.53147554397583,-0.30227741599082947,0.005847454071044922,0.4428545832633972,0.4019988477230072,-0.22509336471557617,0.040855735540390015,1.0084609985351562,1.0,1.3666812181472778,0.00846099853515625
10,mid_50pct,104,2177,208,0.016439164057374,0.11430630087852478,0.0694226324558258,-0.9983742237091064,-1.0,0.0016257762908935547,True,-1.0,True,0.02034200169146061,0.020683923736214638,-0.026267874985933304,-0.009337782859802246,-0.3941897451877594,0.016930092126131058,0.2220575213432312,0.1561681628227234,0.7146269679069519,0.06588935852050781,-0.29533058404922485,-0.3290758430957794,-1.14638352394104,0.033745259046554565,-2.6830270290374756,-2.6956257820129395,-0.95876145362854,0.012598752975463867,0.34516504406929016,0.27574241161346436,1.1885833740234375,0.0694226324558258,2.8698031902313232,2.8292076587677,1.1278314590454102,0.04059553146362305,0.5018113255500793,0.5277521014213562,-0.09484757483005524,0.025940775871276855,-0.9983742237091064,-1.0,-0.7347714304924011,0.0016257762908935547
10,late_80pct,166,2239,208,0.017037147656083107,0.018152885138988495,0.011332273483276367,-1.0017051696777344,-1.0,0.001705169677734375,True,-1.0,True,0.020270485430955887,0.020760828629136086,0.24413099884986877,0.23673461377620697,1.35525381565094,0.007396385073661804,0.052951496094465256,0.04881638288497925,-0.060811325907707214,0.004135113209486008,-0.05810528248548508,-0.05692387744784355,0.426115483045578,0.0011814050376415253,-2.25304913520813,-2.2447423934936523,1.1353615522384644,0.008306741714477539,0.0534585602581501,0.04836298152804375,-0.19221216440200806,0.005095578730106354,2.305880546569824,2.3001413345336914,-1.2153676748275757,0.0057392120361328125,1.2850933074951172,1.2737610340118408,1.6355597972869873,0.011332273483276367,-1.0017051696777344,-1.0,-0.7382594347000122,0.001705169677734375
11,early_20pct,41,2322,204,0.017037147656083107,0.03103981912136078,0.021070241928100586,1.016704797744751,1.0,0.016704797744750977,True,1.0,True,0.03999999910593033,0.039999060332775116,-0.07393904775381088,-0.07085128128528595,-0.7026156783103943,0.003087766468524933,-0.045078493654727936,-0.02595139667391777,-0.5103293657302856,0.019127096980810165,-0.2776784300804138,-0.2746027708053589,-1.0293723344802856,0.0030756592750549316,-2.55914568901062,-2.5615975856781006,-0.355421781539917,0.0024518966674804688,0.020614661276340485,0.026346594095230103,-0.347679078578949,0.005731932818889618,2.545288562774658,2.566358804702759,-0.2205854058265686,0.021070241928100586,0.4307190179824829,0.4405072033405304,-0.25190290808677673,0.009788185358047485,1.016704797744751,1.0,1.3753137588500977,0.016704797744750977
11,mid_50pct,102,2383,204,0.017037147656083107,0.1017763763666153,0.0653674453496933,-1.003448247909546,-1.0,0.0034482479095458984,True,-1.0,True,0.020231828093528748,0.020602602511644363,-0.06682170927524567,-0.0464196652173996,-0.6565675139427185,0.02040204405784607,0.30360931158065796,0.23824186623096466,1.0885839462280273,0.0653674453496933,-0.229569673538208,-0.2616626024246216,-0.7104731202125549,0.032092928886413574,-2.546391725540161,-2.5518078804016113,-0.2933058738708496,0.005416154861450195,0.2631062865257263,0.21351611614227295,0.800157368183136,0.04959017038345337,2.8659310340881348,2.820356845855713,1.1117411851882935,0.045574188232421875,0.44000500440597534,0.4485958218574524,-0.23138858377933502,0.00859081745147705,-1.003448247909546,-1.0,-0.7400846481323242,0.0034482479095458984
11,late_80pct,162,2443,204,0.017037147656083107,0.024531550705432892,0.01365351676940918,-1.008121132850647,-1.0,0.008121132850646973,True,-1.0,True,0.02017558179795742,0.020662842318415642,0.25103825330734253,0.253472238779068,1.3999428749084473,0.002433985471725464,0.05035931244492531,0.044230759143829346,-0.07269782572984695,0.0061285533010959625,-0.013784192502498627,-0.010489169508218765,0.7199073433876038,0.0032950229942798615,-2.2688770294189453,-2.255223512649536,1.0582753419876099,0.01365351676940918,-0.01387006789445877,-0.020821906626224518,-0.5109128952026367,0.006951838731765747,2.347029209136963,2.333711862564087,-1.0443882942199707,0.013317346572875977,1.1937695741653442,1.2054039239883423,1.433809757232666,0.011634349822998047,-1.008121132850647,-1.0,-0.7449778914451599,0.008121132850646973
12,early_20pct,42,2527,213,0.017037147656083107,0.08369036018848419,0.07677683234214783,0.9945658445358276,1.0,0.005434155464172363,True,1.0,True,0.03999999910593033,0.039998967200517654,-0.03574071824550629,-0.03820263594388962,-0.455477774143219,0.0024619176983833313,-0.19103562831878662,-0.17587581276893616,-1.179618000984192,0.015159815549850464,-0.2530618906021118,-0.24386365711688995,-0.8661962747573853,0.009198233485221863,-2.7094874382019043,-2.7132489681243896,-1.0876322984695435,0.0037615299224853516,-0.0017910301685333252,-0.004349284805357456,-0.45373666286468506,0.002558254636824131,2.551783323287964,2.5794999599456787,-0.19359815120697021,0.027716636657714844,0.39785563945770264,0.47463247179985046,-0.32450389862060547,0.07677683234214783,0.9945658445358276,1.0,1.3521310091018677,0.005434155464172363
12,mid_50pct,106,2591,213,0.017037147656083107,0.170487180352211,0.09123428165912628,-0.9994773864746094,-1.0,0.000522613525390625,True,-1.0,True,0.020131608471274376,0.020552480593323708,-0.09528908133506775,-0.07182571291923523,-0.8407474756240845,0.02346336841583252,0.1969740390777588,0.10573975741863251,0.5996062159538269,0.09123428165912628,-0.12114641815423965,-0.16530072689056396,0.008233785629272461,0.04415430873632431,-2.691305637359619,-2.702209711074829,-0.9990814924240112,0.010904073715209961,0.3397333025932312,0.26083940267562866,1.162872076034546,0.07889389991760254,2.881350040435791,2.812633752822876,1.17581045627594,0.06871628761291504,0.04096037149429321,0.1256774216890335,-1.1129481792449951,0.0847170501947403,-0.9994773864746094,-1.0,-0.7359265685081482,0.000522613525390625
12,late_80pct,170,2655,213,0.017037147656083107,0.03347048908472061,0.025073766708374023,-1.002939224243164,-1.0,0.0029392242431640625,True,-1.0,True,0.02013234607875347,0.02055186592042446,0.12578105926513672,0.1148814931511879,0.5895459651947021,0.010899566113948822,-0.03550567477941513,-0.045402027666568756,-0.466433048248291,0.009896352887153625,0.11976468563079834,0.1109560877084732,1.6051647663116455,0.008808597922325134,-2.3643083572387695,-2.3893821239471436,0.5934958457946777,0.025073766708374023,0.08842457830905914,0.08678323030471802,-0.026700153946876526,0.0016413480043411255,2.3747477531433105,2.3814871311187744,-0.9292119145393372,0.006739377975463867,0.7801427841186523,0.7679306268692017,0.5200355052947998,0.012212157249450684,-1.002939224243164,-1.0,-0.7395517230033875,0.0029392242431640625
13,early_20pct,41,2739,208,0.017037147656083107,0.03354046493768692,0.027422189712524414,1.0114351511001587,1.0,0.011435151100158691,True,1.0,True,0.03999999910593033,0.03999884054064751,-0.09511440992355347,-0.09528877586126328,-0.8396173715591431,0.00017436593770980835,-0.03492571413516998,-0.028572913259267807,-0.463773638010025,0.006352800875902176,-0.27940279245376587,-0.2798250615596771,-1.0408024787902832,0.0004222691059112549,-2.5084385871887207,-2.513277530670166,-0.10846246778964996,0.0048389434814453125,-0.011860176920890808,-0.013069303706288338,-0.501399040222168,0.0012091267853975296,2.4545512199401855,2.472088098526001,-0.5976153016090393,0.01753687858581543,0.38817283511161804,0.41559502482414246,-0.3458949327468872,0.027422189712524414,1.0114351511001587,1.0,1.3697956800460815,0.011435151100158691
13,mid_50pct,104,2802,208,0.01833982765674591,0.012196299619972706,0.006665229797363281,-1.0083564519882202,-1.0,0.008356451988220215,True,-1.0,True,0.019980525597929955,0.02042301557958126,-0.1581292301416397,-0.1606527417898178,-1.2473145723342896,0.0025235116481781006,0.27830058336257935,0.2744384706020355,0.9725303649902344,0.0038621127605438232,-0.18582776188850403,-0.18895572423934937,-0.4205203354358673,0.003127962350845337,-2.4972970485687256,-2.50177264213562,-0.05419975146651268,0.004475593566894531,0.13951805233955383,0.14270059764385223,0.2151513248682022,0.003182545304298401,2.742779493331909,2.7494447231292725,0.6000249981880188,0.006665229797363281,0.13635200262069702,0.12978719174861908,-0.9022113680839539,0.006564810872077942,-1.0083564519882202,-1.0,-0.7452243566513062,0.008356451988220215
13,late_80pct,166,2864,208,0.01833982765674591,0.047680437564849854,0.031164884567260742,-0.9880589246749878,-1.0,0.011941075325012207,True,-1.0,True,0.0199667289853096,0.020438333973288536,0.12787650525569916,0.13385528326034546,0.6031032204627991,0.005978778004646301,0.037001870572566986,0.06728170812129974,-0.13394859433174133,0.030279837548732758,0.06477168202400208,0.06839408725500107,1.2406318187713623,0.003622405230998993,-2.259599447250366,-2.2284345626831055,1.1034603118896484,0.031164884567260742,0.019325919449329376,0.01432865671813488,-0.3537793457508087,0.004997262731194496,2.280113935470581,2.274365186691284,-1.3224332332611084,0.005748748779296875,0.7801636457443237,0.7968494892120361,0.520081639289856,0.016685843467712402,-0.9880589246749878,-1.0,-0.7239698171615601,0.011941075325012207
14,early_20pct,41,2947,205,0.01833982765674591,0.04843879118561745,0.029699057340621948,1.0167711973190308,1.0,0.01677119731903076,True,1.0,True,0.03999999910593033,0.03999953716993332,-0.06042972207069397,-0.04286585748195648,-0.6152122020721436,0.017563864588737488,-0.2599793076515198,-0.23028025031089783,-1.4957603216171265,0.029699057340621948,-0.17526966333389282,-0.16534656286239624,-0.35053378343582153,0.009923100471496582,-2.7846179008483887,-2.7786808013916016,-1.4535398483276367,0.005937099456787109,-0.06941258907318115,-0.06447132676839828,-0.7738239765167236,0.004941262304782867,2.5085911750793457,2.534693717956543,-0.37306928634643555,0.026102542877197266,0.6028434634208679,0.5850581526756287,0.128350168466568,0.017785310745239258,1.0167711973190308,1.0,1.3753832578659058,0.01677119731903076
14,mid_50pct,102,3008,205,0.01833982765674591,0.13775569200515747,0.0797223225235939,-0.9962154626846313,-1.0,0.0037845373153686523,True,-1.0,True,0.020181655883789062,0.02049112506210804,0.04433656483888626,0.06334078311920166,0.06261125952005386,0.0190042182803154,0.13727015256881714,0.057547830045223236,0.32583314180374146,0.0797223225235939,-0.22757884860038757,-0.2532496154308319,-0.6972764134407043,0.025670766830444336,-2.7662553787231445,-2.7770321369171143,-1.364108681678772,0.010776758193969727,0.0769847184419632,0.00856606662273407,-0.08085083961486816,0.06841865181922913,2.8847951889038086,2.8224122524261475,1.1901251077651978,0.06238293647766113,0.870688796043396,0.9246513247489929,0.7200674414634705,0.053962528705596924,-0.9962154626846313,-1.0,-0.7325109243392944,0.0037845373153686523
14,late_80pct,163,3069,205,0.01833982765674591,0.03318589925765991,0.024552345275878906,-1.0263073444366455,-1.0,0.026307344436645508,True,-1.0,True,0.020084675401449203,0.020596422255039215,0.2132187783718109,0.20358848571777344,1.1552560329437256,0.009630292654037476,0.009316831827163696,0.02011420577764511,-0.26089876890182495,0.010797373950481415,-0.04462168365716934,-0.05192609131336212,0.5154944062232971,0.0073044076561927795,-2.281179904937744,-2.277022361755371,0.99835604429245,0.004157543182373047,0.00827719271183014,-0.005157234147191048,-0.40607860684394836,0.013434426859021187,2.271052360534668,2.277219772338867,-1.3600847721099854,0.006167411804199219,1.3017289638519287,1.2771766185760498,1.6723110675811768,0.024552345275878906,-1.0263073444366455,-1.0,-0.7640215754508972,0.026307344436645508
15,early_20pct,41,3152,206,0.01833982765674591,0.04734300822019577,0.04322153329849243,1.006964087486267,1.0,0.00696408748626709,True,1.0,True,0.03999999910593033,0.039998844265937805,-0.0008269175887107849,0.0015513235703110695,-0.2295902520418167,0.0023782411590218544,0.08922351896762848,0.08983881771564484,0.10551458597183228,0.0006152987480163574,-0.25048792362213135,-0.24364392459392548,-0.8491342067718506,0.006843999028205872,-2.419234275817871,-2.4263994693756104,0.32598939538002014,0.007165193557739258,0.12293930351734161,0.11074327677488327,0.1366756409406662,0.012196026742458344,2.6181859970092773,2.6291542053222656,0.0823172852396965,0.010968208312988281,0.3063299357891083,0.3495514690876007,-0.5267002582550049,0.04322153329849243,1.006964087486267,1.0,1.3651137351989746,0.00696408748626709
15,mid_50pct,102,3213,206,0.01833982765674591,0.0735655128955841,0.05203083157539368,-1.0077580213546753,-1.0,0.007758021354675293,True,-1.0,True,0.020018648356199265,0.020490892231464386,-0.11023882031440735,-0.09440484642982483,-0.9374702572822571,0.01583397388458252,0.3956538736820221,0.3436230421066284,1.5106557607650757,0.05203083157539368,-0.09192730486392975,-0.12206947803497314,0.20191892981529236,0.030142173171043396,-2.3928914070129395,-2.3984947204589844,0.45428720116615295,0.005603313446044922,0.2544451057910919,0.23928917944431305,0.7591596245765686,0.01515592634677887,2.864288330078125,2.83081316947937,1.1049156188964844,0.03347516059875488,0.0449957549571991,0.057791292667388916,-1.104033350944519,0.01279553771018982,-1.0077580213546753,-1.0,-0.7445976734161377,0.007758021354675293
15,late_80pct,164,3275,206,0.01833982765674591,0.03296467289328575,0.024558784440159798,-0.993309497833252,-1.0,0.006690502166748047,True,-1.0,True,0.020037513226270676,0.02046952024102211,0.19939036667346954,0.19957153499126434,1.0657880306243896,0.0001811683177947998,0.0290851891040802,0.0045264046639204025,-0.17025065422058105,0.024558784440159798,0.02655741572380066,0.030263934284448624,0.9873204231262207,0.0037065185606479645,-2.316821336746216,-2.3132593631744385,0.8247718214988708,0.0035619735717773438,-0.012795962393283844,-0.018323365598917007,-0.5058286190032959,0.0055274032056331635,2.4327049255371094,2.4148519039154053,-0.6883902549743652,0.0178530216217041,0.718494176864624,0.7288765907287598,0.38384291529655457,0.010382413864135742,-0.993309497833252,-1.0,-0.7294678688049316,0.006690502166748047
16,early_20pct,42,3359,209,0.01759987883269787,0.025557031854987144,0.016005516052246094,1.011984944343567,1.0,0.011984944343566895,True,1.0,True,0.03999999910593033,0.03999897465109825,-0.05606074631214142,-0.05036687105894089,-0.5869455337524414,0.005693875253200531,-0.2087559700012207,-0.1945355236530304,-1.2608749866485596,0.014220446348190308,-0.277191162109375,-0.2704753577709198,-1.0261424779891968,0.0067158043384552,-2.777364730834961,-2.776022434234619,-1.4182147979736328,0.0013422966003417969,-0.019620433449745178,-0.020829081535339355,-0.5381323099136353,0.0012086480855941772,2.6362357139587402,2.6522412300109863,0.1573164165019989,0.016005516052246094,0.44291257858276367,0.45358869433403015,-0.2249651998281479,0.01067611575126648,1.011984944343567,1.0,1.3703713417053223,0.011984944343566895
16,mid_50pct,104,3421,209,0.01759987883269787,0.07258190214633942,0.05910107493400574,-0.9900721311569214,-1.0,0.009927868843078613,True,-1.0,True,0.020144706591963768,0.020542960613965988,0.06804701685905457,0.06385748088359833,0.21601460874080658,0.004189535975456238,0.10209037363529205,0.07523509114980698,0.16451576352119446,0.026855282485485077,-0.31504982709884644,-0.32313406467437744,-1.2770965099334717,0.008084237575531006,-2.76975679397583,-2.771242380142212,-1.3811618089675903,0.001485586166381836,0.3178313076496124,0.2587302327156067,1.0591988563537598,0.05910107493400574,2.927234172821045,2.9087026119232178,1.3664677143096924,0.01853156089782715,0.40070825815200806,0.42571738362312317,-0.31820201873779297,0.025009125471115112,-0.9900721311569214,-1.0,-0.7260779142379761,0.009927868843078613
16,late_80pct,166,3483,209,0.01759987883269787,0.01510474644601345,0.008577823638916016,-1.00935959815979,-1.0,0.009359598159790039,True,-1.0,True,0.020128190517425537,0.020560992881655693,0.2309986799955368,0.23130807280540466,1.2702895402908325,0.0003093928098678589,-0.04405359923839569,-0.050633661448955536,-0.5056297183036804,0.006580062210559845,0.04670816659927368,0.04222233593463898,1.120893955230713,0.004485830664634705,-2.3881630897521973,-2.394634962081909,0.47731584310531616,0.006471872329711914,0.0017516016960144043,-0.0037637539207935333,-0.43696755170822144,0.005515355616807938,2.417163372039795,2.4214940071105957,-0.7529675960540771,0.004330635070800781,1.214712381362915,1.206134557723999,1.4800761938095093,0.008577823638916016,-1.00935959815979,-1.0,-0.7462747693061829,0.009359598159790039
17,early_20pct,41,3567,207,0.01759987883269787,0.07127668708562851,0.06411522626876831,1.0063385963439941,1.0,0.006338596343994141,True,1.0,True,0.03999999910593033,0.039999205619096756,-0.06899687647819519,-0.07203832268714905,-0.6706405282020569,0.0030414462089538574,-0.2569243013858795,-0.23544596135616302,-1.481751561164856,0.02147834002971649,-0.20354069769382477,-0.19647589325904846,-0.537934422492981,0.007064804434776306,-2.8103270530700684,-2.8136847019195557,-1.5787519216537476,0.0033576488494873047,-0.052091240882873535,-0.04997454956173897,-0.6918331980705261,0.0021166913211345673,2.61867094039917,2.639488458633423,0.08433191478252411,0.02081751823425293,0.49787086248397827,0.5619860887527466,-0.10355273634195328,0.06411522626876831,1.0063385963439941,1.0,1.3644587993621826,0.006338596343994141
17,mid_50pct,103,3629,207,0.01759987883269787,0.3331618905067444,0.1883542537689209,-1.0069797039031982,-1.0,0.006979703903198242,True,-1.0,True,0.020251164212822914,0.020664889365434647,0.008187703788280487,0.07701250165700912,-0.17126689851284027,0.06882479786872864,0.16659137606620789,0.02544625848531723,0.46028614044189453,0.14114511013031006,-0.18663616478443146,-0.31017231941223145,-0.4258790910243988,0.12353615462779999,-2.825004816055298,-2.8386788368225098,-1.6502364873886108,0.013674020767211914,0.23235797882080078,0.04400372505187988,0.6546100378036499,0.1883542537689209,3.069532871246338,2.9565815925598145,1.9577431678771973,0.11295127868652344,0.3862498998641968,0.5367642641067505,-0.3501430153846741,0.1505143642425537,-1.0069797039031982,-1.0,-0.743782639503479,0.006979703903198242
17,late_80pct,165,3691,207,0.01759987883269787,0.040472082793712616,0.029103122651576996,-1.0053918361663818,-1.0,0.005391836166381836,True,-1.0,True,0.02023952640593052,0.020677393302321434,0.2191481739282608,0.2161412239074707,1.1936184167861938,0.0030069500207901,-0.03624057024717331,-0.0653436928987503,-0.46980294585227966,0.029103122651576996,0.06949518620967865,0.06807906180620193,1.2719426155090332,0.001416124403476715,-2.4251787662506104,-2.450409412384033,0.29703763127326965,0.02523064613342285,-0.059365347027778625,-0.06321394443511963,-0.7262652516365051,0.0038485974073410034,2.4652645587921143,2.463416337966919,-0.5530985593795776,0.0018482208251953125,1.1539515256881714,1.1427650451660156,1.3458446264266968,0.011186480522155762,-1.0053918361663818,-1.0,-0.7421199679374695,0.005391836166381836
18,early_20pct,41,3774,207,0.01759987883269787,0.031377095729112625,0.026015281677246094,0.9894781112670898,1.0,0.010521888732910156,True,1.0,True,0.03999999910593033,0.039999447762966156,-0.010153386741876602,-0.005422692280262709,-0.2899312376976013,0.0047306944616138935,-0.13068106770515442,-0.13222607970237732,-0.9028612971305847,0.0015450119972229004,-0.17214521765708923,-0.15702398121356964,-0.32982268929481506,0.015121236443519592,-2.6754400730133057,-2.6710970401763916,-0.9218112230300903,0.0043430328369140625,0.05292297527194023,0.04815622791647911,-0.19474735856056213,0.004766747355461121,2.5879998207092285,2.584432601928711,-0.04311186075210571,0.003567218780517578,0.48151713609695435,0.5075324177742004,-0.13968095183372498,0.026015281677246094,0.9894781112670898,1.0,1.3468034267425537,0.010521888732910156
18,mid_50pct,103,3836,207,0.01759987883269787,0.04410640150308609,0.026837259531021118,-1.0011045932769775,-1.0,0.001104593276977539,True,-1.0,True,0.02007920667529106,0.020557478070259094,-0.1053839772939682,-0.09838418662548065,-0.9060600996017456,0.006999790668487549,0.1642145812511444,0.14515675604343414,0.44938725233078003,0.019057825207710266,-0.02979106456041336,-0.03129030764102936,0.6138023734092712,0.0014992430806159973,-2.6570491790771484,-2.658351421356201,-0.8322417140007019,0.0013022422790527344,0.23028525710105896,0.2122810333967209,0.644798755645752,0.018004223704338074,2.8553078174591064,2.8332886695861816,1.067600131034851,0.022019147872924805,-0.08475160598754883,-0.05791434645652771,-1.3906680345535278,0.026837259531021118,-1.0011045932769775,-1.0,-0.7376305460929871,0.001104593276977539
18,late_80pct,165,3898,207,0.14207914471626282,0.03248583897948265,0.02333078533411026,-1.012900710105896,-1.0,0.012900710105895996,True,-1.0,True,0.020099706947803497,0.020535694435238838,0.082901731133461,0.08888163417577744,0.3121225833892822,0.005979903042316437,0.0013438239693641663,-0.021986961364746094,-0.29745912551879883,0.02333078533411026,0.20507310330867767,0.20975007116794586,2.170650005340576,0.0046769678592681885,-2.3524515628814697,-2.364171028137207,0.651241660118103,0.011719465255737305,0.07099820673465729,0.06766435503959656,-0.10918806493282318,0.00333385169506073,2.408372163772583,2.3931548595428467,-0.7894970774650574,0.015217304229736328,0.5085521936416626,0.5171163082122803,-0.07995578646659851,0.008564114570617676,-1.012900710105896,-1.0,-0.7499828338623047,0.012900710105895996
19,early_20pct,48,3988,243,0.14207914471626282,0.033045485615730286,0.026843547821044922,1.0019258260726929,1.0,0.001925826072692871,True,1.0,True,0.03999999910593033,0.03999953716993332,-0.005660939961671829,0.00020440760999917984,-0.260865718126297,0.005865347571671009,-0.22589582204818726,-0.21657465398311615,-1.3394700288772583,0.009321168065071106,-0.1796993613243103,-0.1712152510881424,-0.37989699840545654,0.008484110236167908,-2.8781790733337402,-2.8673970699310303,-1.9092122316360474,0.010782003402709961,0.05369739234447479,0.05554421246051788,-0.19108165800571442,0.0018468201160430908,2.7875306606292725,2.7798821926116943,0.7859745621681213,0.007648468017578125,0.6024152040481567,0.6292587518692017,0.12740400433540344,0.026843547821044922,1.0019258260726929,1.0,1.3598380088806152,0.001925826072692871
19,mid_50pct,121,4061,243,0.14207914471626282,0.11822440475225449,0.08727610111236572,-0.9722074270248413,-1.0,0.02779257297515869,True,-1.0,True,0.01999942772090435,0.020870694890618324,-0.5746234655380249,-0.6254153251647949,-3.9419751167297363,0.05079185962677002,0.3582836389541626,0.3893836736679077,1.3392939567565918,0.031100034713745117,0.21798790991306305,0.23158377408981323,2.256258487701416,0.013595864176750183,-2.688713550567627,-2.6936326026916504,-0.9864570498466492,0.0049190521240234375,-0.26827314496040344,-0.35554924607276917,-1.7151323556900024,0.08727610111236572,3.9003541469573975,3.898393392562866,5.409954071044922,0.00196075439453125,-1.4402835369110107,-1.3892935514450073,-4.3852763175964355,0.05098998546600342,-0.9722074270248413,-1.0,-0.7073709964752197,0.02779257297515869
19,late_80pct,194,4134,243,0.14207914471626282,0.2732544541358948,0.2516072988510132,-0.9558265209197998,-1.0,0.044173479080200195,True,-1.0,True,0.020277870818972588,0.02057710476219654,-0.5941109657287598,-0.583423376083374,-4.068056583404541,0.010687589645385742,0.6080088019371033,0.5340139269828796,2.484412431716919,0.07399487495422363,1.0581097602844238,1.058706521987915,7.8251872062683105,0.0005967617034912109,-2.3777005672454834,-2.4364538192749023,0.528271496295929,0.058753252029418945,-2.586923360824585,-2.5810110569000244,-12.690485954284668,0.005912303924560547,1.7266623973846436,1.77446448802948,-3.6221227645874023,0.047802090644836426,0.04934307932853699,-0.2022642344236374,-1.09442937374115,0.2516072988510132,-0.9558265209197998,-1.0,-0.6902176737785339,0.044173479080200195
20,early_20pct,42,4225,210,0.14207914471626282,0.02332131750881672,0.017698019742965698,1.0129733085632324,1.0,0.012973308563232422,True,1.0,True,0.03999999910593033,0.03999884054064751,-0.07675857096910477,-0.07604796439409256,-0.7208576202392578,0.000710606575012207,-0.15289893746376038,-0.14516466856002808,-1.0047416687011719,0.0077342689037323,-0.3202574551105499,-0.31039726734161377,-1.3116165399551392,0.009860187768936157,-2.7020888328552246,-2.69791841506958,-1.051598310470581,0.004170417785644531,0.017213501036167145,0.011475414037704468,-0.3637785017490387,0.005738086998462677,2.6336309909820557,2.6384057998657227,0.1464933305978775,0.004774808883666992,0.3070726990699768,0.3247707188129425,-0.5250593423843384,0.017698019742965698,1.0129733085632324,1.0,1.3714063167572021,0.012973308563232422
20,mid_50pct,104,4287,210,0.14207914471626282,0.17716960608959198,0.089315265417099,-0.9982815980911255,-1.0,0.0017184019088745117,True,-1.0,True,0.020123479887843132,0.020706238225102425,-0.2575691342353821,-0.19906951487064362,-1.8906769752502441,0.058499619364738464,0.26251739263534546,0.19056716561317444,0.9001563191413879,0.07195022702217102,-0.031045757234096527,-0.1075344830751419,0.6054853796958923,0.07648872584104538,-2.6584925651550293,-2.6723992824554443,-0.8392708897590637,0.013906717300415039,0.5088083744049072,0.42831626534461975,1.9631906747817993,0.08049210906028748,2.9855799674987793,2.9377269744873047,1.6089040040969849,0.04785299301147461,-0.4718732237815857,-0.3825579583644867,-2.2458877563476562,0.089315265417099,-0.9982815980911255,-1.0,-0.7346745133399963,0.0017184019088745117
20,late_80pct,167,4350,210,0.14207914471626282,0.028247464448213577,0.019018184393644333,-1.0084598064422607,-1.0,0.008459806442260742,True,-1.0,True,0.020198680460453033,0.020622601732611656,0.05669534578919411,0.05905813351273537,0.1425708830356598,0.0023627877235412598,0.004345830529928207,-0.014672353863716125,-0.2836933732032776,0.019018184393644333,0.22835440933704376,0.22310829162597656,2.32497501373291,0.0052461177110672,-2.3775064945220947,-2.379774808883667,0.5292164087295532,0.0022683143615722656,0.007897384464740753,0.011511829681694508,-0.40787646174430847,0.0036144452169537544,2.490469217300415,2.473299264907837,-0.4483693838119507,0.017169952392578125,0.6154096126556396,0.6059171557426453,0.1561110019683838,0.009492456912994385,-1.0084598064422607,-1.0,-0.7453325390815735,0.008459806442260742
21,early_20pct,39,4432,197,0.14207914471626282,0.025882244110107422,0.024159759283065796,1.008955717086792,1.0,0.008955717086791992,True,1.0,True,0.03999999910593033,0.03999858349561691,-0.060733482241630554,-0.054349496960639954,-0.6171774864196777,0.006383985280990601,0.04125314950942993,0.04378856346011162,-0.11445426940917969,0.0025354139506816864,-0.3075144588947296,-0.30691152811050415,-1.227146863937378,0.0006029307842254639,-2.436192274093628,-2.432217597961426,0.24339938163757324,0.0039746761322021484,0.13738691806793213,0.13261067867279053,0.20506353676319122,0.0047762393951416016,2.5080983638763428,2.508295774459839,-0.37511658668518066,0.00019741058349609375,0.2408139705657959,0.2649737298488617,-0.6714365482330322,0.024159759283065796,1.008955717086792,1.0,1.3671993017196655,0.008955717086791992
21,mid_50pct,98,4491,197,0.013279593549668789,0.017428670078516006,0.01058650016784668,-1.00621497631073,-1.0,0.0062149763107299805,True,-1.0,True,0.01990579068660736,0.020598137751221657,-0.20117880403995514,-0.19852663576602936,-1.5258394479751587,0.0026521682739257812,0.3270930051803589,0.3314647674560547,1.196268916130066,0.004371762275695801,-0.13163453340530396,-0.13943317532539368,-0.06128894165158272,0.007798641920089722,-2.3948044776916504,-2.394922971725464,0.4449695944786072,0.00011849403381347656,0.3156614601612091,0.3169967532157898,1.048927903175354,0.0013352930545806885,2.7014617919921875,2.712048292160034,0.4283425211906433,0.01058650016784668,-0.29815202951431274,-0.2880069613456726,-1.8621070384979248,0.010145068168640137,-1.00621497631073,-1.0,-0.7429819107055664,0.0062149763107299805
21,late_80pct,157,4550,197,0.013279593549668789,0.03145679086446762,0.01986527442932129,-1.0011029243469238,-1.0,0.0011029243469238281,True,-1.0,True,0.020027311518788338,0.02047504298388958,0.098028264939785,0.1017632782459259,0.40998920798301697,0.0037350133061408997,0.09686034917831421,0.08272163569927216,0.14053338766098022,0.014138713479042053,0.025587931275367737,0.03376130759716034,0.9808939099311829,0.008173376321792603,-2.2031562328338623,-2.203680992126465,1.3783557415008545,0.0005247592926025391,0.10120008140802383,0.09868822246789932,0.0337727889418602,0.0025118589401245117,2.337008476257324,2.317143201828003,-1.0860254764556885,0.01986527442932129,0.3791126608848572,0.39665284752845764,-0.36591047048568726,0.017540186643600464,-1.0011029243469238,-1.0,-0.7376288175582886,0.0011029243469238281
22,early_20pct,41,4631,208,0.013279593549668789,0.04054906964302063,0.03509083390235901,1.0057135820388794,1.0,0.0057135820388793945,True,1.0,True,0.03999999910593033,0.03999950736761093,-0.011614672839641571,-0.0044776927679777145,-0.29938554763793945,0.0071369800716638565,0.04468648135662079,0.03167411684989929,-0.09871067106723785,0.013012364506721497,-0.21319293975830078,-0.20626279711723328,-0.6019164323806763,0.006930142641067505,-2.4220519065856934,-2.43176007270813,0.3122670352458954,0.009708166122436523,0.06292054802179337,0.0575045645236969,-0.14742374420166016,0.005415983498096466,2.487484931945801,2.482903003692627,-0.4607691466808319,0.004581928253173828,0.49433061480522156,0.5294214487075806,-0.11137375980615616,0.03509083390235901,1.0057135820388794,1.0,1.3638043403625488,0.0057135820388793945
22,mid_50pct,104,4694,208,0.013279593549668789,0.07597330957651138,0.056180089712142944,-1.0061781406402588,-1.0,0.006178140640258789,True,-1.0,True,0.020089777186512947,0.02045806311070919,-0.016051411628723145,-0.006616111844778061,-0.328090637922287,0.009435299783945084,0.35497036576271057,0.2987902760505676,1.3241009712219238,0.056180089712142944,-0.1598488986492157,-0.17881056666374207,-0.24831396341323853,0.018961668014526367,-2.4233105182647705,-2.4367995262145996,0.30613717436790466,0.013489007949829102,0.1804712414741516,0.16008901596069336,0.40900367498397827,0.020382225513458252,2.822496175765991,2.783186912536621,0.9312620162963867,0.03930926322937012,0.4278690814971924,0.43282535672187805,-0.25819897651672363,0.004956275224685669,-1.0061781406402588,-1.0,-0.742943286895752,0.006178140640258789
22,late_80pct,166,4756,208,0.013279593549668789,0.036173734813928604,0.027795791625976562,-1.002690315246582,-1.0,0.0026903152465820312,True,-1.0,True,0.020038925111293793,0.02051565609872341,0.2477118968963623,0.24875274300575256,1.3784217834472656,0.0010408461093902588,0.10877270996570587,0.09778336435556412,0.1951577365398407,0.010989345610141754,-0.03409901261329651,-0.03403008356690407,0.585246205329895,6.89290463924408e-05,-2.1920361518859863,-2.1720075607299805,1.4325133562088013,0.02002859115600586,-0.01586933434009552,-0.017932962626218796,-0.520376443862915,0.0020636282861232758,2.3426432609558105,2.314847469329834,-1.0626119375228882,0.027795791625976562,0.9799989461898804,0.9829444885253906,0.9615527987480164,0.002945542335510254,-1.002690315246582,-1.0,-0.7392910122871399,0.0026903152465820312
23,early_20pct,41,4839,208,0.013279593549668789,0.049548935145139694,0.03226304054260254,0.9968711137771606,1.0,0.0031288862228393555,True,1.0,True,0.03999999910593033,0.03999908268451691,-0.01191498339176178,-0.008335266262292862,-0.30132851004600525,0.003579717129468918,-0.14729878306388855,-0.11990988999605179,-0.9790621399879456,0.02738889306783676,-0.21719172596931458,-0.21114154160022736,-0.6284232139587402,0.006050184369087219,-2.654919385910034,-2.6534993648529053,-0.8218685984611511,0.0014200210571289062,-0.017499379813671112,-0.020404543727636337,-0.5280922651290894,0.0029051639139652252,2.5814905166625977,2.6137535572052,-0.07015951722860336,0.03226304054260254,0.44558900594711304,0.470168799161911,-0.21905256807804108,0.024579793214797974,0.9968711137771606,1.0,1.354544997215271,0.0031288862228393555
23,mid_50pct,104,4902,208,0.013279593549668789,0.08918900787830353,0.062285393476486206,-1.0050729513168335,-1.0,0.005072951316833496,True,-1.0,True,0.01991398259997368,0.020400062203407288,-0.16967661678791046,-0.15351969003677368,-1.3220245838165283,0.01615692675113678,0.25148963928222656,0.18920424580574036,0.8495883941650391,0.062285393476486206,-0.012023136019706726,-0.031146302819252014,0.731580913066864,0.019123166799545288,-2.6334714889526367,-2.6385929584503174,-0.7174115180969238,0.005121469497680664,0.25730085372924805,0.23415982723236084,0.7726773619651794,0.023141026496887207,2.932018995285034,2.8829195499420166,1.3863492012023926,0.04909944534301758,-0.06240189075469971,-0.04058503359556198,-1.3412935733795166,0.021816857159137726,-1.0050729513168335,-1.0,-0.741786003112793,0.005072951316833496
23,late_80pct,166,4964,208,0.013279593549668789,0.045072413980960846,0.028782237321138382,-1.011767029762268,-1.0,0.011767029762268066,True,-1.0,True,0.019937587901949883,0.020373525097966194,0.04962785542011261,0.06286995112895966,0.09684518724679947,0.013242095708847046,-0.024822130799293518,-0.0536043681204319,-0.41744351387023926,0.028782237321138382,0.21915023028850555,0.2235839068889618,2.263963222503662,0.004433676600456238,-2.371107578277588,-2.375788927078247,0.5603813529014587,0.00468134880065918,0.05164652690291405,0.05106665566563606,-0.2007894366979599,0.0005798712372779846,2.4214978218078613,2.39673113822937,-0.7349578142166138,0.02476668357849121,0.5956294536590576,0.6149285435676575,0.1124132052063942,0.019299089908599854,-1.011767029762268,-1.0,-0.748795747756958,0.011767029762268066
24,early_20pct,41,5047,208,0.01627863384783268,0.0435885526239872,0.03319591283798218,1.0111812353134155,1.0,0.011181235313415527,True,1.0,True,0.03999999910593033,0.03999941423535347,0.008234839886426926,0.013579246588051319,-0.17096193134784698,0.0053444067016243935,0.07610157132148743,0.09016955643892288,0.045343682169914246,0.014067985117435455,-0.20002344250679016,-0.1963798701763153,-0.5146195888519287,0.0036435723304748535,-2.390641212463379,-2.4020416736602783,0.46524617075920105,0.011400461196899414,0.04036659002304077,0.042516034096479416,-0.2541831433773041,0.0021494440734386444,2.498216390609741,2.518799304962158,-0.416177898645401,0.020582914352416992,0.5274895429611206,0.4942936301231384,-0.03811982274055481,0.03319591283798218,1.0111812353134155,1.0,1.3695297241210938,0.011181235313415527
24,mid_50pct,104,5110,208,0.01627863384783268,0.014735544100403786,0.0100640207529068,-1.0084185600280762,-1.0,0.008418560028076172,True,-1.0,True,0.020124079659581184,0.020436938852071762,0.054037220776081085,0.05187426507472992,0.12537318468093872,0.0021629557013511658,0.30266061425209045,0.2963217496871948,1.0842337608337402,0.00633886456489563,-0.22508463263511658,-0.21707922220230103,-0.6807429790496826,0.008005410432815552,-2.390876054763794,-2.3899574279785156,0.46410220861434937,0.0009186267852783203,0.21009397506713867,0.20002995431423187,0.5492231249809265,0.0100640207529068,2.7233593463897705,2.7211854457855225,0.5193307995796204,0.002173900604248047,0.7212658524513245,0.7201100587844849,0.3899660110473633,0.0011557936668395996,-1.0084185600280762,-1.0,-0.7452893257141113,0.008418560028076172
24,late_80pct,166,5172,208,0.01627863384783268,0.060046665370464325,0.04801011085510254,-1.0003957748413086,-1.0,0.00039577484130859375,True,-1.0,True,0.020036857575178146,0.02053104154765606,0.3283124566078186,0.3299022912979126,1.8998961448669434,0.0015898346900939941,0.22027042508125305,0.1957637369632721,0.7064321637153625,0.024506688117980957,-0.07944756746292114,-0.07857153564691544,0.28464359045028687,0.0008760318160057068,-2.0847721099853516,-2.064558982849121,1.9549219608306885,0.02021312713623047,0.01739358901977539,0.020226508378982544,-0.36292606592178345,0.0028329193592071533,2.3536691665649414,2.305659055709839,-1.0167977809906006,0.04801011085510254,1.3116254806518555,1.2948874235153198,1.69417405128479,0.016738057136535645,-1.0003957748413086,-1.0,-0.7368883490562439,0.00039577484130859375
25,early_20pct,41,5255,206,0.01627863384783268,0.0198836512863636,0.012601375579833984,1.0080759525299072,1.0,0.008075952529907227,True,1.0,True,0.03999999910593033,0.03999890387058258,-0.06590695679187775,-0.0609697587788105,-0.6506491899490356,0.0049371980130672455,0.017803285270929337,0.02077401429414749,-0.22198399901390076,0.002970729023218155,-0.2723577916622162,-0.2672790586948395,-0.9941032528877258,0.005078732967376709,-2.483882188796997,-2.493041753768921,0.011134669184684753,0.009159564971923828,0.07876542210578918,0.0745595172047615,-0.07242187112569809,0.0042059049010276794,2.5180721282958984,2.5267889499664307,-0.3336741626262665,0.008716821670532227,0.37214040756225586,0.38474178314208984,-0.38131338357925415,0.012601375579833984,1.0080759525299072,1.0,1.366278052330017,0.008075952529907227
25,mid_50pct,102,5316,206,0.01627863384783268,0.04061484336853027,0.02611684799194336,-0.9926131963729858,-1.0,0.00738680362701416,True,-1.0,True,0.019978264346718788,0.020462818443775177,-0.18713244795799255,-0.19411516189575195,-1.4349614381790161,0.006982713937759399,0.23999005556106567,0.2659396231174469,0.7968568801879883,0.025949567556381226,-0.11995967477560043,-0.10859892517328262,0.016100378707051277,0.01136074960231781,-2.4820871353149414,-2.479264736175537,0.0198773555457592,0.002822399139404297,0.2554015815258026,0.26106417179107666,0.7636871337890625,0.005662590265274048,2.7256345748901367,2.75175142288208,0.5287847518920898,0.02611684799194336,-0.0962686538696289,-0.10500020533800125,-1.4161112308502197,0.008731551468372345,-0.9926131963729858,-1.0,-0.7287388443946838,0.00738680362701416
25,late_80pct,164,5378,206,0.01627863384783268,0.03314267843961716,0.01983356475830078,-0.9971326589584351,-1.0,0.0028673410415649414,True,-1.0,True,0.020002884790301323,0.02043989673256874,0.076070636510849,0.07434409856796265,0.2679263651371002,0.0017265379428863525,0.08518179506063461,0.08579730242490768,0.08698120713233948,0.0006155073642730713,0.09735426306724548,0.09863364696502686,1.456612467765808,0.001279383897781372,-2.235661268234253,-2.215827703475952,1.2200466394424438,0.01983356475830078,0.07442069053649902,0.06545406579971313,-0.09298773109912872,0.008966624736785889,2.362579584121704,2.3430938720703125,-0.9797729849815369,0.0194857120513916,0.5437312126159668,0.559222400188446,-0.0022391527891159058,0.015491187572479248,-0.9971326589584351,-1.0,-0.7334713339805603,0.0028673410415649414
26,early_20pct,40,5460,200,0.01627863384783268,0.07901023328304291,0.07670468091964722,1.0321440696716309,1.0,0.03214406967163086,True,1.0,True,0.03999999910593033,0.03999929502606392,-0.035449087619781494,-0.02856684848666191,-0.4535909593105316,0.006882239133119583,0.0937155932188034,0.09873400628566742,0.12611307203769684,0.005018413066864014,-0.2614847421646118,-0.25706660747528076,-0.9220290184020996,0.004418134689331055,-2.3567469120025635,-2.365051746368408,0.6303226351737976,0.008304834365844727,0.10739567130804062,0.10334973782300949,0.06309967488050461,0.004045933485031128,2.463792324066162,2.4772682189941406,-0.5592162609100342,0.013475894927978516,0.30734777450561523,0.38405245542526245,-0.524451732635498,0.07670468091964722,1.0321440696716309,1.0,1.3914809226989746,0.03214406967163086
26,mid_50pct,100,5520,200,0.01627863384783268,0.040226008743047714,0.029966354370117188,-1.002542495727539,-1.0,0.0025424957275390625,True,-1.0,True,0.01993739977478981,0.02052648738026619,-0.14833082258701324,-0.15086729824543,-1.1839202642440796,0.002536475658416748,0.33969658613204956,0.3621125817298889,1.2540627717971802,0.022415995597839355,-0.1208675429224968,-0.1171407699584961,0.010082349181175232,0.003726772964000702,-2.3464722633361816,-2.3427820205688477,0.6803621649742126,0.0036902427673339844,0.18022045493125916,0.1875935196876526,0.4078165590763092,0.007373064756393433,2.6799211502075195,2.7098875045776367,0.33883780241012573,0.029966354370117188,-0.09665089845657349,-0.08527681231498718,-1.4169557094573975,0.011374086141586304,-1.002542495727539,-1.0,-0.7391362190246582,0.0025424957275390625
26,late_80pct,159,5579,200,0.02760407328605652,0.034105416387319565,0.024102335795760155,-1.0043715238571167,-1.0,0.004371523857116699,True,-1.0,True,0.020007317885756493,0.02045471780002117,0.0985647439956665,0.10498533397912979,0.4134601652622223,0.006420589983463287,0.005798544734716415,-0.01830379106104374,-0.27703192830085754,0.024102335795760155,0.04989410936832428,0.05563921481370926,1.1420127153396606,0.005745105445384979,-2.297980546951294,-2.314157724380493,0.916532576084137,0.01617717742919922,0.04466564953327179,0.04213033989071846,-0.23383349180221558,0.0025353096425533295,2.3221487998962402,2.3120126724243164,-1.1477701663970947,0.010136127471923828,0.46123409271240234,0.4729454815387726,-0.18448977172374725,0.01171138882637024,-1.0043715238571167,-1.0,-0.7410515546798706,0.004371523857116699
27,early_20pct,40,5660,200,0.02760407328605652,0.02266908623278141,0.01816236972808838,0.9918893575668335,1.0,0.008110642433166504,True,1.0,True,0.03999999910593033,0.039999622851610184,-0.015211626887321472,-0.0040911175310611725,-0.32265734672546387,0.0111205093562603,-0.332275927066803,-0.3277638256549835,-1.827277660369873,0.004512101411819458,-0.1907234489917755,-0.1855282038450241,-0.4529724717140198,0.005195245146751404,-2.8446874618530273,-2.8444137573242188,-1.7460978031158447,0.00027370452880859375,-0.061230629682540894,-0.06413894146680832,-0.7350946068763733,0.0029083117842674255,2.570817708969116,2.568704128265381,-0.11450639367103577,0.0021135807037353516,0.5924773216247559,0.6106396913528442,0.10544949769973755,0.01816236972808838,0.9918893575668335,1.0,1.3493282794952393,0.008110642433166504
27,mid_50pct,100,5720,200,0.02760407328605652,0.1001274362206459,0.05243606120347977,-0.9873998165130615,-1.0,0.012600183486938477,True,-1.0,True,0.020055335015058517,0.02057899720966816,0.023348592221736908,0.07072021067142487,-0.07317803055047989,0.04737161844968796,0.21675318479537964,0.17607349157333374,0.6903039216995239,0.0406796932220459,-0.10920905321836472,-0.16164511442184448,0.08736316859722137,0.05243606120347977,-2.822157144546509,-2.8278961181640625,-1.636367678642273,0.005738973617553711,0.33188411593437195,0.3032602071762085,1.1257179975509644,0.028623908758163452,3.1232123374938965,3.078172445297241,2.1807918548583984,0.04503989219665527,0.45627522468566895,0.4785507619380951,-0.1954447627067566,0.022275537252426147,-0.9873998165130615,-1.0,-0.723279595375061,0.012600183486938477
27,late_80pct,159,5779,200,0.02760407328605652,0.045596130192279816,0.027330398559570312,-0.9886219501495361,-1.0,0.011378049850463867,True,-1.0,True,0.020107153803110123,0.020528458058834076,0.3028140664100647,0.31214335560798645,1.7349250316619873,0.009329289197921753,-0.04614158719778061,-0.04212066903710365,-0.5152041912078857,0.004020918160676956,-0.16809557378292084,-0.1524324268102646,-0.3029788136482239,0.01566314697265625,-2.360280990600586,-2.3377389907836914,0.6131098866462708,0.02254199981689453,-0.04496598243713379,-0.04438922554254532,-0.658105731010437,0.0005767568945884705,2.381906270980835,2.3545758724212646,-0.8994671106338501,0.027330398559570312,1.0384465456008911,1.0602420568466187,1.0906739234924316,0.02179551124572754,-0.9886219501495361,-1.0,-0.7245593667030334,0.011378049850463867
28,early_20pct,40,5860,202,0.02760407328605652,0.043432705104351044,0.040597736835479736,1.0177894830703735,1.0,0.017789483070373535,True,1.0,True,0.03999999910593033,0.03999962657690048,0.00487852469086647,0.013209817931056023,-0.1926768273115158,0.008331293240189552,0.06957778334617615,0.06463298201560974,0.01542876660823822,0.004944801330566406,-0.18031036853790283,-0.17365069687366486,-0.38394713401794434,0.006659671664237976,-2.4344403743743896,-2.440927505493164,0.2519310712814331,0.006487131118774414,0.10912200808525085,0.10508027672767639,0.07127133011817932,0.004041731357574463,2.5467028617858887,2.553152084350586,-0.2147083431482315,0.006449222564697266,0.5346887111663818,0.5752864480018616,-0.02221570909023285,0.040597736835479736,1.0177894830703735,1.0,1.3764495849609375,0.017789483070373535
28,mid_50pct,100,5920,202,0.02760407328605652,0.088202565908432,0.054420292377471924,-0.9967877864837646,-1.0,0.0032122135162353516,True,-1.0,True,0.02027231641113758,0.02058996632695198,-7.100403308868408e-05,0.009558875113725662,-0.22469958662986755,0.009629879146814346,0.3792755901813507,0.3248552978038788,1.435552954673767,0.054420292377471924,-0.1275600790977478,-0.14735421538352966,-0.03428050875663757,0.01979413628578186,-2.4096224308013916,-2.415358066558838,0.3728019595146179,0.005735635757446289,0.29708385467529297,0.2566647529602051,0.9609904885292053,0.04041910171508789,2.811739921569824,2.762158155441284,0.8865678310394287,0.04958176612854004,0.6224995851516724,0.608055591583252,0.17177405953407288,0.01444399356842041,-0.9967877864837646,-1.0,-0.733110249042511,0.0032122135162353516
28,late_80pct,161,5981,202,0.02760407328605652,0.05675419792532921,0.03752005100250244,-1.0062941312789917,-1.0,0.006294131278991699,True,-1.0,True,0.020204877480864525,0.020661985501646996,0.27313417196273804,0.27896156907081604,1.5429004430770874,0.005827397108078003,0.15172874927520752,0.1528458446264267,0.39213326573371887,0.0011170953512191772,-0.02558320015668869,-0.015645746141672134,0.6416950821876526,0.009937454015016556,-2.173902988433838,-2.1403582096099854,1.5208280086517334,0.03354477882385254,0.04973215237259865,0.04803914949297905,-0.20985114574432373,0.0016930028796195984,2.3600573539733887,2.3365795612335205,-0.9902539849281311,0.023477792739868164,1.1697919368743896,1.207311987876892,1.3808387517929077,0.03752005100250244,-1.0062941312789917,-1.0,-0.7430647611618042,0.006294131278991699
29,early_20pct,39,6061,198,0.02760407328605652,0.02119101956486702,0.011715292930603027,1.0090985298156738,1.0,0.009098529815673828,True,1.0,True,0.03999999910593033,0.03999876230955124,-0.049447961151599884,-0.03978484869003296,-0.5441617369651794,0.009663112461566925,0.06144275516271591,0.06831198930740356,-0.021874530240893364,0.006869234144687653,-0.2610781788825989,-0.25811177492141724,-0.9193338751792908,0.0029664039611816406,-2.4098753929138184,-2.4150493144989014,0.37156981229782104,0.005173921585083008,0.08089996129274368,0.07569067180156708,-0.06231801211833954,0.005209289491176605,2.483944892883301,2.494363307952881,-0.4754786491394043,0.010418415069580078,0.3590385913848877,0.3707538843154907,-0.41025760769844055,0.011715292930603027,1.0090985298156738,1.0,1.3673487901687622,0.009098529815673828
29,mid_50pct,98,6120,198,0.023422708734869957,0.04590123891830444,0.03355257585644722,-0.9983584880828857,-1.0,0.0016415119171142578,True,-1.0,True,0.019909219816327095,0.020481370389461517,-0.16500911116600037,-0.15411220490932465,-1.2918264865875244,0.01089690625667572,0.36105647683143616,0.33944448828697205,1.3520089387893677,0.02161198854446411,-0.1077522411942482,-0.1234917864203453,0.09701994806528091,0.015739545226097107,-2.384369373321533,-2.3910515308380127,0.4957922101020813,0.006682157516479492,0.21008872985839844,0.20684681832790375,0.5491982698440552,0.00324191153049469,2.725919008255005,2.7163047790527344,0.5299669504165649,0.009614229202270508,-0.08024817705154419,-0.04669560119509697,-1.3807191848754883,0.03355257585644722,-0.9983584880828857,-1.0,-0.7347549796104431,0.0016415119171142578
29,late_80pct,158,6180,198,0.023422708734869957,0.018746595829725266,0.012111186981201172,-1.0161978006362915,-1.0,0.016197800636291504,True,-1.0,True,0.019963741302490234,0.02042616717517376,0.09049202501773834,0.09357307851314545,0.3612307906150818,0.0030810534954071045,-0.06114991754293442,-0.07140427082777023,-0.5840251445770264,0.010254353284835815,0.05754031240940094,0.06388447433710098,1.1926971673965454,0.006344161927700043,-2.363044500350952,-2.3649351596832275,0.5996513962745667,0.0018906593322753906,0.07174011319875717,0.064972423017025,-0.10567624121904373,0.006767690181732178,2.310495138168335,2.298383951187134,-1.196193814277649,0.012111186981201172,0.523716151714325,0.5230199098587036,-0.04645593464374542,0.0006962418556213379,-1.0161978006362915,-1.0,-0.7534353137016296,0.016197800636291504
30,early_20pct,40,6260,202,0.023422708734869957,0.02267065830528736,0.016463518142700195,1.0265580415725708,1.0,0.0265580415725708,True,1.0,True,0.03999999910593033,0.039999667555093765,-0.03685417026281357,-0.03485293686389923,-0.4626816511154175,0.002001233398914337,-0.003495626151561737,0.0025866255164146423,-0.3196505010128021,0.006082251667976379,-0.16734358668327332,-0.16370786726474762,-0.29799407720565796,0.003635719418525696,-2.498756170272827,-2.5028676986694336,-0.061305806040763855,0.004111528396606445,0.03630262240767479,0.042835138738155365,-0.27341997623443604,0.0065325163304805756,2.534743547439575,2.5512070655822754,-0.2644014060497284,0.016463518142700195,0.5934604406356812,0.5820975303649902,0.10762147605419159,0.011362910270690918,1.0265580415725708,1.0,1.3856315612792969,0.0265580415725708
30,mid_50pct,100,6320,202,0.023422708734869957,0.06624873727560043,0.046810001134872437,-0.9966846704483032,-1.0,0.0033153295516967773,True,-1.0,True,0.01996725983917713,0.02030463144183159,0.008419232442975044,0.018479304388165474,-0.16976892948150635,0.01006007194519043,0.35496076941490173,0.3081507682800293,1.32405686378479,0.046810001134872437,-0.17454175651073456,-0.18586987257003784,-0.3457087278366089,0.011328116059303284,-2.484973907470703,-2.4861741065979004,0.005817314609885216,0.0012001991271972656,0.20489053428173065,0.181692972779274,0.5245925784111023,0.023197561502456665,2.901109218597412,2.8644745349884033,1.2579138278961182,0.03663468360900879,0.715968668460846,0.7066670656204224,0.3782636523246765,0.009301602840423584,-0.9966846704483032,-1.0,-0.7330021858215332,0.0033153295516967773
30,late_80pct,161,6381,202,0.023422708734869957,0.06326109915971756,0.037236928939819336,-1.0076240301132202,-1.0,0.007624030113220215,True,-1.0,True,0.0199007298797369,0.020375914871692657,0.2888253927230835,0.3015744388103485,1.6444202661514282,0.012749046087265015,0.06115053594112396,0.050981923937797546,-0.02321450412273407,0.010168612003326416,-0.04532527178525925,-0.03208903223276138,0.5108305215835571,0.013236239552497864,-2.2753984928131104,-2.238161563873291,1.0265140533447266,0.037236928939819336,-0.038345158100128174,-0.04605541750788689,-0.6267659664154053,0.007710259407758713,2.3797857761383057,2.346146583557129,-0.9082787036895752,0.03363919258117676,1.3085274696350098,1.3398834466934204,1.687329888343811,0.031355977058410645,-1.0076240301132202,-1.0,-0.7444573640823364,0.007624030113220215
31,early_20pct,42,6464,211,0.023422708734869957,0.01601548120379448,0.010254666209220886,1.011096477508545,1.0,0.011096477508544922,True,1.0,True,0.03999999910593033,0.0399988554418087,-0.07458958029747009,-0.06498987227678299,-0.706824541091919,0.009599708020687103,-0.18119144439697266,-0.17093677818775177,-1.1344773769378662,0.010254666209220886,-0.29875266551971436,-0.2960090637207031,-1.1690675020217896,0.0027436017990112305,-2.7167916297912598,-2.7167699337005615,-1.1232054233551025,2.1696090698242188e-05,-0.0268847793340683,-0.026313986629247665,-0.5725181698799133,0.0005707927048206329,2.5593206882476807,2.566070795059204,-0.16227857768535614,0.0067501068115234375,0.46235883235931396,0.45995768904685974,-0.18200500309467316,0.0024011433124542236,1.011096477508545,1.0,1.369441032409668,0.011096477508544922
31,mid_50pct,105,6527,211,0.023422708734869957,0.019847337156534195,0.016300231218338013,-0.991966724395752,-1.0,0.008033275604248047,True,-1.0,True,0.020180875435471535,0.020562343299388885,-0.01122453436255455,-0.01613388955593109,-0.2968614101409912,0.004909355193376541,0.10385534167289734,0.10681324452161789,0.17260906100273132,0.0029579028487205505,-0.30281394720077515,-0.28651371598243713,-1.1959885358810425,0.016300231218338013,-2.733865976333618,-2.7320449352264404,-1.2063627243041992,0.0018210411071777344,0.26841843128204346,0.26605647802352905,0.8253024816513062,0.0023619532585144043,2.857767105102539,2.8668322563171387,1.0778188705444336,0.00906515121459961,0.39242464303970337,0.39035189151763916,-0.33650195598602295,0.002072751522064209,-0.991966724395752,-1.0,-0.7280617952346802,0.008033275604248047
31,late_80pct,168,6590,211,0.023422708734869957,0.03437409922480583,0.022855326533317566,-1.0009593963623047,-1.0,0.0009593963623046875,True,-1.0,True,0.020137624815106392,0.02060871571302414,0.22872072458267212,0.2243010699748993,1.2555514574050903,0.004419654607772827,0.20593082904815674,0.18307550251483917,0.640677809715271,0.022855326533317566,0.014007046818733215,0.015153728425502777,0.9041275978088379,0.0011466816067695618,-2.1048641204833984,-2.0937600135803223,1.8570680618286133,0.011104106903076172,0.018955782055854797,0.01818513311445713,-0.3555314242839813,0.0007706489413976669,2.352553129196167,2.3303112983703613,-1.0214354991912842,0.022241830825805664,1.1739485263824463,1.1695021390914917,1.3900216817855835,0.00444638729095459,-1.0009593963623047,-1.0,-0.7374785542488098,0.0009593963623046875
32,early_20pct,40,6673,203,0.021159691736102104,0.023547088727355003,0.01578354835510254,0.9837793111801147,1.0,0.016220688819885254,True,1.0,True,0.03999999910593033,0.0399993360042572,-0.06189388036727905,-0.056561097502708435,-0.6246851086616516,0.005332782864570618,-0.21350467205047607,-0.20964080095291138,-1.2826502323150635,0.0038638710975646973,-0.19677242636680603,-0.18347597122192383,-0.4930694103240967,0.013296455144882202,-2.701864004135132,-2.7025372982025146,-1.0505032539367676,0.0006732940673828125,-0.044167473912239075,-0.04578813910484314,-0.6543259620666504,0.001620665192604065,2.52881121635437,2.5445947647094727,-0.2890512943267822,0.01578354835510254,0.4818924367427826,0.4909534156322479,-0.13885188102722168,0.009060978889465332,0.9837793111801147,1.0,1.3408359289169312,0.016220688819885254
32,mid_50pct,101,6734,203,0.021159691736102104,0.07670143246650696,0.04631233215332031,-1.0078105926513672,-1.0,0.0078105926513671875,True,-1.0,True,0.020142946392297745,0.020693788304924965,-0.09342668950557709,-0.07522152364253998,-0.8286980390548706,0.01820516586303711,0.24332448840141296,0.20214170217514038,0.8121469616889954,0.04118278622627258,-0.106817327439785,-0.12671677768230438,0.10321725904941559,0.01989945024251938,-2.690182685852051,-2.6952247619628906,-0.9936122298240662,0.005042076110839844,0.14015282690525055,0.12489049136638641,0.21815602481365204,0.015262335538864136,2.9780325889587402,2.93172025680542,1.5775436162948608,0.04631233215332031,0.15375402569770813,0.18625754117965698,-0.8637672662734985,0.03250351548194885,-1.0078105926513672,-1.0,-0.7446527481079102,0.0078105926513671875
32,late_80pct,162,6795,203,0.021159691736102104,0.046051546931266785,0.033660173416137695,-1.0053220987319946,-1.0,0.005322098731994629,True,-1.0,True,0.020031511783599854,0.02049187757074833,0.1334528774023056,0.13011208176612854,0.6391815543174744,0.003340795636177063,0.025392506271600723,0.05305730178952217,-0.18718349933624268,0.027664795517921448,0.07633928954601288,0.0714070126414299,1.3173102140426636,0.004932276904582977,-2.2819552421569824,-2.2482950687408447,0.994580090045929,0.033660173416137695,-0.012658610939979553,-0.020250752568244934,-0.5051784515380859,0.007592141628265381,2.3316078186035156,2.3245978355407715,-1.1084669828414917,0.007009983062744141,0.7255710363388062,0.716619610786438,0.3994770050048828,0.008951425552368164,-1.0053220987319946,-1.0,-0.7420468926429749,0.005322098731994629
33,early_20pct,41,6877,205,0.021159691736102104,0.04976807162165642,0.035703420639038086,1.0171337127685547,1.0,0.017133712768554688,True,1.0,True,0.03999999910593033,0.03999998793005943,0.026893306523561478,0.028095699846744537,-0.05024421960115433,0.0012023933231830597,-0.024067021906375885,0.0044706352055072784,-0.4139809310436249,0.028537657111883163,-0.15584290027618408,-0.1543600857257843,-0.2217593491077423,0.0014828145503997803,-2.510875940322876,-2.518618583679199,-0.12033383548259735,0.007742643356323242,-0.02320683002471924,-0.005886910483241081,-0.5551085472106934,0.017319919541478157,2.560911178588867,2.5966145992279053,-0.15566998720169067,0.035703420639038086,0.6609312891960144,0.6658461689949036,0.2566763460636139,0.00491487979888916,1.0171337127685547,1.0,1.3757628202438354,0.017133712768554688
33,mid_50pct,102,6938,205,0.021159691736102104,0.08230563998222351,0.058469176292419434,-1.005332112312317,-1.0,0.0053321123123168945,True,-1.0,True,0.020337853580713272,0.020674290135502815,0.13362419605255127,0.14264604449272156,0.6402899622917175,0.009021848440170288,0.3517836034297943,0.2933144271373749,1.3094879388809204,0.058469176292419434,-0.22765307128429413,-0.2461736500263214,-0.6977684497833252,0.018520578742027283,-2.4759159088134766,-2.4850311279296875,0.04993237555027008,0.009115219116210938,0.10920339077711105,0.07706081867218018,0.07165654748678207,0.03214257210493088,2.8597805500030518,2.819526195526123,1.086185336112976,0.04025435447692871,0.9916043281555176,0.9776571989059448,0.9871911406517029,0.013947129249572754,-1.005332112312317,-1.0,-0.7420574426651001,0.0053321123123168945
33,late_80pct,163,6999,205,0.021159691736102104,0.06351959705352783,0.047460317611694336,-1.0010993480682373,-1.0,0.0010993480682373047,True,-1.0,True,0.02023296058177948,0.0207767765969038,0.3631681203842163,0.3581561744213104,2.1254076957702637,0.005011945962905884,0.25264838337898254,0.25494906306266785,0.8549017906188965,0.0023006796836853027,-0.13847164809703827,-0.14436139166355133,-0.10661021620035172,0.0058897435665130615,-2.0226142406463623,-1.975153923034668,2.257650136947632,0.047460317611694336,-0.016486600041389465,-0.026645751670002937,-0.5232982635498047,0.010159151628613472,2.2852888107299805,2.2492079734802246,-1.3009299039840698,0.03608083724975586,1.3976337909698486,1.3799668550491333,1.8841816186904907,0.017666935920715332,-1.0010993480682373,-1.0,-0.737625002861023,0.0010993480682373047
34,early_20pct,41,7082,208,0.021159691736102104,0.028264276683330536,0.027030497789382935,1.0048354864120483,1.0,0.00483548641204834,True,1.0,True,0.03999999910593033,0.039998866617679596,-0.07316263020038605,-0.06928529590368271,-0.6975923776626587,0.0038773342967033386,-0.14179375767707825,-0.13673274219036102,-0.953818678855896,0.005061015486717224,-0.2745797038078308,-0.2728952467441559,-1.0088317394256592,0.0016844570636749268,-2.6971490383148193,-2.694033622741699,-1.0275397300720215,0.003115415573120117,-0.058315157890319824,-0.059220027178525925,-0.7212941646575928,0.0009048692882061005,2.6024515628814697,2.6062214374542236,0.01693737506866455,0.0037698745727539062,0.4436747133731842,0.41664421558380127,-0.22328154742717743,0.027030497789382935,1.0048354864120483,1.0,1.362884759902954,0.00483548641204834
34,mid_50pct,104,7145,208,0.021159691736102104,0.1108974888920784,0.06828434765338898,-1.013664960861206,-1.0,0.013664960861206055,True,-1.0,True,0.020336929708719254,0.020742176100611687,0.002044316381216049,0.01850638911128044,-0.2110137641429901,0.016462072730064392,0.19357970356941223,0.12529535591602325,0.5840415358543396,0.06828434765338898,-0.3012632131576538,-0.3282187581062317,-1.1857091188430786,0.02695554494857788,-2.689910888671875,-2.6947319507598877,-0.9922887682914734,0.004821062088012695,0.08144408464431763,0.03480400890111923,-0.05974239110946655,0.046640075743198395,2.900968074798584,2.846158981323242,1.2573269605636597,0.0548090934753418,0.35733288526535034,0.39521855115890503,-0.41402575373649597,0.03788566589355469,-1.013664960861206,-1.0,-0.7507830858230591,0.013664960861206055
34,late_80pct,166,7207,208,0.013251000083982944,0.01891816034913063,0.011775493621826172,-0.9869656562805176,-1.0,0.013034343719482422,True,-1.0,True,0.020286696031689644,0.02079630456864834,0.284707248210907,0.2772238552570343,1.6177763938903809,0.007483392953872681,0.17549723386764526,0.1742812842130661,0.5011240243911743,0.0012159496545791626,-0.02987130731344223,-0.03367236629128456,0.6132704615592957,0.003801058977842331,-2.125157594680786,-2.11338210105896,1.758232831954956,0.011775493621826172,-0.04828736186027527,-0.04828030616044998,-0.6738274693489075,7.055699825286865e-06,2.3045501708984375,2.2950925827026367,-1.2208958864212036,0.009457588195800781,1.0146238803863525,1.0070172548294067,1.0380452871322632,0.007606625556945801,-0.9869656562805176,-1.0,-0.7228250503540039,0.013034343719482422
35,early_20pct,41,7290,204,0.013251000083982944,0.0269890446215868,0.021003007888793945,1.0052471160888672,1.0,0.0052471160888671875,True,1.0,True,0.03999999910593033,0.039998721331357956,-0.03523734211921692,-0.026681210845708847,-0.45222097635269165,0.008556131273508072,-0.22951877117156982,-0.21634794771671295,-1.3560831546783447,0.013170823454856873,-0.29160943627357483,-0.29139047861099243,-1.1217169761657715,0.00021895766258239746,-2.744580030441284,-2.7503108978271484,-1.2585437297821045,0.005730867385864258,-0.025601409375667572,-0.025593925267457962,-0.5664433240890503,7.484108209609985e-06,2.5805001258850098,2.6015031337738037,-0.07427474111318588,0.021003007888793945,0.43675917387008667,0.43398186564445496,-0.23855915665626526,0.002777308225631714,1.0052471160888672,1.0,1.3633158206939697,0.0052471160888671875
35,mid_50pct,102,7351,204,0.013251000083982944,0.04225058853626251,0.03787095099687576,-0.9999939203262329,-1.0,6.079673767089844e-06,True,-1.0,True,0.020149193704128265,0.020623311400413513,-0.02911311388015747,-0.027964387089014053,-0.4125980734825134,0.0011487267911434174,0.15459731221199036,0.14296990633010864,0.40528711676597595,0.011627405881881714,-0.22418692708015442,-0.2156878113746643,-0.6747924089431763,0.008499115705490112,-2.7270548343658447,-2.7247707843780518,-1.173190712928772,0.0022840499877929688,0.38111433386802673,0.37015223503112793,1.3587497472763062,0.010962098836898804,2.88285231590271,2.8787574768066406,1.182052493095398,0.004094839096069336,-0.034915030002593994,0.002955920994281769,-1.2805702686309814,0.03787095099687576,-0.9999939203262329,-1.0,-0.7364674806594849,6.079673767089844e-06
35,late_80pct,162,7411,204,0.013251000083982944,0.025093551725149155,0.016163885593414307,-1.006441593170166,-1.0,0.006441593170166016,True,-1.0,True,0.02016199566423893,0.020609606057405472,0.17719301581382751,0.1677723228931427,0.9221742749214172,0.009420692920684814,0.11704640090465546,0.10649177432060242,0.23309685289859772,0.01055462658405304,-0.020610511302947998,-0.020310234278440475,0.6746576428413391,0.0003002770245075226,-2.1795315742492676,-2.1760683059692383,1.493414282798767,0.003463268280029297,0.07203806191682816,0.07038024812936783,-0.10426589846611023,0.0016578137874603271,2.3400940895080566,2.327707290649414,-1.0732046365737915,0.012386798858642578,0.6802810430526733,0.6964449286460876,0.29942333698272705,0.016163885593414307,-1.006441593170166,-1.0,-0.7432191371917725,0.006441593170166016
36,early_20pct,40,7493,203,0.013251000083982944,0.013855239376425743,0.009210556745529175,0.993536114692688,1.0,0.006463885307312012,True,1.0,True,0.03999999910593033,0.03999873995780945,-0.07972946017980576,-0.08082865178585052,-0.740078866481781,0.0010991916060447693,-0.0031650811433792114,-0.002116255462169647,-0.31813475489616394,0.0010488256812095642,-0.30280035734176636,-0.29948294162750244,-1.195898413658142,0.003317415714263916,-2.496145009994507,-2.4982693195343018,-0.048589110374450684,0.002124309539794922,0.06090923026204109,0.05832550302147865,-0.15694434940814972,0.002583727240562439,2.515942096710205,2.5250322818756104,-0.34252476692199707,0.009090185165405273,0.38432615995407104,0.3935367166996002,-0.3543929159641266,0.009210556745529175,0.993536114692688,1.0,1.3510527610778809,0.006463885307312012
36,mid_50pct,101,7554,203,0.013251000083982944,0.059905800968408585,0.04312056303024292,-1.0024763345718384,-1.0,0.002476334571838379,True,-1.0,True,0.020058615133166313,0.020464736968278885,-0.1109175980091095,-0.09624830633401871,-0.9418618679046631,0.01466929167509079,0.33864888548851013,0.2955283224582672,1.2492585182189941,0.04312056303024292,-0.22947555780410767,-0.24852463603019714,-0.7098492383956909,0.019049078226089478,-2.475276470184326,-2.4814915657043457,0.053047411143779755,0.006215095520019531,0.26418325304985046,0.24280646443367004,0.8052552342414856,0.02137678861618042,2.797466278076172,2.7724661827087402,0.8272585272789001,0.02500009536743164,0.2765620946884155,0.2820999026298523,-0.5924626588821411,0.005537807941436768,-1.0024763345718384,-1.0,-0.739067018032074,0.002476334571838379
36,late_80pct,162,7615,203,0.013251000083982944,0.03802800923585892,0.028129100799560547,-1.0039938688278198,-1.0,0.003993868827819824,True,-1.0,True,0.02002537064254284,0.020500432699918747,0.23290523886680603,0.237034872174263,1.2826247215270996,0.00412963330745697,0.08669361472129822,0.09928050637245178,0.09391368925571442,0.012586891651153564,-0.03228026628494263,-0.025109190493822098,0.5973021388053894,0.007171075791120529,-2.2317087650299072,-2.2035796642303467,1.2392964363098145,0.028129100799560547,0.017101086676120758,0.01401649508625269,-0.364310622215271,0.0030845915898680687,2.327500581741333,2.3155808448791504,-1.1255327463150024,0.011919736862182617,1.0284199714660645,1.0450446605682373,1.0685235261917114,0.01662468910217285,-1.0039938688278198,-1.0,-0.7406560182571411,0.003993868827819824
37,early_20pct,41,7697,207,0.013251000083982944,0.05312313511967659,0.046253353357315063,1.0067249536514282,1.0,0.006724953651428223,True,1.0,True,0.03999999910593033,0.039999112486839294,-0.038905709981918335,-0.034403350204229355,-0.4759548306465149,0.00450235977768898,0.02850152924656868,0.01215316541492939,-0.17292703688144684,0.01634836383163929,-0.22483065724372864,-0.21805401146411896,-0.6790595054626465,0.00677664577960968,-2.4408345222473145,-2.4532501697540283,0.22078976035118103,0.012415647506713867,0.04046064615249634,0.02735906094312668,-0.2537379264831543,0.01310158520936966,2.5077576637268066,2.5029170513153076,-0.37653303146362305,0.0048406124114990234,0.4445629417896271,0.49081629514694214,-0.2213192731142044,0.046253353357315063,1.0067249536514282,1.0,1.364863395690918,0.006724953651428223
37,mid_50pct,103,7759,207,0.030558565631508827,0.07380518317222595,0.04424697160720825,-1.002863883972168,-1.0,0.0028638839721679688,True,-1.0,True,0.01997552253305912,0.020515521988272667,-0.15371353924274445,-0.13873186707496643,-1.2187457084655762,0.014981672167778015,0.3786269724369049,0.33438000082969666,1.432578682899475,0.04424697160720825,-0.07053728401660919,-0.08793824911117554,0.34370729327201843,0.017400965094566345,-2.4418222904205322,-2.4452738761901855,0.215978741645813,0.0034515857696533203,0.2248658537864685,0.2039404660463333,0.619145929813385,0.020925387740135193,2.876246690750122,2.8377063274383545,1.154605507850647,0.03854036331176758,0.15645724534988403,0.1885044276714325,-0.8577953577041626,0.03204718232154846,-1.002863883972168,-1.0,-0.7394727468490601,0.0028638839721679688
37,late_80pct,165,7821,207,0.030558565631508827,0.0466851107776165,0.03948855400085449,-1.006742000579834,-1.0,0.006742000579833984,True,-1.0,True,0.02003488317131996,0.020456761121749878,0.13994789123535156,0.15192100405693054,0.6812034845352173,0.01197311282157898,0.022411566227674484,0.03548222780227661,-0.2008526474237442,0.013070661574602127,0.10137496888637543,0.113466776907444,1.4832645654678345,0.012091808021068573,-2.305048704147339,-2.2958762645721436,0.8821079730987549,0.009172439575195312,0.005199827253818512,-0.0022556413896381855,-0.4206453561782837,0.0074554686434566975,2.388293504714966,2.392768621444702,-0.8729276061058044,0.004475116729736328,0.8288902640342712,0.8683788180351257,0.627727210521698,0.03948855400085449,-1.006742000579834,-1.0,-0.7435337901115417,0.006742000579833984
38,early_20pct,40,7903,200,0.030558565631508827,0.017069337889552116,0.012335576117038727,1.010990023612976,1.0,0.010990023612976074,True,1.0,True,0.03999999910593033,0.03999925032258034,-0.06867963820695877,-0.056344062089920044,-0.6685880422592163,0.012335576117038727,-0.20414698123931885,-0.20527471601963043,-1.2397403717041016,0.0011277347803115845,-0.22397980093955994,-0.21679075062274933,-0.6734194159507751,0.007189050316810608,-2.688153028488159,-2.6834652423858643,-0.9837265610694885,0.004687786102294922,-0.04908013343811035,-0.04695221409201622,-0.6775800585746765,0.0021279193460941315,2.466526746749878,2.462236166000366,-0.547853946685791,0.004290580749511719,0.5223015546798706,0.5158727765083313,-0.04958105832338333,0.006428778171539307,1.010990023612976,1.0,1.369329571723938,0.010990023612976074
38,mid_50pct,100,7963,200,0.030558565631508827,0.08069059252738953,0.052808523178100586,-1.008558750152588,-1.0,0.00855875015258789,True,-1.0,True,0.02011130005121231,0.020692382007837296,-0.05797567963600159,-0.03907622769474983,-0.5993348956108093,0.018899451941251755,0.2572213411331177,0.2155589759349823,0.8758712410926819,0.041662365198135376,-0.17946872115135193,-0.19706778228282928,-0.3783681392669678,0.017599061131477356,-2.6670405864715576,-2.6740591526031494,-0.8809029459953308,0.007018566131591797,0.1549760401248932,0.12607567012310028,0.288321852684021,0.028900370001792908,2.9011998176574707,2.84839129447937,1.2582895755767822,0.052808523178100586,0.3702843189239502,0.39114266633987427,-0.3854138255119324,0.020858347415924072,-1.008558750152588,-1.0,-0.7454361319541931,0.00855875015258789
38,late_80pct,159,8022,200,0.030558565631508827,0.03857957571744919,0.025590354576706886,-0.9976915121078491,-1.0,0.002308487892150879,True,-1.0,True,0.020163564011454582,0.020645393058657646,0.1914532333612442,0.18027997016906738,1.014435887336731,0.011173263192176819,0.0037902407348155975,0.029380595311522484,-0.2862410247325897,0.025590354576706886,0.0023204535245895386,-0.006453309208154678,0.8266604542732239,0.008773762732744217,-2.2646379470825195,-2.249851703643799,1.078920841217041,0.014786243438720703,0.01767028123140335,0.015768203884363174,-0.3616163432598114,0.0019020773470401764,2.220731258392334,2.2325918674468994,-1.569178581237793,0.01186060905456543,0.9259110689163208,0.9095168113708496,0.8420632481575012,0.01639425754547119,-0.9976915121078491,-1.0,-0.7340565919876099,0.002308487892150879
39,early_20pct,42,8105,211,0.030558565631508827,0.012238779105246067,0.006850481033325195,1.0168380737304688,1.0,0.01683807373046875,True,1.0,True,0.03999999910593033,0.03999936208128929,-0.04327809810638428,-0.042866744101047516,-0.5042435526847839,0.0004113540053367615,-0.15188246965408325,-0.15012285113334656,-1.0000807046890259,0.0017596185207366943,-0.2537260055541992,-0.24713018536567688,-0.8705984354019165,0.006595820188522339,-2.6695268154144287,-2.669292688369751,-0.8930120468139648,0.00023412704467773438,-0.043873026967048645,-0.05059988051652908,-0.6529322266578674,0.006726853549480438,2.5497872829437256,2.5530710220336914,-0.2018919140100479,0.0032837390899658203,0.5350292921066284,0.5281788110733032,-0.02146318182349205,0.006850481033325195,1.0168380737304688,1.0,1.3754533529281616,0.01683807373046875
39,mid_50pct,105,8168,211,0.030558565631508827,0.13180996477603912,0.07825243473052979,-0.9969586133956909,-1.0,0.003041386604309082,True,-1.0,True,0.020252147689461708,0.020574038848280907,-0.01005321741104126,0.011825263500213623,-0.2892831563949585,0.021878480911254883,0.23729702830314636,0.15904459357261658,0.7845079898834229,0.07825243473052979,-0.2296377569437027,-0.26286906003952026,-0.7109243869781494,0.033231303095817566,-2.6578879356384277,-2.664961338043213,-0.8363269567489624,0.007073402404785156,0.2789108157157898,0.20669269561767578,0.8749682903289795,0.07221812009811401,2.8929011821746826,2.835369825363159,1.2238078117370605,0.05753135681152344,0.6429637670516968,0.6760105490684509,0.216982901096344,0.03304678201675415,-0.9969586133956909,-1.0,-0.7332891225814819,0.003041386604309082
39,late_80pct,168,8231,211,0.030558565631508827,0.02083543874323368,0.013909459114074707,-1.0220023393630981,-1.0,0.022002339363098145,True,-1.0,True,0.020174091681838036,0.02065810188651085,0.2420213222503662,0.23699800670146942,1.341604471206665,0.0050233155488967896,0.0037168972194194794,-0.002872031182050705,-0.28657734394073486,0.006588928401470184,-0.006697498261928558,-0.012279371730983257,0.7668830156326294,0.005581873469054699,-2.324777126312256,-2.318124294281006,0.7860242128372192,0.00665283203125,0.022093750536441803,0.014676089398562908,-0.34067779779434204,0.007417661137878895,2.3454747200012207,2.3390283584594727,-1.0508475303649902,0.006446361541748047,1.3478997945785522,1.3339903354644775,1.7743103504180908,0.013909459114074707,-1.0220023393630981,-1.0,-0.7595136165618896,0.022002339363098145
40,early_20pct,40,8314,203,0.017867179587483406,0.0890151858329773,0.08166271448135376,0.9933637380599976,1.0,0.006636261940002441,True,1.0,True,0.03999999910593033,0.03999859467148781,-0.059118665754795074,-0.06524916738271713,-0.6067298650741577,0.006130501627922058,-0.28260207176208496,-0.2938767969608307,-1.5994974374771118,0.011274725198745728,-0.32743167877197266,-0.3025835156440735,-1.3591724634170532,0.02484816312789917,-2.82110595703125,-2.8180439472198486,-1.6312485933303833,0.003062009811401367,-0.024289533495903015,-0.04319779947400093,-0.5602335333824158,0.018908265978097916,2.660161018371582,2.649871587753296,0.2567308247089386,0.010289430618286133,0.35271918773651123,0.434381902217865,-0.4242182970046997,0.08166271448135376,0.9933637380599976,1.0,1.3508721590042114,0.006636261940002441
40,mid_50pct,101,8375,203,0.017867179587483406,0.16546201705932617,0.11448243260383606,-1.0094085931777954,-1.0,0.00940859317779541,True,-1.0,True,0.020178403705358505,0.02084621600806713,-0.10850368440151215,-0.06299110502004623,-0.9262441396713257,0.04551257938146591,0.224240243434906,0.18272553384304047,0.7246358394622803,0.04151470959186554,-0.1012500748038292,-0.15517307817935944,0.1401209533214569,0.05392300337553024,-2.727520704269409,-2.74296498298645,-1.1754591464996338,0.015444278717041016,0.8264209032058716,0.7421881556510925,3.4666128158569336,0.08423274755477905,2.9783973693847656,2.9630606174468994,1.5790596008300781,0.015336751937866211,-0.4911801218986511,-0.37669768929481506,-2.2885398864746094,0.11448243260383606,-1.0094085931777954,-1.0,-0.7463260293006897,0.00940859317779541
40,late_80pct,162,8436,203,0.017867179587483406,0.0817691832780838,0.05578207969665527,-1.003641963005066,-1.0,0.003641963005065918,True,-1.0,True,0.020220361649990082,0.020604807883501053,0.14081883430480957,0.15029099583625793,0.6868382692337036,0.009472161531448364,-0.03434456139802933,-0.004226617515087128,-0.4611087739467621,0.0301179438829422,0.09743201732635498,0.11207941174507141,1.4571279287338257,0.01464739441871643,-2.3845789432525635,-2.328796863555908,0.4947711229324341,0.05578207969665527,0.08790954947471619,0.07697030156850815,-0.029138077050447464,0.010939247906208038,2.451078414916992,2.4308836460113525,-0.6120453476905823,0.02019476890563965,0.7262012362480164,0.7690463662147522,0.4008691906929016,0.04284512996673584,-1.003641963005066,-1.0,-0.7402875423431396,0.003641963005065918
41,early_20pct,40,8517,202,0.017867179587483406,0.024172864854335785,0.019396543502807617,1.0272399187088013,1.0,0.02723991870880127,True,1.0,True,0.03999999910593033,0.039999645203351974,-0.04189576208591461,-0.04022408649325371,-0.4953000247478485,0.001671675592660904,-0.029866337776184082,-0.02226105146110058,-0.4405737817287445,0.007605286315083504,-0.2048267126083374,-0.2010403275489807,-0.5464590787887573,0.0037863850593566895,-2.4763317108154297,-2.4851155281066895,0.04790739715099335,0.008783817291259766,0.03579956665635109,0.03402364253997803,-0.2758011817932129,0.0017759241163730621,2.432793617248535,2.4521901607513428,-0.6880210638046265,0.019396543502807617,0.5521646738052368,0.5448969006538391,0.016391843557357788,0.007267773151397705,1.0272399187088013,1.0,1.3863455057144165,0.02723991870880127
41,mid_50pct,100,8577,202,0.017867179587483406,0.054104454815387726,0.033184051513671875,-0.990548849105835,-1.0,0.009451150894165039,True,-1.0,True,0.020487995818257332,0.020767582580447197,-0.05005389451980591,-0.041150663048028946,-0.5480820536613464,0.008903231471776962,0.3485078811645508,0.3165756165981293,1.2944670915603638,0.03193226456642151,-0.16397283971309662,-0.16818192601203918,-0.2756503224372864,0.004209086298942566,-2.472202777862549,-2.4734818935394287,0.06801625341176987,0.0012791156768798828,0.3158836364746094,0.2894619107246399,1.049979567527771,0.026421725749969482,2.8272244930267334,2.7940404415130615,0.9509087204933167,0.033184051513671875,0.6736124753952026,0.6704958081245422,0.2846912741661072,0.0031166672706604004,-0.990548849105835,-1.0,-0.72657710313797,0.009451150894165039
41,late_80pct,161,8638,202,0.017867179587483406,0.039670564234256744,0.026897192001342773,-1.008778691291809,-1.0,0.008778691291809082,True,-1.0,True,0.020399698987603188,0.020862562581896782,0.2070876508951187,0.206929549574852,1.1155884265899658,0.00015810132026672363,0.029325108975172043,0.04372798651456833,-0.16915050148963928,0.014402877539396286,-0.04982674866914749,-0.04190899431705475,0.48099151253700256,0.007917754352092743,-2.253640651702881,-2.226743459701538,1.1324806213378906,0.026897192001342773,0.06360773742198944,0.05632730573415756,-0.14417092502117157,0.007280431687831879,2.295742988586426,2.2892303466796875,-1.2574914693832397,0.006512641906738281,1.2544772624969482,1.2764935493469238,1.5679235458374023,0.022016286849975586,-1.008778691291809,-1.0,-0.74566650390625,0.008778691291809082
42,early_20pct,40,8719,201,0.017867179587483406,0.03421818092465401,0.03301694989204407,1.007538914680481,1.0,0.007538914680480957,True,1.0,True,0.03999999910593033,0.03999881446361542,-0.03061457723379135,-0.029109936207532883,-0.42231231927871704,0.0015046410262584686,-0.11936547607183456,-0.11979283392429352,-0.8509734869003296,0.00042735785245895386,-0.34984278678894043,-0.3506893217563629,-1.5077292919158936,0.0008465349674224854,-2.645697593688965,-2.6478703022003174,-0.7769561409950256,0.002172708511352539,0.04686271771788597,0.04315372183918953,-0.22343364357948303,0.0037089958786964417,2.5746686458587646,2.582357883453369,-0.09850515425205231,0.007689237594604492,0.307328999042511,0.34034594893455505,-0.5244931578636169,0.03301694989204407,1.007538914680481,1.0,1.365715742111206,0.007538914680480957
42,mid_50pct,100,8779,201,0.017867179587483406,0.036522798240184784,0.021156787872314453,-0.9937841892242432,-1.0,0.006215810775756836,True,-1.0,True,0.019937103614211082,0.020480839535593987,-0.06317343562841415,-0.07029023766517639,-0.6329636573791504,0.0071168020367622375,0.1900998055934906,0.21064415574073792,0.5680844187736511,0.020544350147247314,-0.2650892734527588,-0.2522349953651428,-0.9459222555160522,0.012854278087615967,-2.616112232208252,-2.6141273975372314,-0.632865846157074,0.001984834671020508,0.2716640532016754,0.28516116738319397,0.8406656980514526,0.013497114181518555,2.7921853065490723,2.8133420944213867,0.8053154349327087,0.021156787872314453,-0.23600775003433228,-0.2281184047460556,-1.7248194217681885,0.007889345288276672,-0.9937841892242432,-1.0,-0.7299649715423584,0.006215810775756836
42,late_80pct,160,8839,201,0.015438131988048553,0.052719518542289734,0.037628889083862305,-0.9905444383621216,-1.0,0.009455561637878418,True,-1.0,True,0.019972126930952072,0.020444462075829506,0.204299658536911,0.2060951143503189,1.0975505113601685,0.001795455813407898,0.17695781588554382,0.18397539854049683,0.5078215599060059,0.007017582654953003,-0.05169404298067093,-0.04871418699622154,0.46861377358436584,0.0029798559844493866,-2.098172426223755,-2.0605435371398926,1.8896589279174805,0.037628889083862305,0.05599508807063103,0.05378742888569832,-0.18020549416542053,0.0022076591849327087,2.29276967048645,2.2596278190612793,-1.2698456048965454,0.0331418514251709,0.46550253033638,0.47960248589515686,-0.17506006360054016,0.014099955558776855,-0.9905444383621216,-1.0,-0.7265725135803223,0.009455561637878418
43,early_20pct,41,8921,207,0.015438131988048553,0.05871639773249626,0.05216562747955322,1.0056270360946655,1.0,0.005627036094665527,True,1.0,True,0.03999999910593033,0.03999948501586914,-0.020194832235574722,-0.014942361041903496,-0.35489800572395325,0.0052524711936712265,-0.186288982629776,-0.1716969907283783,-1.1578521728515625,0.014591991901397705,-0.2403046190738678,-0.23242364823818207,-0.7816319465637207,0.00788097083568573,-2.678394317626953,-2.686032295227051,-0.9361984133720398,0.007637977600097656,-0.0504036545753479,-0.04378529638051987,-0.6838449835777283,0.0066183581948280334,2.471419095993042,2.489352226257324,-0.5275260806083679,0.017933130264282227,0.5064210891723633,0.5585867166519165,-0.0846637412905693,0.05216562747955322,1.0056270360946655,1.0,1.3637136220932007,0.005627036094665527
43,mid_50pct,103,8983,207,0.015438131988048553,0.13522866368293762,0.08346132934093475,-1.0183765888214111,-1.0,0.018376588821411133,True,-1.0,True,0.02027037926018238,0.02062823623418808,0.004369594156742096,0.021073510870337486,-0.19596953690052032,0.01670391671359539,0.19903168082237244,0.11557035148143768,0.609041690826416,0.08346132934093475,-0.22253870964050293,-0.24729299545288086,-0.6638667583465576,0.02475428581237793,-2.6838502883911133,-2.689439535140991,-0.9627711772918701,0.00558924674987793,0.06589947640895844,0.022693723440170288,-0.13332298398017883,0.04320575296878815,2.8418991565704346,2.760373115539551,1.0118849277496338,0.08152604103088379,0.39347609877586365,0.4368895888328552,-0.3341791033744812,0.04341349005699158,-1.0183765888214111,-1.0,-0.7557169198989868,0.018376588821411133
43,late_80pct,165,9045,207,0.015438131988048553,0.012208705767989159,0.00871419906616211,-0.9867256879806519,-1.0,0.013274312019348145,True,-1.0,True,0.02019849233329296,0.02070617489516735,0.2403181940317154,0.23798653483390808,1.3305854797363281,0.002331659197807312,0.022203970700502396,0.021353647112846375,-0.20180457830429077,0.0008503235876560211,0.008272156119346619,0.007452741265296936,0.8661125898361206,0.0008194148540496826,-2.2653920650482178,-2.2566778659820557,1.0752484798431396,0.00871419906616211,0.0038727223873138428,0.0027057311963289976,-0.42692720890045166,0.0011669911909848452,2.2359113693237305,2.227869749069214,-1.5061025619506836,0.008041620254516602,0.9241862893104553,0.9236817359924316,0.8382529020309448,0.0005045533180236816,-0.9867256879806519,-1.0,-0.7225737571716309,0.013274312019348145
44,early_20pct,41,9128,204,0.015438131988048553,0.038124796003103256,0.027523785829544067,0.9898700714111328,1.0,0.010129928588867188,True,1.0,True,0.03999999910593033,0.039998237043619156,-0.06410179287195206,-0.06088237091898918,-0.6389700174331665,0.0032194219529628754,-0.023259565234184265,-0.0353519544005394,-0.4102783501148224,0.012092389166355133,-0.35105234384536743,-0.3493851125240326,-1.5157471895217896,0.0016672313213348389,-2.533186912536621,-2.5324840545654297,-0.22899453341960907,0.0007028579711914062,0.0666687935590744,0.045562565326690674,-0.12968140840530396,0.021106228232383728,2.5221657752990723,2.5126471519470215,-0.31666454672813416,0.009518623352050781,0.2843700647354126,0.31189385056495667,-0.5752134919166565,0.027523785829544067,0.9898700714111328,1.0,1.347213864326477,0.010129928588867188
44,mid_50pct,102,9189,204,0.015438131988048553,0.021973541006445885,0.015203982591629028,-1.015702724456787,-1.0,0.01570272445678711,True,-1.0,True,0.020165901631116867,0.02064122073352337,-0.15141330659389496,-0.14524690806865692,-1.203863501548767,0.006166398525238037,0.28479188680648804,0.269587904214859,1.0022964477539062,0.015203982591629028,-0.21878087520599365,-0.22713127732276917,-0.6389572620391846,0.008350402116775513,-2.5064046382904053,-2.5124149322509766,-0.09855726361274719,0.006010293960571289,0.33297106623649597,0.33001041412353516,1.130863070487976,0.0029606521129608154,2.753279209136963,2.7472453117370605,0.6436535120010376,0.006033897399902344,0.009174108505249023,0.0012605302035808563,-1.1831696033477783,0.007913578301668167,-1.015702724456787,-1.0,-0.7529169917106628,0.01570272445678711
44,late_80pct,162,9249,204,0.015438131988048553,0.04626648873090744,0.03264665603637695,-1.0064622163772583,-1.0,0.006462216377258301,True,-1.0,True,0.02019071951508522,0.020615775138139725,0.14161816239356995,0.1561547964811325,0.6920098066329956,0.014536634087562561,-0.09140556305646896,-0.08087611198425293,-0.7227628827095032,0.010529451072216034,0.00935506820678711,0.03094443306326866,0.8732909560203552,0.021589364856481552,-2.404813528060913,-2.388028621673584,0.3962230384349823,0.0167849063873291,0.08917570114135742,0.09029848128557205,-0.023144707083702087,0.0011227801442146301,2.325423240661621,2.3235507011413574,-1.134164571762085,0.0018725395202636719,0.7650344967842102,0.7976811528205872,0.48665863275527954,0.03264665603637695,-1.0064622163772583,-1.0,-0.7432407736778259,0.006462216377258301
45,early_20pct,39,9330,198,0.015438131988048553,0.01805131509900093,0.01732945442199707,1.0184706449508667,1.0,0.0184706449508667,True,1.0,True,0.03999999910593033,0.03999919071793556,-0.07523710280656815,-0.07274775952100754,-0.711013913154602,0.002489343285560608,0.012447603046894073,0.011161500588059425,-0.2465425580739975,0.0012861024588346481,-0.2514339089393616,-0.24834413826465607,-0.8554047346115112,0.0030897706747055054,-2.4662158489227295,-2.4665000438690186,0.09717503190040588,0.0002841949462890625,0.025793276727199554,0.02612365037202835,-0.3231660723686218,0.0003303736448287964,2.4690945148468018,2.471914529800415,-0.5371845960617065,0.0028200149536132812,0.4769802391529083,0.45965078473091125,-0.1497037708759308,0.01732945442199707,1.0184706449508667,1.0,1.3771628141403198,0.0184706449508667
45,mid_50pct,98,9389,198,0.015719858929514885,0.023216918110847473,0.020846664905548096,-1.0073174238204956,-1.0,0.0073174238204956055,True,-1.0,True,0.019941678270697594,0.020245738327503204,-0.04191114008426666,-0.04179428145289421,-0.495399534702301,0.00011685863137245178,0.3256729543209076,0.32214757800102234,1.189757227897644,0.003525376319885254,-0.24747584760189056,-0.24533791840076447,-0.8291680216789246,0.0021379292011260986,-2.4443798065185547,-2.447815179824829,0.20352356135845184,0.003435373306274414,0.2253202646970749,0.21665777266025543,0.6212969422340393,0.008662492036819458,2.7955780029296875,2.7963452339172363,0.8194118738174438,0.0007672309875488281,0.6192968487739563,0.5984501838684082,0.16469857096672058,0.020846664905548096,-1.0073174238204956,-1.0,-0.7441362738609314,0.0073174238204956055
45,late_80pct,158,9449,198,0.015719858929514885,0.0240189116448164,0.012289166450500488,-1.0068397521972656,-1.0,0.006839752197265625,True,-1.0,True,0.019843153655529022,0.02031959965825081,0.25264763832092285,0.26230618357658386,1.4103552103042603,0.00965854525566101,0.10605524480342865,0.09559997916221619,0.18269672989845276,0.010455265641212463,-0.10993286967277527,-0.10325432568788528,0.08256518095731735,0.006678543984889984,-2.1471495628356934,-2.14501690864563,1.6511256694793701,0.0021326541900634766,0.003110751509666443,-0.007556790020316839,-0.4305340349674225,0.01066754199564457,2.2675390243530273,2.2597713470458984,-1.3746833801269531,0.007767677307128906,1.230177879333496,1.2424670457839966,1.5142419338226318,0.012289166450500488,-1.0068397521972656,-1.0,-0.7436361312866211,0.006839752197265625
46,early_20pct,41,9530,206,0.015719858929514885,0.058735441416502,0.042810916900634766,1.01410973072052,1.0,0.01410973072052002,True,1.0,True,0.03999999910593033,0.039999302476644516,-0.019881073385477066,-0.016703611239790916,-0.3528680205345154,0.0031774621456861496,-0.23037338256835938,-0.1964120715856552,-1.3600019216537476,0.03396131098270416,-0.17444153130054474,-0.1695326864719391,-0.3450443148612976,0.004908844828605652,-2.7455391883850098,-2.75461745262146,-1.2632150650024414,0.009078264236450195,-0.071149542927742,-0.06709297001361847,-0.782045841217041,0.004056572914123535,2.5016283988952637,2.5444393157958984,-0.4020010828971863,0.042810916900634766,0.5841636061668396,0.602347195148468,0.08708307892084122,0.018183588981628418,1.01410973072052,1.0,1.372596263885498,0.01410973072052002
46,mid_50pct,102,9591,206,0.015719858929514885,0.085729219019413,0.056584835052490234,-1.021459698677063,-1.0,0.02145969867706299,True,-1.0,True,0.02005317248404026,0.02043449506163597,-0.05922296643257141,-0.04887687414884567,-0.6074046492576599,0.010346092283725739,0.14627912640571594,0.09343533217906952,0.36714401841163635,0.05284379422664642,-0.10891952365636826,-0.11964831501245499,0.08928239345550537,0.010728791356086731,-2.7526323795318604,-2.7536122798919678,-1.297761082649231,0.0009799003601074219,0.042926300317049026,0.03359372913837433,-0.24206672608852386,0.009332571178674698,2.876953601837158,2.820368766784668,1.15754234790802,0.056584835052490234,0.25203534960746765,0.2843615412712097,-0.6466465592384338,0.032326191663742065,-1.021459698677063,-1.0,-0.7589454054832458,0.02145969867706299
46,late_80pct,164,9653,206,0.015719858929514885,0.03252612054347992,0.017705082893371582,-0.9928790330886841,-1.0,0.007120966911315918,True,-1.0,True,0.020006615668535233,0.020485471934080124,0.1309952735900879,0.14170576632022858,0.6232812404632568,0.010710492730140686,0.020554304122924805,0.022356262430548668,-0.20936915278434753,0.0018019583076238632,0.12166313827037811,0.13187390565872192,1.6177490949630737,0.010210767388343811,-2.262646436691284,-2.24513840675354,1.0886201858520508,0.01750802993774414,0.01294979453086853,0.012496823444962502,-0.3839608132839203,0.00045297108590602875,2.254970073699951,2.2402894496917725,-1.4269095659255981,0.014680624008178711,0.7315198183059692,0.7492249011993408,0.41261881589889526,0.017705082893371582,-0.9928790330886841,-1.0,-0.7290171384811401,0.007120966911315918
47,early_20pct,40,9735,200,0.015719858929514885,0.035082925111055374,0.023236751556396484,0.9904574155807495,1.0,0.009542584419250488,True,1.0,True,0.03999999910593033,0.03999892249703407,-0.05670937895774841,-0.05165815353393555,-0.5911421179771423,0.005051225423812866,-0.019104190170764923,-0.0031403154134750366,-0.3912237882614136,0.015963874757289886,-0.24345090985298157,-0.2370648980140686,-0.802487850189209,0.006386011838912964,-2.5252392292022705,-2.5298924446105957,-0.19028671085834503,0.004653215408325195,0.07894305139780045,0.0826251208782196,-0.07158107310533524,0.003682069480419159,2.5831139087677,2.6063506603240967,-0.0634140819311142,0.023236751556396484,0.3750203251838684,0.3933100402355194,-0.3749510943889618,0.018289715051651,0.9904574155807495,1.0,1.3478288650512695,0.009542584419250488
47,mid_50pct,100,9795,200,0.015719858929514885,0.04991412162780762,0.030115127563476562,-1.009032964706421,-1.0,0.009032964706420898,True,-1.0,True,0.019886018708348274,0.020595693960785866,-0.19287750124931335,-0.2016042172908783,-1.4721311330795288,0.008726716041564941,0.2916819155216217,0.3154113292694092,1.033890724182129,0.023729413747787476,-0.06659647822380066,-0.05422830581665039,0.36982977390289307,0.012368172407150269,-2.5075855255126953,-2.502814769744873,-0.10430844128131866,0.004770755767822266,0.2574623227119446,0.2678506076335907,0.7734416127204895,0.010388284921646118,2.8593578338623047,2.8894729614257812,1.0844290256500244,0.030115127563476562,-0.11862313747406006,-0.14434491097927094,-1.4654961824417114,0.025721773505210876,-1.009032964706421,-1.0,-0.7459326982498169,0.009032964706420898
47,late_80pct,159,9854,200,0.015719858929514885,0.056054528802633286,0.033475518226623535,-0.9921942949295044,-1.0,0.0078057050704956055,True,-1.0,True,0.020027805119752884,0.020450100302696228,0.06817571073770523,0.07891978323459625,0.2168472707271576,0.010744072496891022,0.10373770445585251,0.10315459966659546,0.17206962406635284,0.0005831047892570496,0.0942896157503128,0.10025721788406372,1.4362977743148804,0.0059676021337509155,-2.2202610969543457,-2.187922954559326,1.2950490713119507,0.03233814239501953,0.013316884636878967,0.006227058358490467,-0.3822231888771057,0.0070898262783885,2.401238441467285,2.373415946960449,-0.8191392421722412,0.027822494506835938,0.5035204887390137,0.5369960069656372,-0.09107178449630737,0.033475518226623535,-0.9921942949295044,-1.0,-0.7283000946044922,0.0078057050704956055
48,early_20pct,41,9936,205,0.02421494387090206,0.022048592567443848,0.011976107954978943,0.9856885671615601,1.0,0.014311432838439941,True,1.0,True,0.03999999910593033,0.0399991013109684,-0.0031556524336338043,0.00806177593767643,-0.24465684592723846,0.011217428371310234,-0.3025262653827667,-0.2923465669155121,-1.6908600330352783,0.010179698467254639,-0.2124360203742981,-0.20045991241931915,-0.5968989729881287,0.011976107954978943,-2.8370211124420166,-2.8292653560638428,-1.708760142326355,0.007755756378173828,0.028223223984241486,0.022673428058624268,-0.3116638958454132,0.005549795925617218,2.660935401916504,2.663539409637451,0.2599487602710724,0.0026040077209472656,0.5528502464294434,0.5567902326583862,0.01790638267993927,0.003939986228942871,0.9856885671615601,1.0,1.3428351879119873,0.014311432838439941
48,mid_50pct,102,9997,205,0.02421494387090206,0.12933772802352905,0.08315669000148773,-1.0134721994400024,-1.0,0.013472199440002441,True,-1.0,True,0.020456723868846893,0.021007969975471497,-0.00019950419664382935,0.021441860124468803,-0.2255309820175171,0.021641364321112633,0.19667154550552368,0.158523291349411,0.5982192158699036,0.03814825415611267,-0.04718256741762161,-0.07422173023223877,0.49851906299591064,0.027039162814617157,-2.7429795265197754,-2.7641327381134033,-1.2507489919662476,0.02115321159362793,0.8291351795196533,0.7491052150726318,3.4794609546661377,0.08002996444702148,3.0190112590789795,3.0015125274658203,1.7478173971176147,0.01749873161315918,-0.14626199007034302,-0.06310530006885529,-1.5265552997589111,0.08315669000148773,-1.0134721994400024,-1.0,-0.7505812048912048,0.013472199440002441
48,late_80pct,163,10058,205,0.02421494387090206,0.08762945234775543,0.06343889236450195,-0.9884138107299805,-1.0,0.011586189270019531,True,-1.0,True,0.0205388143658638,0.020920678973197937,0.1471864879131317,0.15401026606559753,0.728036105632782,0.00682377815246582,0.029811978340148926,0.07519469410181046,-0.16691794991493225,0.04538271576166153,0.0974825769662857,0.10795288532972336,1.457463026046753,0.010470308363437653,-2.298325777053833,-2.234886884689331,0.9148513674736023,0.06343889236450195,0.07805650681257248,0.06396740674972534,-0.07577754557132721,0.014089100062847137,2.448523759841919,2.43599534034729,-0.6226596236228943,0.012528419494628906,0.9073231220245361,0.9402348399162292,0.8009991645812988,0.032911717891693115,-0.9884138107299805,-1.0,-0.7243413925170898,0.011586189270019531
49,early_20pct,41,10141,206,0.02421494387090206,0.042033154517412186,0.038443565368652344,1.0025914907455444,1.0,0.0025914907455444336,True,1.0,True,0.03999999910593033,0.03999872878193855,-0.07193373143672943,-0.0697600468993187,-0.6896415948867798,0.002173684537410736,-0.08656672388315201,-0.0851949006319046,-0.7005742788314819,0.001371823251247406,-0.2977442741394043,-0.2844162583351135,-1.162382960319519,0.013328015804290771,-2.5946474075317383,-2.594338893890381,-0.5283257365226746,0.0003085136413574219,0.024824969470500946,0.020314380526542664,-0.3277495503425598,0.0045105889439582825,2.5699048042297363,2.579080581665039,-0.11829990148544312,0.009175777435302734,0.29483652114868164,0.333280086517334,-0.5520912408828735,0.038443565368652344,1.0025914907455444,1.0,1.3605350255966187,0.0025914907455444336
49,mid_50pct,102,10202,206,0.02421494387090206,0.025217020884156227,0.013664871454238892,-0.9923697710037231,-1.0,0.0076302289962768555,True,-1.0,True,0.019902760162949562,0.020459886640310287,-0.1968500018119812,-0.20430299639701843,-1.4978326559066772,0.0074529945850372314,0.22327160835266113,0.23693647980690002,0.7201942205429077,0.013664871454238892,-0.12159396708011627,-0.11362656950950623,0.005267120897769928,0.007967397570610046,-2.5746238231658936,-2.5641908645629883,-0.4308044910430908,0.010432958602905273,0.2719932794570923,0.2829088568687439,0.8422241806983948,0.010915577411651611,2.8095149993896484,2.819603204727173,0.8773230314254761,0.010088205337524414,-0.27013641595840454,-0.2695244252681732,-1.8002156019210815,0.0006119906902313232,-0.9923697710037231,-1.0,-0.7284839153289795,0.0076302289962768555
49,late_80pct,164,10264,206,0.02421494387090206,0.05423586070537567,0.039459228515625,-1.0097330808639526,-1.0,0.009733080863952637,True,-1.0,True,0.019959142431616783,0.020399751141667366,0.07818756252527237,0.09215311706066132,0.28162258863449097,0.013965554535388947,0.0004619807004928589,0.02149614319205284,-0.3015028238296509,0.021034162491559982,0.1769382804632187,0.18302986025810242,1.9841523170471191,0.006091579794883728,-2.3365142345428467,-2.3123855590820312,0.7288609743118286,0.02412867546081543,0.06015576049685478,0.050097208470106125,-0.16051089763641357,0.010058552026748657,2.390380620956421,2.385227918624878,-0.8642549514770508,0.005152702331542969,0.5075311064720154,0.5469903349876404,-0.08221153169870377,0.039459228515625,-1.0097330808639526,-1.0,-0.746665894985199,0.009733080863952637
50,early_20pct,41,10347,206,0.02421494387090206,0.057532601058483124,0.04280868172645569,0.998553991317749,1.0,0.0014460086822509766,True,1.0,True,0.03999999910593033,0.03999897092580795,-0.06660602241754532,-0.06215589866042137,-0.6551720499992371,0.004450123757123947,-0.0999959334731102,-0.07230225205421448,-0.7621541619300842,0.02769368141889572,-0.26533710956573486,-0.2686610817909241,-0.9475651979446411,0.003323972225189209,-2.613617181777954,-2.6139771938323975,-0.6207147240638733,0.0003600120544433594,0.03414014354348183,0.03871961683034897,-0.2836560904979706,0.004579473286867142,2.5836803913116455,2.609342098236084,-0.06105966866016388,0.025661706924438477,0.42787349224090576,0.3850648105144501,-0.25818920135498047,0.04280868172645569,0.998553991317749,1.0,1.3563071489334106,0.0014460086822509766
50,mid_50pct,102,10408,206,0.02421494387090206,0.16406269371509552,0.08633780479431152,-1.0073082447052002,-1.0,0.007308244705200195,True,-1.0,True,0.02036106586456299,0.020759837701916695,-0.12650002539157867,-0.07406514883041382,-1.0426779985427856,0.052434876561164856,0.3202965557575226,0.24247002601623535,1.1651036739349365,0.07782652974128723,-0.12024525552988052,-0.18990090489387512,0.014207310974597931,0.0696556493639946,-2.584573268890381,-2.5964195728302,-0.4792616069316864,0.011846303939819336,0.4984757900238037,0.4121379852294922,1.9142813682556152,0.08633780479431152,2.9895894527435303,2.9228334426879883,1.6255640983581543,0.06675601005554199,0.3170950412750244,0.3518420457839966,-0.5029182434082031,0.03474700450897217,-1.0073082447052002,-1.0,-0.7441267371177673,0.007308244705200195
50,late_80pct,164,10470,206,0.01209252793341875,0.02851749211549759,0.0222780704498291,-1.0067193508148193,-1.0,0.006719350814819336,True,-1.0,True,0.020340343937277794,0.02078229747712612,0.2152279019355774,0.22170396149158478,1.1682547330856323,0.006476059556007385,0.05107235163450241,0.05456884950399399,-0.06942817568778992,0.003496497869491577,-0.011968627572059631,-0.004611227661371231,0.7319422364234924,0.0073573999106884,-2.2761096954345703,-2.253831624984741,1.0230504274368286,0.0222780704498291,-0.0075770169496536255,-0.009708345867693424,-0.4811246693134308,0.0021313289180397987,2.41920804977417,2.4128658771514893,-0.7444714903831482,0.006342172622680664,1.218052864074707,1.2308541536331177,1.4874556064605713,0.012801289558410645,-1.0067193508148193,-1.0,-0.7435100078582764,0.006719350814819336
51,early_20pct,41,10553,206,0.01209252793341875,0.04155952110886574,0.039129555225372314,0.9976372718811035,1.0,0.0023627281188964844,True,1.0,True,0.03999999910593033,0.03999859094619751,-0.07245355099439621,-0.07122645527124405,-0.6930047273635864,0.0012270957231521606,-0.05304756015539169,-0.04979536682367325,-0.5468716621398926,0.003252193331718445,-0.29777437448501587,-0.289583295583725,-1.162582516670227,0.008191078901290894,-2.582939863204956,-2.5799527168273926,-0.47130686044692993,0.0029871463775634766,0.05136284977197647,0.04166489839553833,-0.2021322250366211,0.009697951376438141,2.562047004699707,2.5657782554626465,-0.15095078945159912,0.003731250762939453,0.28964856266975403,0.32877811789512634,-0.5635523200035095,0.039129555225372314,0.9976372718811035,1.0,1.3553472757339478,0.0023627281188964844
51,mid_50pct,102,10614,206,0.01209252793341875,0.01900831051170826,0.010830894112586975,-0.9985589981079102,-1.0,0.0014410018920898438,True,-1.0,True,0.020114975050091743,0.020574728026986122,-0.1599937379360199,-0.157460555434227,-1.2593777179718018,0.0025331825017929077,0.22233375906944275,0.21150286495685577,0.7158936262130737,0.010830894112586975,-0.16306620836257935,-0.16519108414649963,-0.2696405351161957,0.002124875783920288,-2.567575693130493,-2.5670113563537598,-0.39647868275642395,0.0005643367767333984,0.3248870372772217,0.3145384192466736,1.0925971269607544,0.010348618030548096,2.8045198917388916,2.79799222946167,0.8565670251846313,0.00652766227722168,0.0013837814331054688,-0.00772954523563385,-1.2003798484802246,0.009113326668739319,-0.9985589981079102,-1.0,-0.7349649667739868,0.0014410018920898438
51,late_80pct,164,10676,206,0.01209252793341875,0.051699887961149216,0.03540182113647461,-0.9961199760437012,-1.0,0.003880023956298828,True,-1.0,True,0.020127031952142715,0.02056169882416725,0.12039478868246078,0.11917709559202194,0.5546975135803223,0.0012176930904388428,0.11754272878170013,0.09708656370639801,0.23537278175354004,0.020456165075302124,0.07699346542358398,0.07851458340883255,1.3216465711593628,0.0015211179852485657,-2.195375919342041,-2.174065113067627,1.4162482023239136,0.021310806274414062,0.05087198689579964,0.05084576457738876,-0.20445573329925537,2.6222318410873413e-05,2.3674800395965576,2.332078218460083,-0.9594111442565918,0.03540182113647461,0.7418657541275024,0.7651721239089966,0.4354747533798218,0.02330636978149414,-0.9961199760437012,-1.0,-0.7324109077453613,0.003880023956298828
52,early_20pct,41,10759,208,0.01209252793341875,0.033851440995931625,0.021155118942260742,1.0102591514587402,1.0,0.010259151458740234,True,1.0,True,0.03999999910593033,0.039998896420001984,-0.09612703323364258,-0.09297426044940948,-0.8461688756942749,0.0031527727842330933,-0.02548065036535263,-0.00710674375295639,-0.4204631447792053,0.01837390661239624,-0.2901766300201416,-0.28818440437316895,-1.112219214439392,0.0019922256469726562,-2.49985408782959,-2.499852180480957,-0.06665372848510742,1.9073486328125e-06,0.05574791878461838,0.05986340343952179,-0.18137545883655548,0.004115484654903412,2.4906609058380127,2.5118160247802734,-0.4475729167461395,0.021155118942260742,0.3428301215171814,0.32466602325439453,-0.44606494903564453,0.018164098262786865,1.0102591514587402,1.0,1.368564248085022,0.010259151458740234
52,mid_50pct,104,10822,208,0.01209252793341875,0.06219715625047684,0.036352694034576416,-1.0055357217788696,-1.0,0.005535721778869629,True,-1.0,True,0.02009444124996662,0.020429693162441254,-0.03982000797986984,-0.028403060510754585,-0.48187020421028137,0.011416947469115257,0.31622743606567383,0.2798747420310974,1.14644455909729,0.036352694034576416,-0.2958969175815582,-0.3123500943183899,-1.1501374244689941,0.016453176736831665,-2.48207688331604,-2.4894227981567383,0.019927270710468292,0.007345914840698242,0.3161751627922058,0.28634995222091675,1.0513594150543213,0.029825210571289062,2.78786039352417,2.7650492191314697,0.787344753742218,0.022811174392700195,0.5715699195861816,0.545453667640686,0.059261422604322433,0.026116251945495605,-1.0055357217788696,-1.0,-0.7422705888748169,0.005535721778869629
52,late_80pct,166,10884,208,0.01209252793341875,0.03435860201716423,0.025315284729003906,-1.020607590675354,-1.0,0.020607590675354004,True,-1.0,True,0.020020654425024986,0.020508669316768646,0.288168728351593,0.2870529592037201,1.640172004699707,0.0011157691478729248,-0.03889282047748566,-0.06420810520648956,-0.4819648861885071,0.025315284729003906,-0.08212143182754517,-0.08164181560277939,0.2669192850589752,0.0004796162247657776,-2.352079391479492,-2.369356393814087,0.6530546545982361,0.017277002334594727,0.0066701993346214294,0.0024577518925070763,-0.4136853516101837,0.004212447442114353,2.3374624252319336,2.327387809753418,-1.0841398239135742,0.010074615478515625,1.3544864654541016,1.3435120582580566,1.788861632347107,0.010974407196044922,-1.020607590675354,-1.0,-0.7580531239509583,0.020607590675354004
53,early_20pct,42,10968,210,0.01209252793341875,0.02599360980093479,0.014528155326843262,0.9857556819915771,1.0,0.014244318008422852,True,1.0,True,0.03999999910593033,0.03999869152903557,-0.07772563397884369,-0.07177549600601196,-0.7271143794059753,0.005950137972831726,-0.2030828595161438,-0.18855470418930054,-1.2348607778549194,0.014528155326843262,-0.35417991876602173,-0.3536940813064575,-1.5364787578582764,0.000485837459564209,-2.7465858459472656,-2.7476577758789062,-1.2683130502700806,0.001071929931640625,-0.007294781506061554,-0.0004532374441623688,-0.47978872060775757,0.006841544061899185,2.628948926925659,2.642443895339966,0.12703873217105865,0.01349496841430664,0.3215281069278717,0.33563095331192017,-0.4931248426437378,0.014102846384048462,0.9857556819915771,1.0,1.3429054021835327,0.014244318008422852
53,mid_50pct,104,11030,210,0.04046834260225296,0.026851778849959373,0.014357075095176697,-0.9824607372283936,-1.0,0.017539262771606445,True,-1.0,True,0.01988641358911991,0.02042151615023613,-0.060766227543354034,-0.07209165394306183,-0.6173893809318542,0.011325426399707794,0.12427713721990585,0.11524589359760284,0.2662535011768341,0.009031243622303009,-0.27160486578941345,-0.25927701592445374,-0.989112377166748,0.012327849864959717,-2.7379074096679688,-2.732133388519287,-1.2260457277297974,0.005774021148681641,0.45712608098983765,0.4473889470100403,1.7185521125793457,0.009737133979797363,2.90344500541687,2.9084386825561523,1.2676185369491577,0.0049936771392822266,-0.2174440622329712,-0.2030869871377945,-1.6838089227676392,0.014357075095176697,-0.9824607372283936,-1.0,-0.7181077003479004,0.017539262771606445
53,late_80pct,167,11093,210,0.04046834260225296,0.040828436613082886,0.02903151512145996,-1.007622241973877,-1.0,0.007622241973876953,True,-1.0,True,0.01995033770799637,0.02035197615623474,0.0980629175901413,0.08873247355222702,0.4102133810520172,0.009330444037914276,0.010843109339475632,0.03373890742659569,-0.2538999915122986,0.022895798087120056,0.043431252241134644,0.033596329391002655,1.0991722345352173,0.009834922850131989,-2.339134931564331,-2.310103416442871,0.7160982489585876,0.02903151512145996,0.04082566499710083,0.03981992229819298,-0.2520101070404053,0.0010057426989078522,2.4513301849365234,2.4487736225128174,-0.610998272895813,0.0025565624237060547,0.6366614103317261,0.6470817923545837,0.20305997133255005,0.010420382022857666,-1.007622241973877,-1.0,-0.7444555163383484,0.007622241973876953
54,early_20pct,41,11177,206,0.04046834260225296,0.04180951043963432,0.02945229411125183,1.0117324590682983,1.0,0.01173245906829834,True,1.0,True,0.03999999910593033,0.039998915046453476,-0.04552571475505829,-0.04638472944498062,-0.5187853574752808,0.0008590146899223328,-0.008603408932685852,0.00994059443473816,-0.3430722951889038,0.01854400336742401,-0.24316689372062683,-0.24079486727714539,-0.8006051778793335,0.0023720264434814453,-2.4910199642181396,-2.492781639099121,-0.023628748953342438,0.0017616748809814453,0.051985856145620346,0.05523534119129181,-0.19918322563171387,0.003249485045671463,2.5219297409057617,2.5446605682373047,-0.3176451325416565,0.02273082733154297,0.3921443223953247,0.42159661650657654,-0.33712121844291687,0.02945229411125183,1.0117324590682983,1.0,1.3701069355010986,0.01173245906829834
54,mid_50pct,102,11238,206,0.04046834260225296,0.06737201660871506,0.04334616661071777,-0.9984707832336426,-1.0,0.0015292167663574219,True,-1.0,True,0.01989828236401081,0.020378688350319862,-0.1688765436410904,-0.15461599826812744,-1.3168482780456543,0.014260545372962952,0.32924365997314453,0.28589749336242676,1.2061307430267334,0.04334616661071777,-0.0888848826289177,-0.10607405006885529,0.22208631038665771,0.01718916743993759,-2.481858491897583,-2.4868743419647217,0.020990759134292603,0.005015850067138672,0.23994162678718567,0.22180454432964325,0.6905072927474976,0.01813708245754242,2.8508543968200684,2.8202106952667236,1.0490952730178833,0.030643701553344727,0.006862223148345947,0.036326076835393906,-1.188277006149292,0.02946385368704796,-0.9984707832336426,-1.0,-0.734872579574585,0.0015292167663574219
54,late_80pct,164,11300,206,0.04046834260225296,0.03635502606630325,0.025297880172729492,-1.0178395509719849,-1.0,0.017839550971984863,True,-1.0,True,0.019919611513614655,0.020354855805635452,0.1015007272362709,0.0985855683684349,0.43245553970336914,0.0029151588678359985,0.003896355628967285,-0.011223534122109413,-0.2857544422149658,0.015119889751076698,0.107362762093544,0.10142508149147034,1.5229560136795044,0.005937680602073669,-2.3341448307037354,-2.359442710876465,0.7404014468193054,0.025297880172729492,0.02521422505378723,0.021738439798355103,-0.32590702176094055,0.003475785255432129,2.3959193229675293,2.4084653854370117,-0.8412411212921143,0.012546062469482422,0.6661399006843567,0.6816271543502808,0.2681831121444702,0.015487253665924072,-1.0178395509719849,-1.0,-0.755154550075531,0.017839550971984863
55,early_20pct,41,11383,208,0.04046834260225296,0.04339626431465149,0.036224424839019775,1.0167961120605469,1.0,0.016796112060546875,True,1.0,True,0.03999999910593033,0.03999887779355049,-0.09930041432380676,-0.09502443671226501,-0.8667002320289612,0.004275977611541748,0.06815535575151443,0.07698459923267365,0.008906200528144836,0.00882924348115921,-0.2867558002471924,-0.28003406524658203,-1.0895435810089111,0.0067217350006103516,-2.42769718170166,-2.433027744293213,0.284772664308548,0.005330562591552734,0.09504809230566025,0.09399203956127167,0.00465228408575058,0.0010560527443885803,2.507181167602539,2.5271830558776855,-0.37892815470695496,0.020001888275146484,0.3368673324584961,0.3006429076194763,-0.45923781394958496,0.036224424839019775,1.0167961120605469,1.0,1.3754093647003174,0.016796112060546875
55,mid_50pct,104,11446,208,0.04046834260225296,0.023147663101553917,0.020969867706298828,-0.9929635524749756,-1.0,0.007036447525024414,True,-1.0,True,0.020229652523994446,0.020556582137942314,-0.014319445937871933,-0.01670449785888195,-0.3168850541114807,0.0023850519210100174,0.26505932211875916,0.2671160399913788,0.911812424659729,0.002056717872619629,-0.3390852212905884,-0.3350972533226013,-1.4364204406738281,0.0039879679679870605,-2.407794237136841,-2.4074010848999023,0.38170576095581055,0.00039315223693847656,0.24077759683132172,0.24581265449523926,0.6944643259048462,0.0050350576639175415,2.646533489227295,2.6532230377197266,0.20010575652122498,0.006689548492431641,0.6486387252807617,0.6276688575744629,0.22951997816562653,0.020969867706298828,-0.9929635524749756,-1.0,-0.7291057109832764,0.007036447525024414
55,late_80pct,166,11508,208,0.04046834260225296,0.04580782353878021,0.027338266372680664,-1.0084847211837769,-1.0,0.008484721183776855,True,-1.0,True,0.020149778574705124,0.020642906427383423,0.297202467918396,0.28886619210243225,1.6986188888549805,0.008336275815963745,0.08036874234676361,0.0551224984228611,0.06491086632013321,0.02524624392390251,-0.13302630186080933,-0.13801433145999908,-0.07051458954811096,0.004988029599189758,-2.1968324184417725,-2.219594717025757,1.4091542959213257,0.022762298583984375,0.04600764811038971,0.04087049514055252,-0.22748112678527832,0.005137152969837189,2.295670986175537,2.28702712059021,-1.257790446281433,0.008643865585327148,1.3365975618362427,1.309259295463562,1.7493418455123901,0.027338266372680664,-1.0084847211837769,-1.0,-0.7453585863113403,0.008484721183776855
56,early_20pct,41,11591,208,0.016167717054486275,0.044774577021598816,0.043745726346969604,0.9905844926834106,1.0,0.009415507316589355,True,1.0,True,0.03999999910593033,0.039999570697546005,-0.06794723868370056,-0.06285195052623749,-0.6638495326042175,0.005095288157463074,-0.1275588572025299,-0.12192928791046143,-0.8885443210601807,0.0056295692920684814,-0.2472778856754303,-0.24548138678073883,-0.8278558254241943,0.0017964988946914673,-2.6421024799346924,-2.637789011001587,-0.7594469785690308,0.004313468933105469,0.030431583523750305,0.02725718915462494,-0.30121058225631714,0.003174394369125366,2.595090389251709,2.5963191986083984,-0.013649620115756989,0.0012288093566894531,0.4605046808719635,0.4167589545249939,-0.18610119819641113,0.043745726346969604,0.9905844926834106,1.0,1.3479619026184082,0.009415507316589355
56,mid_50pct,104,11654,208,0.016167717054486275,0.13297298550605774,0.07203805446624756,-1.00962495803833,-1.0,0.009624958038330078,True,-1.0,True,0.020087046548724174,0.0204351507127285,0.061746492981910706,0.09492342174053192,0.17525111138820648,0.033176928758621216,0.27245429158210754,0.20041623711585999,0.9457221627235413,0.07203805446624756,-0.28520530462265015,-0.33726412057876587,-1.079265832901001,0.05205881595611572,-2.6059863567352295,-2.6201250553131104,-0.5835505723953247,0.01413869857788086,0.4067669212818146,0.33635613322257996,1.4801764488220215,0.07041078805923462,2.968705892562866,2.921339750289917,1.538789987564087,0.04736614227294922,0.6233102679252625,0.6590925455093384,0.17356498539447784,0.03578227758407593,-1.00962495803833,-1.0,-0.7465526461601257,0.009624958038330078
56,late_80pct,166,11716,208,0.016167717054486275,0.019539207220077515,0.00953972339630127,-1.0140300989151,-1.0,0.014030098915100098,True,-1.0,True,0.02002987079322338,0.020496323704719543,0.3652381896972656,0.3735334575176239,2.138800859451294,0.008295267820358276,0.06012766808271408,0.05087365210056305,-0.027904890477657318,0.009254015982151031,-0.15551766753196716,-0.15340401232242584,-0.21960344910621643,0.002113655209541321,-2.3115713596343994,-2.3181660175323486,0.8503407835960388,0.006594657897949219,-0.052685871720314026,-0.05975247547030449,-0.6946479082107544,0.007066603749990463,2.4795217514038086,2.4733223915100098,-0.4938580393791199,0.006199359893798828,1.4703900814056396,1.479929804801941,2.0449130535125732,0.00953972339630127,-1.0140300989151,-1.0,-0.751165509223938,0.014030098915100098
57,early_20pct,41,11799,206,0.016167717054486275,0.03097464144229889,0.019560828804969788,0.9873754978179932,1.0,0.012624502182006836,True,1.0,True,0.03999999910593033,0.03999866172671318,-0.0656217560172081,-0.06548509001731873,-0.6488039493560791,0.00013666599988937378,-0.1712472140789032,-0.1516863852739334,-1.0888780355453491,0.019560828804969788,-0.30319535732269287,-0.3022732734680176,-1.198516607284546,0.000922083854675293,-2.7060608863830566,-2.7058639526367188,-1.0709439516067505,0.00019693374633789062,0.004090465605258942,0.005353276617825031,-0.4258965253829956,0.0012628110125660896,2.6320321559906006,2.6484196186065674,0.1398499310016632,0.016387462615966797,0.3223695456981659,0.33985528349876404,-0.4912659525871277,0.017485737800598145,0.9873754978179932,1.0,1.3446016311645508,0.012624502182006836
57,mid_50pct,102,11860,206,0.016167717054486275,0.07222345471382141,0.046529173851013184,-1.0035479068756104,-1.0,0.0035479068756103516,True,-1.0,True,0.01990887150168419,0.020489402115345,-0.23060329258441925,-0.21859915554523468,-1.7162117958068848,0.01200413703918457,0.23231664299964905,0.18578746914863586,0.7616703510284424,0.046529173851013184,-0.04875665158033371,-0.0766482800245285,0.4880848824977875,0.027891628444194794,-2.6588685512542725,-2.6694271564483643,-0.8411030173301697,0.010558605194091797,0.4981164038181305,0.45914706587791443,1.912580132484436,0.038969337940216064,2.937950372695923,2.9183599948883057,1.4109947681427002,0.019590377807617188,-0.4551990032196045,-0.46593886613845825,-2.2090513706207275,0.01073986291885376,-1.0035479068756104,-1.0,-0.7401890754699707,0.0035479068756103516
57,late_80pct,164,11922,206,0.016167717054486275,0.054942574352025986,0.03425407409667969,-1.011225938796997,-1.0,0.01122593879699707,True,-1.0,True,0.01997830718755722,0.02041238360106945,0.011249292641878128,0.019837193191051483,-0.15145882964134216,0.008587900549173355,-0.004653282463550568,0.021472692489624023,-0.3249589204788208,0.02612597495317459,0.19859488308429718,0.20130622386932373,2.1277077198028564,0.0027113407850265503,-2.345761775970459,-2.3115077018737793,0.683822751045227,0.03425407409667969,0.059206198900938034,0.045719705522060394,-0.1650056689977646,0.01348649337887764,2.4522218704223633,2.4433698654174805,-0.6072939038276672,0.008852005004882812,0.4258352220058441,0.4544958472251892,-0.26269209384918213,0.028660625219345093,-1.011225938796997,-1.0,-0.7482290863990784,0.01122593879699707
58,early_20pct,41,12005,206,0.016167717054486275,0.04605759680271149,0.03515946865081787,1.0164309740066528,1.0,0.016430974006652832,True,1.0,True,0.03999999910593033,0.03999914228916168,-0.07170933485031128,-0.07207280397415161,-0.6881897449493408,0.00036346912384033203,0.008344259113073349,0.021754223853349686,-0.26535850763320923,0.013409964740276337,-0.25263869762420654,-0.25016874074935913,-0.8633909225463867,0.002469956874847412,-2.4499244689941406,-2.4578073024749756,0.17651838064193726,0.007882833480834961,0.048162419348955154,0.05192553624510765,-0.2172815054655075,0.0037631168961524963,2.4991230964660645,2.524078130722046,-0.4124106764793396,0.024955034255981445,0.39332330226898193,0.4284827709197998,-0.3345166742801666,0.03515946865081787,1.0164309740066528,1.0,1.3750269412994385,0.016430974006652832
58,mid_50pct,102,12066,206,0.016167717054486275,0.08645797520875931,0.05662727355957031,-1.0043904781341553,-1.0,0.0043904781341552734,True,-1.0,True,0.020307349041104317,0.020685924217104912,-0.06925733387470245,-0.0506046898663044,-0.6723256707191467,0.018652644008398056,0.36581888794898987,0.30919161438941956,1.3738470077514648,0.05662727355957031,-0.21742618083953857,-0.24249231815338135,-0.6299773454666138,0.025066137313842773,-2.4457080364227295,-2.4485063552856445,0.19705446064472198,0.002798318862915039,0.21594512462615967,0.18519622087478638,0.5769195556640625,0.03074890375137329,2.822434902191162,2.7768759727478027,0.9310078024864197,0.045558929443359375,0.4216774106025696,0.4378995895385742,-0.2718774080276489,0.01622217893600464,-1.0043904781341553,-1.0,-0.741071343421936,0.0043904781341552734
58,late_80pct,164,12128,206,0.016677413135766983,0.023844867944717407,0.015547752380371094,-1.0036832094192505,-1.0,0.0036832094192504883,True,-1.0,True,0.02025752142071724,0.020740579813718796,0.2686806917190552,0.2589762508869171,1.5140868425369263,0.009704440832138062,0.04105246812105179,0.034826625138521194,-0.11537450551986694,0.006225842982530594,-0.02124607563018799,-0.026712648570537567,0.670444667339325,0.005466572940349579,-2.306497097015381,-2.2909493446350098,0.8750545382499695,0.015547752380371094,-0.02298486977815628,-0.027033206075429916,-0.5540578961372375,0.004048336297273636,2.354106903076172,2.3419580459594727,-1.0149787664413452,0.012148857116699219,1.1405588388442993,1.1407604217529297,1.3162578344345093,0.0002015829086303711,-1.0036832094192505,-1.0,-0.740330696105957,0.0036832094192504883
59,early_20pct,41,12211,206,0.016677413135766983,0.0976066067814827,0.09631112217903137,1.0034822225570679,1.0,0.003482222557067871,True,1.0,True,0.03999999910593033,0.03999869152903557,-0.024147484451532364,-0.021176639944314957,-0.3804711103439331,0.0029708445072174072,0.10664331167936325,0.10886606574058533,0.1853933185338974,0.0022227540612220764,-0.3261182904243469,-0.32298925518989563,-1.350466251373291,0.003129035234451294,-2.394367218017578,-2.399101495742798,0.447099894285202,0.0047342777252197266,0.18239600956439972,0.16873422265052795,0.4181145429611206,0.013661786913871765,2.567356824874878,2.571669816970825,-0.12888720631599426,0.004312992095947266,0.18983671069145203,0.2861478328704834,-0.7840542793273926,0.09631112217903137,1.0034822225570679,1.0,1.361467719078064,0.003482222557067871
59,mid_50pct,102,12272,206,0.016677413135766983,0.014272637665271759,0.010933533310890198,-0.9925885200500488,-1.0,0.007411479949951172,True,-1.0,True,0.019977832213044167,0.020483944565057755,-0.18569102883338928,-0.1833546757698059,-1.4256356954574585,0.002336353063583374,0.32316192984580994,0.3206232488155365,1.178242802619934,0.0025386810302734375,-0.1344447284936905,-0.1411900818347931,-0.07991696149110794,0.0067453533411026,-2.3642001152038574,-2.362870931625366,0.5940227508544922,0.001329183578491211,0.3384927809238434,0.3370020389556885,1.157000184059143,0.0014907419681549072,2.698378324508667,2.703150510787964,0.4155306816101074,0.004772186279296875,-0.2289358377456665,-0.2180023044347763,-1.7091963291168213,0.010933533310890198,-0.9925885200500488,-1.0,-0.7287129759788513,0.007411479949951172
59,late_80pct,164,12334,206,0.016677413135766983,0.07235740125179291,0.047086477279663086,-1.0009254217147827,-1.0,0.0009254217147827148,True,-1.0,True,0.019998017698526382,0.02046089991927147,0.16874870657920837,0.16737814247608185,0.867540717124939,0.0013705641031265259,0.26613274216651917,0.22227135300636292,0.9167345762252808,0.04386138916015625,0.03567381203174591,0.03904557600617409,1.0477503538131714,0.003371763974428177,-2.043870449066162,-2.019444704055786,2.1541261672973633,0.024425745010375977,0.07590624690055847,0.07532043009996414,-0.08595581352710724,0.0005858168005943298,2.3674306869506836,2.3203442096710205,-0.9596160650253296,0.047086477279663086,0.5319852232933044,0.5539949536323547,-0.028188083320856094,0.022009730339050293,-1.0009254217147827,-1.0,-0.7374429702758789,0.0009254217147827148
60,early_20pct,40,12416,200,0.016677413135766983,0.024560557678341866,0.014459371566772461,0.9917917251586914,1.0,0.008208274841308594,True,1.0,True,0.03999999910593033,0.03999922052025795,-0.007107280194759369,0.0021314334589987993,-0.27022334933280945,0.009238713420927525,-0.28300973773002625,-0.27022621035575867,-1.6013667583465576,0.012783527374267578,-0.19230572879314423,-0.18796494603157043,-0.4634609818458557,0.0043407827615737915,-2.8157572746276855,-2.8263916969299316,-1.6051980257034302,0.010634422302246094,-0.020235002040863037,-0.02295539155602455,-0.541041374206543,0.0027203895151615143,2.561159610748291,2.5756189823150635,-0.1546379178762436,0.014459371566772461,0.5695428848266602,0.5720008015632629,0.05478338152170181,0.002457916736602783,0.9917917251586914,1.0,1.3492261171340942,0.008208274841308594
60,mid_50pct,100,12476,200,0.016677413135766983,0.33719661831855774,0.20078754425048828,-1.0051952600479126,-1.0,0.005195260047912598,True,-1.0,True,0.020465301349759102,0.020919770002365112,-0.08720314502716064,-0.0056635476648807526,-0.7884325981140137,0.08153960108757019,0.1856851577758789,0.07128792256116867,0.54784095287323,0.11439723521471024,0.00333210825920105,-0.10142727196216583,0.8333663940429688,0.10475938022136688,-2.8017196655273438,-2.8262484073638916,-1.5368306636810303,0.02452874183654785,0.5663135051727295,0.3795941472053528,2.235391616821289,0.1867193579673767,3.012242317199707,2.9273295402526855,1.7196906805038452,0.08491277694702148,-0.04945945739746094,0.15132808685302734,-1.3127014636993408,0.20078754425048828,-1.0051952600479126,-1.0,-0.7419140338897705,0.005195260047912598
60,late_80pct,159,12535,200,0.016677413135766983,0.05331074818968773,0.037886738777160645,-0.9935712814331055,-1.0,0.006428718566894531,True,-1.0,True,0.020480778068304062,0.02090158499777317,0.09514431655406952,0.10342250019311905,0.39133045077323914,0.00827818363904953,0.0480845645070076,0.0348246768116951,-0.08312872052192688,0.0132598876953125,0.14634017646312714,0.15162482857704163,1.781326174736023,0.00528465211391449,-2.3191730976104736,-2.302154064178467,0.8133183121681213,0.017019033432006836,0.0782587081193924,0.07302434742450714,-0.07482041418552399,0.005234360694885254,2.4260497093200684,2.397461175918579,-0.7160432934761047,0.028588533401489258,0.7889280915260315,0.8268148303031921,0.5394437909126282,0.037886738777160645,-0.9935712814331055,-1.0,-0.7297420501708984,0.006428718566894531
61,early_20pct,42,12618,209,0.016677413135766983,0.026001304388046265,0.0182512104511261,0.9914488792419434,1.0,0.00855112075805664,True,1.0,True,0.03999999910593033,0.0399993397295475,-0.0015497468411922455,0.009400991722941399,-0.23426686227321625,0.010950738564133644,-0.2011106014251709,-0.1828593909740448,-1.2258169651031494,0.0182512104511261,-0.2162996381521225,-0.21370314061641693,-0.622509777545929,0.0025964975357055664,-2.765709638595581,-2.76322340965271,-1.3614517450332642,0.0024862289428710938,0.013695605099201202,0.009046045131981373,-0.38043051958084106,0.0046495599672198296,2.651686668395996,2.664048194885254,0.22151844203472137,0.012361526489257812,0.5364338755607605,0.530459463596344,-0.01836027204990387,0.005974411964416504,0.9914488792419434,1.0,1.3488670587539673,0.00855112075805664
61,mid_50pct,104,12680,209,0.015616606920957565,0.2683669924736023,0.1438901424407959,-1.0069648027420044,-1.0,0.0069648027420043945,True,-1.0,True,0.020165154710412025,0.020597370341420174,-0.06820464879274368,0.0024163946509361267,-0.6655149459838867,0.07062104344367981,0.2229960858821869,0.1099289134144783,0.7189307808876038,0.11306717246770859,-0.020847909152507782,-0.12484030425548553,0.673084020614624,0.10399239510297775,-2.734285354614258,-2.757145643234253,-1.2084051370620728,0.022860288619995117,0.5484029054641724,0.40451276302337646,2.150611639022827,0.1438901424407959,3.0452725887298584,2.9668490886688232,1.8569376468658447,0.07842350006103516,0.1567973792552948,0.2835163474082947,-0.8570439219474792,0.12671896815299988,-1.0069648027420044,-1.0,-0.7437670826911926,0.0069648027420043945
61,late_80pct,166,12742,209,0.015616606920957565,0.04496285319328308,0.029603242874145508,-0.9833782911300659,-1.0,0.016621708869934082,True,-1.0,True,0.020169144496321678,0.02059083618223667,0.14473746716976166,0.14973494410514832,0.7121913433074951,0.004997476935386658,0.12490500509738922,0.1000925749540329,0.2691325843334198,0.024812430143356323,0.1039278656244278,0.10908466577529907,1.5001870393753052,0.005156800150871277,-2.2149205207824707,-2.209805727005005,1.3210599422454834,0.00511479377746582,-0.003170214593410492,-0.0006290515884757042,-0.46026504039764404,0.0025411630049347878,2.4530868530273438,2.431980848312378,-0.603699266910553,0.02110600471496582,1.0269925594329834,1.056595802307129,1.065369963645935,0.029603242874145508,-0.9833782911300659,-1.0,-0.7190685272216797,0.016621708869934082
62,early_20pct,42,12827,209,0.015616606920957565,0.018117623403668404,0.012074857950210571,1.010035753250122,1.0,0.01003575325012207,True,1.0,True,0.03999999910593033,0.03999914973974228,-0.011516477912664413,-0.004539002664387226,-0.29875025153160095,0.006977475248277187,-0.06158498674631119,-0.05409862473607063,-0.5860201716423035,0.007486362010240555,-0.26129579544067383,-0.25474464893341064,-0.9207763671875,0.006551146507263184,-2.5919189453125,-2.5889201164245605,-0.515038013458252,0.002998828887939453,0.0441858135163784,0.044716089963912964,-0.2361048012971878,0.0005302764475345612,2.542449951171875,2.547502040863037,-0.2323800027370453,0.005052089691162109,0.45786356925964355,0.445788711309433,-0.19193585216999054,0.012074857950210571,1.010035753250122,1.0,1.3683302402496338,0.01003575325012207
62,mid_50pct,104,12889,209,0.015616606920957565,0.011353788897395134,0.008873701095581055,-1.0050361156463623,-1.0,0.005036115646362305,True,-1.0,True,0.02011975459754467,0.020524049177765846,-0.04672838747501373,-0.0445144847035408,-0.5265664458274841,0.002213902771472931,0.22049397230148315,0.21680611371994019,0.7074572443962097,0.0036878585815429688,-0.17300406098365784,-0.1736481487751007,-0.33551573753356934,0.0006440877914428711,-2.593977212905884,-2.589435338973999,-0.5250614285469055,0.004541873931884766,0.2771604061126709,0.2739446759223938,0.8666828274726868,0.0032157301902770996,2.826383352279663,2.8258543014526367,0.9474138617515564,0.0005290508270263672,0.22200646996498108,0.23088017106056213,-0.712985634803772,0.008873701095581055,-1.0050361156463623,-1.0,-0.7417474389076233,0.005036115646362305
62,late_80pct,166,12951,209,0.015616606920957565,0.01770532689988613,0.012480318546295166,-1.0125179290771484,-1.0,0.012517929077148438,True,-1.0,True,0.02010507695376873,0.0205397866666317,0.19467155635356903,0.1869870275259018,1.0352580547332764,0.007684528827667236,-0.06756389886140823,-0.07220940291881561,-0.6134365797042847,0.004645504057407379,0.04324530065059662,0.03546949848532677,1.0979396104812622,0.007775802165269852,-2.3980581760406494,-2.4019248485565186,0.42912328243255615,0.0038666725158691406,0.0462074801325798,0.046466197818517685,-0.22653523087501526,0.00025871768593788147,2.372403383255005,2.373670816421509,-0.9389538168907166,0.0012674331665039062,0.902743399143219,0.8902630805969238,0.7908818125724792,0.012480318546295166,-1.0125179290771484,-1.0,-0.7495819926261902,0.012517929077148438
63,early_20pct,42,13036,210,0.015616606920957565,0.02861577644944191,0.019661977887153625,0.9792817831039429,1.0,0.02071821689605713,True,1.0,True,0.03999999910593033,0.03999845311045647,-0.07314260303974152,-0.06897006183862686,-0.697462797164917,0.0041725412011146545,-0.20869851112365723,-0.1890365332365036,-1.2606115341186523,0.019661977887153625,-0.3387553095817566,-0.34100472927093506,-1.4342334270477295,0.002249419689178467,-2.7033863067626953,-2.7107715606689453,-1.057917594909668,0.00738525390625,-0.052514150738716125,-0.05204746127128601,-0.6938350796699524,0.00046668946743011475,2.508878231048584,2.5265426635742188,-0.371876060962677,0.017664432525634766,0.42053723335266113,0.4139792323112488,-0.27439627051353455,0.0065580010414123535,0.9792817831039429,1.0,1.3361263275146484,0.02071821689605713
63,mid_50pct,104,13098,210,0.015616606920957565,0.02581939287483692,0.016702592372894287,-1.001598834991455,-1.0,0.0015988349914550781,True,-1.0,True,0.020288614556193352,0.02071881853044033,-0.0853574275970459,-0.08502356708049774,-0.7764910459518433,0.00033386051654815674,0.10591744631528854,0.08941585570573807,0.18206486105918884,0.016501590609550476,-0.2786618769168854,-0.2752346098423004,-1.0358912944793701,0.003427267074584961,-2.7166686058044434,-2.7206575870513916,-1.1226062774658203,0.003988981246948242,0.29678618907928467,0.2800835967063904,0.9595816731452942,0.016702592372894287,2.803135395050049,2.797952175140381,0.8508143424987793,0.005183219909667969,0.12327516078948975,0.11548243463039398,-0.9311004281044006,0.007792726159095764,-1.001598834991455,-1.0,-0.738148033618927,0.0015988349914550781
63,late_80pct,167,13161,210,0.015616606920957565,0.016318058595061302,0.010912954807281494,-0.9986412525177002,-1.0,0.0013587474822998047,True,-1.0,True,0.020279180258512497,0.020729487761855125,0.14504864811897278,0.1352607160806656,0.7142046689987183,0.00978793203830719,0.17331767082214355,0.17002934217453003,0.49112963676452637,0.0032883286476135254,0.022454440593719482,0.019675441086292267,0.9601229429244995,0.0027789995074272156,-2.115546226501465,-2.1126954555511475,1.805043339729309,0.002850770950317383,0.0827910527586937,0.07810599356889725,-0.0533665269613266,0.004685059189796448,2.3155598640441895,2.3138954639434814,-1.1751482486724854,0.0016644001007080078,0.8257972002029419,0.8367101550102234,0.6208940744400024,0.010912954807281494,-0.9986412525177002,-1.0,-0.7350510954856873,0.0013587474822998047
64,early_20pct,41,13245,204,0.02993732877075672,0.016298610717058182,0.009937059134244919,0.9797749519348145,1.0,0.020225048065185547,True,1.0,True,0.03999999910593033,0.039999376982450485,-0.01600416749715805,-0.006067108362913132,-0.3277849853038788,0.009937059134244919,-0.2900077700614929,-0.2806331515312195,-1.6334563493728638,0.009374618530273438,-0.18283334374427795,-0.17930415272712708,-0.4006713032722473,0.003529191017150879,-2.8526744842529297,-2.8533637523651123,-1.7849966287612915,0.0006892681121826172,-0.009828157722949982,-0.010080859065055847,-0.49178045988082886,0.0002527013421058655,2.6379826068878174,2.6434755325317383,0.16457560658454895,0.0054929256439208984,0.5790794491767883,0.573091983795166,0.07585123181343079,0.0059874653816223145,0.9797749519348145,1.0,1.3366427421569824,0.020225048065185547
64,mid_50pct,102,13306,204,0.02993732877075672,0.38439252972602844,0.23217034339904785,-1.001312017440796,-1.0,0.0013120174407958984,True,-1.0,True,0.02021797187626362,0.02063620649278164,0.005548443645238876,0.10267022252082825,-0.18834254145622253,0.09712177515029907,0.1902819126844406,0.0569244921207428,0.5689194202423096,0.13335742056369781,-0.07411066442728043,-0.21468187868595123,0.3200203776359558,0.1405712068080902,-2.811227321624756,-2.8423142433166504,-1.583136796951294,0.03108692169189453,0.5082192420959473,0.2760488986968994,1.960402011871338,0.23217034339904785,3.0458521842956543,2.9508626461029053,1.859346628189087,0.09498953819274902,0.17697489261627197,0.3690374791622162,-0.8124682903289795,0.1920625865459442,-1.001312017440796,-1.0,-0.7378477454185486,0.0013120174407958984
64,late_80pct,162,13366,204,0.02993732877075672,0.024076679721474648,0.016162395477294922,-0.9939429759979248,-1.0,0.006057024002075195,True,-1.0,True,0.020212717354297638,0.020641541108489037,0.18451373279094696,0.18090972304344177,0.9695382714271545,0.003604009747505188,0.14418894052505493,0.14119963347911835,0.35755935311317444,0.0029893070459365845,0.01654854416847229,0.015904350206255913,0.9209744334220886,0.0006441939622163773,-2.1794509887695312,-2.167135000228882,1.4938071966171265,0.012315988540649414,0.0310056209564209,0.028087014332413673,-0.2984933853149414,0.002918606624007225,2.388204574584961,2.372042179107666,-0.8732973337173462,0.016162395477294922,0.9125165939331055,0.9241751432418823,0.8124725818634033,0.011658549308776855,-0.9939429759979248,-1.0,-0.7301312685012817,0.006057024002075195
65,early_20pct,39,13447,197,0.02993732877075672,0.025813445448875427,0.017662644386291504,1.0182219743728638,1.0,0.01822197437286377,True,1.0,True,0.03999999910593033,0.03999917581677437,-0.048033230006694794,-0.0448560006916523,-0.5350086092948914,0.0031772293150424957,0.06176263466477394,0.05463805049657822,-0.020407721400260925,0.0071245841681957245,-0.20189645886421204,-0.19300095736980438,-0.5270352363586426,0.008895501494407654,-2.40964937210083,-2.4193670749664307,0.37267088890075684,0.009717702865600586,0.04472069442272186,0.04289168119430542,-0.23357294499874115,0.0018290132284164429,2.4853873252868652,2.496185541152954,-0.46948516368865967,0.010798215866088867,0.4452713131904602,0.4629339575767517,-0.21975436806678772,0.017662644386291504,1.0182219743728638,1.0,1.376902461051941,0.01822197437286377
65,mid_50pct,98,13506,197,0.02993732877075672,0.05238781124353409,0.039271920919418335,-1.0073713064193726,-1.0,0.007371306419372559,True,-1.0,True,0.0200568288564682,0.02050589583814144,-0.0432775542140007,-0.035050056874752045,-0.5042400360107422,0.008227497339248657,0.3875367045402527,0.34826478362083435,1.473434329032898,0.039271920919418335,-0.17240628600120544,-0.18155421316623688,-0.33155325055122375,0.009147927165031433,-2.3842356204986572,-2.3917009830474854,0.4964431822299957,0.007465362548828125,0.1590195894241333,0.14561913907527924,0.30746203660964966,0.013400450348854065,2.7740848064422607,2.745527982711792,0.7301037907600403,0.02855682373046875,0.47667503356933594,0.4768388867378235,-0.15037801861763,0.00016385316848754883,-1.0073713064193726,-1.0,-0.7441927194595337,0.007371306419372559
65,late_80pct,157,13565,197,0.02993732877075672,0.04279426112771034,0.02863866090774536,-1.0087822675704956,-1.0,0.008782267570495605,True,-1.0,True,0.02004910260438919,0.020518168807029724,0.216319739818573,0.22787074744701385,1.1753188371658325,0.011551007628440857,0.12010832130908966,0.11509083211421967,0.24713733792304993,0.005017489194869995,-0.056382738053798676,-0.04368282109498978,0.43753373622894287,0.012699916958808899,-2.180880546569824,-2.16068959236145,1.486844778060913,0.020190954208374023,0.003819383680820465,-0.0036695688031613827,-0.4271796941757202,0.007488952483981848,2.2873175144195557,2.272233486175537,-1.2925007343292236,0.015084028244018555,0.9761525988578796,1.004791259765625,0.9530555605888367,0.02863866090774536,-1.0087822675704956,-1.0,-0.7456701993942261,0.008782267570495605
66,early_20pct,42,13647,213,0.02993732877075672,0.06670409440994263,0.06379282474517822,0.9931824207305908,1.0,0.00681757926940918,True,1.0,True,0.03999999910593033,0.03999882936477661,-0.07229026407003403,-0.06974989920854568,-0.6919482946395874,0.0025403648614883423,0.0227825865149498,0.014189660549163818,-0.19915133714675903,0.00859292596578598,-0.2907009720802307,-0.282466322183609,-1.1156949996948242,0.008234649896621704,-2.514580249786377,-2.5107650756835938,-0.13837504386901855,0.003815174102783203,0.15351296961307526,0.14329348504543304,0.28139638900756836,0.010219484567642212,2.591118812561035,2.5804972648620605,-0.030152395367622375,0.01062154769897461,0.2656482458114624,0.3294410705566406,-0.6165732741355896,0.06379282474517822,0.9931824207305908,1.0,1.3506823778152466,0.00681757926940918
66,mid_50pct,106,13711,213,0.02993732877075672,0.026616284623742104,0.021002739667892456,-0.9944790601730347,-1.0,0.005520939826965332,True,-1.0,True,0.02013557218015194,0.020626485347747803,-0.1918395459651947,-0.18922440707683563,-1.4654157161712646,0.00261513888835907,0.2443239390850067,0.23118707537651062,0.8167300224304199,0.013136863708496094,-0.13873609900474548,-0.13739585876464844,-0.10836320370435715,0.001340240240097046,-2.4903807640075684,-2.4875738620758057,-0.020515505224466324,0.0028069019317626953,0.3381354808807373,0.3295062184333801,1.1553089618682861,0.008629262447357178,2.754528045654297,2.7525899410247803,0.6488429307937622,0.0019381046295166016,-0.1696842908859253,-0.14868155121803284,-1.5782992839813232,0.021002739667892456,-0.9944790601730347,-1.0,-0.7306926250457764,0.005520939826965332
66,late_80pct,170,13775,213,0.012803435325622559,0.023433206602931023,0.016718149185180664,-0.9954334497451782,-1.0,0.004566550254821777,True,-1.0,True,0.020169496536254883,0.020589394494891167,0.12148893624544144,0.11397144198417664,0.5617765188217163,0.007517494261264801,0.08738510310649872,0.08457184582948685,0.09708452969789505,0.0028132572770118713,0.1319689005613327,0.12865982949733734,1.6860630512237549,0.0033090710639953613,-2.2321510314941406,-2.21543288230896,1.2371424436569214,0.016718149185180664,0.057726889848709106,0.056700699031353,-0.1720079779624939,0.0010261908173561096,2.4043025970458984,2.390409231185913,-0.8064063787460327,0.013893365859985352,0.6714075803756714,0.6718112230300903,0.2798202931880951,0.0004036426544189453,-0.9954334497451782,-1.0,-0.7316920757293701,0.004566550254821777
67,early_20pct,41,13859,207,0.012803435325622559,0.07228459417819977,0.051859140396118164,0.997132420539856,1.0,0.002867579460144043,True,1.0,True,0.03999999910593033,0.03999965637922287,0.012821491807699203,0.018501650542020798,-0.1412869244813919,0.005680158734321594,-0.1398080587387085,-0.11083607375621796,-0.9447132349014282,0.02897198498249054,-0.1964389532804489,-0.18550071120262146,-0.49085894227027893,0.010938242077827454,-2.63883900642395,-2.6410865783691406,-0.7435530424118042,0.0022475719451904297,0.03984151780605316,0.04340697452425957,-0.2566685676574707,0.0035654567182064056,2.5361955165863037,2.575267791748047,-0.2583684027194977,0.039072275161743164,0.5030417442321777,0.5549008846282959,-0.0921294093132019,0.051859140396118164,0.997132420539856,1.0,1.35481858253479,0.002867579460144043
67,mid_50pct,103,13921,207,0.012803435325622559,0.01052093505859375,0.008199214935302734,-1.001130223274231,-1.0,0.001130223274230957,True,-1.0,True,0.020012715831398964,0.02047348953783512,-0.0777575895190239,-0.07563672959804535,-0.7273211479187012,0.002120859920978546,0.19142496585845947,0.1886138916015625,0.5741608738899231,0.0028110742568969727,-0.06931667774915695,-0.06433631479740143,0.3517983555793762,0.004980362951755524,-2.6085734367370605,-2.6089208126068115,-0.5961496233940125,0.00034737586975097656,0.1826215237379074,0.1830611228942871,0.4191820025444031,0.0004395991563796997,2.80208158493042,2.793882369995117,0.8464362621307373,0.008199214935302734,-0.019107818603515625,-0.0215460192412138,-1.2456494569778442,0.0024382006376981735,-1.001130223274231,-1.0,-0.737657368183136,0.001130223274230957
67,late_80pct,165,13983,207,0.012803435325622559,0.050726860761642456,0.03578662872314453,-0.9978867769241333,-1.0,0.0021132230758666992,True,-1.0,True,0.020010527223348618,0.02047761343419552,0.10591154545545578,0.09729576855897903,0.4609929323196411,0.008615776896476746,0.10417454689741135,0.07780381292104721,0.1740727722644806,0.026370733976364136,0.10403138399124146,0.10136472433805466,1.5008732080459595,0.002666659653186798,-2.20133113861084,-2.1974663734436035,1.3872437477111816,0.003864765167236328,0.05009947717189789,0.05374526232481003,-0.2081124186515808,0.00364578515291214,2.3201191425323486,2.284332513809204,-1.156204342842102,0.03578662872314453,0.4682543873786926,0.4461739659309387,-0.16898071765899658,0.022080421447753906,-0.9978867769241333,-1.0,-0.7342610359191895,0.0021132230758666992
68,early_20pct,41,14066,206,0.012803435325622559,0.024688608944416046,0.016411930322647095,0.9895620346069336,1.0,0.010437965393066406,True,1.0,True,0.03999999910593033,0.03999891132116318,-0.09008639305830002,-0.07900514453649521,-0.8070868253707886,0.01108124852180481,-0.23408690094947815,-0.22165825963020325,-1.377030372619629,0.012428641319274902,-0.3176056146621704,-0.3211793601512909,-1.29403817653656,0.0035737454891204834,-2.767563819885254,-2.7635395526885986,-1.370481252670288,0.0040242671966552734,-0.04505890607833862,-0.040204402059316635,-0.6585455536842346,0.004854504019021988,2.642688512802124,2.6459100246429443,0.18412891030311584,0.0032215118408203125,0.4304824769496918,0.4140705466270447,-0.25242552161216736,0.016411930322647095,0.9895620346069336,1.0,1.3468912839889526,0.010437965393066406
68,mid_50pct,102,14127,206,0.012803435325622559,0.13966071605682373,0.08520299196243286,-0.9966785907745361,-1.0,0.003321409225463867,True,-1.0,True,0.020025812089443207,0.020504992455244064,-0.04507220536470413,0.006702903658151627,-0.5158511996269226,0.05177510902285576,0.23237141966819763,0.17757657170295715,0.7619215250015259,0.05479484796524048,-0.2304096668958664,-0.2947026491165161,-0.7160411477088928,0.06429298222064972,-2.7120261192321777,-2.730253219604492,-1.0999958515167236,0.018227100372314453,0.5470564365386963,0.4618534445762634,2.144238233566284,0.08520299196243286,3.005887031555176,2.9783966541290283,1.6932841539382935,0.02749037742614746,0.12365782260894775,0.16027601063251495,-0.9302550554275513,0.0366181880235672,-0.9966785907745361,-1.0,-0.732995867729187,0.003321409225463867
68,late_80pct,164,14189,206,0.012803435325622559,0.01803877390921116,0.009002089500427246,-1.000460147857666,-1.0,0.0004601478576660156,True,-1.0,True,0.020032117143273354,0.020497705787420273,0.29234105348587036,0.28439459204673767,1.6671663522720337,0.00794646143913269,0.15630529820919037,0.14730320870876312,0.4131191372871399,0.009002089500427246,-0.1271945983171463,-0.1334647536277771,-0.03185786306858063,0.006270155310630798,-2.129709243774414,-2.1377627849578857,1.7360655069351196,0.00805354118347168,0.001376025378704071,0.001429282478056848,-0.438745379447937,5.3257099352777004e-05,2.3636441230773926,2.3690176010131836,-0.9753504991531372,0.005373477935791016,1.0518648624420166,1.0449249744415283,1.1203171014785767,0.006939888000488281,-1.000460147857666,-1.0,-0.7369557619094849,0.0004601478576660156
69,early_20pct,41,14272,207,0.012803435325622559,0.027261948212981224,0.01709127426147461,0.9872579574584961,1.0,0.012742042541503906,True,1.0,True,0.03999999910593033,0.03999917209148407,-0.10114803910255432,-0.10379134863615036,-0.8786541819572449,0.002643309533596039,0.0055021606385707855,0.01731186732649803,-0.2783910036087036,0.011809706687927246,-0.24707011878490448,-0.23965677618980408,-0.8264785408973694,0.007413342595100403,-2.483203172683716,-2.481844902038574,0.014441952109336853,0.0013582706451416016,0.057050641626119614,0.0594911202788353,-0.17520901560783386,0.002440478652715683,2.5639450550079346,2.581036329269409,-0.1430635154247284,0.01709127426147461,0.4031536877155304,0.41870641708374023,-0.3127996027469635,0.015552729368209839,0.9872579574584961,1.0,1.3444784879684448,0.012742042541503906
69,mid_50pct,103,14334,207,0.020251354202628136,0.09143000841140747,0.060962140560150146,-1.0077913999557495,-1.0,0.007791399955749512,True,-1.0,True,0.020302224904298782,0.02064896747469902,-0.06591195613145828,-0.04953107237815857,-0.6506814956665039,0.016380883753299713,0.38001352548599243,0.3190513849258423,1.438936710357666,0.060962140560150146,-0.2231113314628601,-0.25120705366134644,-0.6676626205444336,0.028095722198486328,-2.4473142623901367,-2.454153537750244,0.18923091888427734,0.006839275360107422,0.32125651836395264,0.2838614881038666,1.0754121541976929,0.03739503026008606,2.895845890045166,2.8495848178863525,1.236042857170105,0.04626107215881348,0.585076093673706,0.585407018661499,0.0890989825129509,0.00033092498779296875,-1.0077913999557495,-1.0,-0.7446326613426208,0.007791399955749512
69,late_80pct,165,14396,207,0.020251354202628136,0.05013280734419823,0.03550314903259277,-0.9950860738754272,-1.0,0.004913926124572754,True,-1.0,True,0.02023463137447834,0.020721731707453728,0.2864232063293457,0.2677469551563263,1.6288787126541138,0.01867625117301941,0.19126537442207336,0.1932961642742157,0.5734291672706604,0.002030789852142334,-0.12501221895217896,-0.1380736082792282,-0.01739151030778885,0.013061389327049255,-2.127223253250122,-2.105396032333374,1.7481721639633179,0.021827220916748047,-0.01252976804971695,-0.008230873383581638,-0.5045685768127441,0.004298894666135311,2.3896713256835938,2.374361515045166,-0.8672024607658386,0.015309810638427734,1.312969446182251,1.2774662971496582,1.6971430778503418,0.03550314903259277,-0.9950860738754272,-1.0,-0.7313283085823059,0.004913926124572754
70,early_20pct,41,14479,205,0.020251354202628136,0.04241985082626343,0.03377389907836914,1.0075188875198364,1.0,0.007518887519836426,True,1.0,True,0.03999999910593033,0.03999928757548332,-0.0022733956575393677,0.00345517136156559,-0.2389487773180008,0.005728567019104958,-0.16236981749534607,-0.13778242468833923,-1.048170566558838,0.024587392807006836,-0.2283702790737152,-0.22571633756160736,-0.7025226354598999,0.002653941512107849,-2.6618564128875732,-2.66455340385437,-0.8556538820266724,0.002696990966796875,-0.04768402874469757,-0.0456327348947525,-0.6709716320037842,0.0020512938499450684,2.529773712158203,2.5635476112365723,-0.2850522994995117,0.03377389907836914,0.5534664988517761,0.5551654100418091,0.019267819821834564,0.001698911190032959,1.0075188875198364,1.0,1.3656947612762451,0.007518887519836426
70,mid_50pct,102,14540,205,0.020251354202628136,0.056693870574235916,0.03953734040260315,-0.9936925172805786,-1.0,0.006307482719421387,True,-1.0,True,0.02000558190047741,0.02035519853234291,0.017498470842838287,0.029375553131103516,-0.11102750897407532,0.011877082288265228,0.24166536331176758,0.20212802290916443,0.8045390844345093,0.03953734040260315,-0.19169989228248596,-0.2055056095123291,-0.45944511890411377,0.01380571722984314,-2.651822090148926,-2.6541457176208496,-0.8067837953567505,0.002323627471923828,0.23119547963142395,0.2087988555431366,0.6491073369979858,0.022396624088287354,2.921353340148926,2.8947856426239014,1.3420308828353882,0.026567697525024414,0.5813673138618469,0.5916862487792969,0.08090552687644958,0.010318934917449951,-0.9936925172805786,-1.0,-0.7298689484596252,0.006307482719421387
70,late_80pct,163,14601,205,0.020251354202628136,0.05733191967010498,0.04215526580810547,-1.0040740966796875,-1.0,0.0040740966796875,True,-1.0,True,0.01994539611041546,0.020420504733920097,0.24564826488494873,0.23707488179206848,1.3650703430175781,0.008573383092880249,0.13541340827941895,0.13961105048656464,0.31731900572776794,0.004197642207145691,-0.0564330592751503,-0.0621306449174881,0.4372001886367798,0.005697585642337799,-2.1514275074005127,-2.1092722415924072,1.6302907466888428,0.04215526580810547,0.004550762474536896,0.004901567008346319,-0.4237177073955536,0.00035080453380942345,2.323551654815674,2.288200855255127,-1.1419414281845093,0.035350799560546875,1.1464594602584839,1.1347763538360596,1.3292933702468872,0.011683106422424316,-1.0040740966796875,-1.0,-0.7407400608062744,0.0040740966796875
71,early_20pct,42,14685,210,0.020251354202628136,0.015487393364310265,0.012346982955932617,1.0116705894470215,1.0,0.011670589447021484,True,1.0,True,0.03999999910593033,0.039999060332775116,-0.055721625685691833,-0.052662622183561325,-0.5847514867782593,0.0030590035021305084,-0.1400059461593628,-0.13210666179656982,-0.9456207156181335,0.007899284362792969,-0.2708309292793274,-0.26819565892219543,-0.9839821457862854,0.002635270357131958,-2.6907191276550293,-2.693385601043701,-0.9962239861488342,0.002666473388671875,-0.015006057918071747,-0.014880575239658356,-0.5162901282310486,0.0001254826784133911,2.591217041015625,2.6035640239715576,-0.02974385768175125,0.012346982955932617,0.4500291347503662,0.45128798484802246,-0.2092435210943222,0.00125885009765625,1.0116705894470215,1.0,1.3700422048568726,0.011670589447021484
71,mid_50pct,104,14747,210,0.020251354202628136,0.1623183786869049,0.09310407936573029,-0.9910740852355957,-1.0,0.008925914764404297,True,-1.0,True,0.020035065710544586,0.02038765512406826,0.02070358395576477,0.05475834012031555,-0.0902908593416214,0.03405475616455078,0.2353823184967041,0.14332687854766846,0.7757281064987183,0.09205543994903564,-0.27666905522346497,-0.33111339807510376,-1.022681474685669,0.054444342851638794,-2.6651082038879395,-2.683781147003174,-0.8714910745620728,0.018672943115234375,0.24488011002540588,0.1517760306596756,0.713883638381958,0.09310407936573029,2.89798641204834,2.8335888385772705,1.2449371814727783,0.06439757347106934,0.5153337121009827,0.5395213961601257,-0.06497424840927124,0.024187684059143066,-0.9910740852355957,-1.0,-0.7271270751953125,0.008925914764404297
71,late_80pct,167,14810,210,0.020251354202628136,0.011486638337373734,0.0073223114013671875,-1.0036721229553223,-1.0,0.0036721229553222656,True,-1.0,True,0.019972853362560272,0.020454848185181618,0.27001792192459106,0.26528868079185486,1.5227385759353638,0.004729241132736206,0.1298416554927826,0.13078086078166962,0.29176968336105347,0.0009392052888870239,-0.12097170203924179,-0.1253257393836975,0.0093919038772583,0.004354037344455719,-2.1491219997406006,-2.1564443111419678,1.6415189504623413,0.0073223114013671875,0.008954964578151703,0.012151865288615227,-0.40287038683891296,0.003196900710463524,2.2989232540130615,2.2987167835235596,-1.244276523590088,0.00020647048950195312,1.0921728610992432,1.0870877504348755,1.209364891052246,0.005085110664367676,-1.0036721229553223,-1.0,-0.7403190732002258,0.0036721229553222656
72,early_20pct,42,14895,211,0.015895569697022438,0.023155229166150093,0.013697624206542969,1.0312490463256836,1.0,0.031249046325683594,True,1.0,True,0.03999999910593033,0.039998896420001984,-0.09797115623950958,-0.08966292440891266,-0.8581001162528992,0.008308231830596924,0.06277377903461456,0.06500764191150665,-0.015771090984344482,0.00223386287689209,-0.2589472532272339,-0.25266340374946594,-0.9052085876464844,0.006283849477767944,-2.4207139015197754,-2.4307875633239746,0.3187828063964844,0.010073661804199219,0.08359672129154205,0.08036896586418152,-0.04955287277698517,0.0032277554273605347,2.4749481678009033,2.4886457920074463,-0.512861430644989,0.013697624206542969,0.3601875901222229,0.3490907847881317,-0.4077192544937134,0.011096805334091187,1.0312490463256836,1.0,1.3905436992645264,0.031249046325683594
72,mid_50pct,105,14958,211,0.015895569697022438,0.013516632840037346,0.009527593851089478,-0.9965870380401611,-1.0,0.003412961959838867,True,-1.0,True,0.020032091066241264,0.0204825010150671,-0.17518369853496552,-0.16849419474601746,-1.3576546907424927,0.006689503788948059,0.28656846284866333,0.27704086899757385,1.010442852973938,0.009527593851089478,-0.156360924243927,-0.1581709086894989,-0.22519314289093018,0.0018099844455718994,-2.40065336227417,-2.401535987854004,0.4164840281009674,0.0008826255798339844,0.15626856684684753,0.15278221666812897,0.29444000124931335,0.003486350178718567,2.6294379234313965,2.6269843578338623,0.12907077372074127,0.0024535655975341797,-0.012427926063537598,-0.01742243953049183,-1.230892300605774,0.004994513466954231,-0.9965870380401611,-1.0,-0.7328999638557434,0.003412961959838867
72,late_80pct,168,15021,211,0.015895569697022438,0.03472861647605896,0.021169185638427734,-0.9853121042251587,-1.0,0.014687895774841309,True,-1.0,True,0.02002088353037834,0.020495016127824783,0.14362141489982605,0.1431727409362793,0.70497065782547,0.00044867396354675293,0.09399436414241791,0.11424128711223602,0.12739138305187225,0.020246922969818115,0.08762867748737335,0.08807973563671112,1.3921443223953247,0.00045105814933776855,-2.187654495239258,-2.16648530960083,1.4538542032241821,0.021169185638427734,0.04884440079331398,0.052361808717250824,-0.21405333280563354,0.003517407923936844,2.2679102420806885,2.2553954124450684,-1.3731410503387451,0.012514829635620117,0.6427788734436035,0.6294144988059998,0.2165745198726654,0.01336437463760376,-0.9853121042251587,-1.0,-0.721093475818634,0.014687895774841309
73,early_20pct,41,15105,207,0.015895569697022438,0.061651233583688736,0.05370032787322998,0.9909632205963135,1.0,0.009036779403686523,True,1.0,True,0.03999999910593033,0.039998821914196014,-0.03613784909248352,-0.035957641899585724,-0.45804712176322937,0.00018020719289779663,-0.0951165035367012,-0.08345786482095718,-0.7397794127464294,0.011658638715744019,-0.258111834526062,-0.2457163780927658,-0.8996709585189819,0.012395456433296204,-2.6069135665893555,-2.61264705657959,-0.5880661010742188,0.005733489990234375,0.030512340366840363,0.024693049490451813,-0.30082833766937256,0.00581929087638855,2.5649259090423584,2.5886073112487793,-0.1389884650707245,0.0236814022064209,0.3023061454296112,0.3560064733028412,-0.5355895161628723,0.05370032787322998,0.9909632205963135,1.0,1.3483585119247437,0.009036779403686523
73,mid_50pct,103,15167,207,0.015895569697022438,0.021252760663628578,0.017171114683151245,-1.0076247453689575,-1.0,0.0076247453689575195,True,-1.0,True,0.019909363240003586,0.020442385226488113,-0.17821000516414642,-0.1801188588142395,-1.3772344589233398,0.0019088536500930786,0.2162889838218689,0.21313536167144775,0.6881752014160156,0.0031536221504211426,-0.06935936957597733,-0.06417475640773773,0.35151535272598267,0.0051846131682395935,-2.595012903213501,-2.5972979068756104,-0.5301055908203125,0.002285003662109375,0.254352867603302,0.262216180562973,0.7587230801582336,0.00786331295967102,2.846198797225952,2.8532209396362305,1.0297510623931885,0.00702214241027832,-0.22449332475662231,-0.24166443943977356,-1.6993820667266846,0.017171114683151245,-1.0076247453689575,-1.0,-0.7444580793380737,0.0076247453689575195
73,late_80pct,165,15229,207,0.015895569697022438,0.03877157345414162,0.02158379554748535,-0.9883564710617065,-1.0,0.011643528938293457,True,-1.0,True,0.019945448264479637,0.020403476431965828,0.039070382714271545,0.030292846262454987,0.028539806604385376,0.008777536451816559,0.098963662981987,0.07808875292539597,0.15017817914485931,0.020874910056591034,0.1395770162343979,0.12987205386161804,1.7364951372146606,0.009704962372779846,-2.2133851051330566,-2.2158546447753906,1.3285373449325562,0.0024695396423339844,0.03492726385593414,0.03797514736652374,-0.2799302339553833,0.0030478835105895996,2.3797972202301025,2.358213424682617,-0.9082305431365967,0.02158379554748535,0.3977862596511841,0.37741488218307495,-0.3246572017669678,0.02037137746810913,-0.9883564710617065,-1.0,-0.724281370639801,0.011643528938293457
74,early_20pct,41,15312,207,0.015895569697022438,0.03363914415240288,0.022925376892089844,1.0033832788467407,1.0,0.0033832788467407227,True,1.0,True,0.03999999910593033,0.039998941123485565,-0.08801473677158356,-0.08616185188293457,-0.7936834692955017,0.0018528848886489868,0.03387366980314255,0.04932761192321777,-0.14829300343990326,0.015453942120075226,-0.25855153799057007,-0.25149890780448914,-0.9025856256484985,0.007052630186080933,-2.4733951091766357,-2.474964141845703,0.06220976263284683,0.0015690326690673828,0.10603512823581696,0.110174261033535,0.05665954202413559,0.004139132797718048,2.545104503631592,2.5680298805236816,-0.22135019302368164,0.022925376892089844,0.3629227876663208,0.3800816833972931,-0.4016767144203186,0.01715889573097229,1.0033832788467407,1.0,1.3613641262054443,0.0033832788467407227
74,mid_50pct,103,15374,207,0.015895569697022438,0.057394661009311676,0.04343077540397644,-1.0021213293075562,-1.0,0.0021213293075561523,True,-1.0,True,0.020321963354945183,0.02068658359348774,-0.11788541078567505,-0.10880250483751297,-0.9869426488876343,0.009082905948162079,0.3170456886291504,0.27361491322517395,1.1501967906951904,0.04343077540397644,-0.1884269118309021,-0.1982199102640152,-0.437749445438385,0.009792998433113098,-2.453601598739624,-2.460144281387329,0.15860968828201294,0.006542682647705078,0.32403892278671265,0.29831209778785706,1.0885827541351318,0.02572682499885559,2.7753522396087646,2.752807378768921,0.7353707551956177,0.02254486083984375,0.34527862071990967,0.3493487238883972,-0.44065582752227783,0.004070103168487549,-1.0021213293075562,-1.0,-0.7386952042579651,0.0021213293075561523
74,late_80pct,165,15436,207,0.020663613453507423,0.03342469409108162,0.028492450714111328,-1.004190444946289,-1.0,0.0041904449462890625,True,-1.0,True,0.020276501774787903,0.020735060796141624,0.1736779510974884,0.16693726181983948,0.8994322419166565,0.006740689277648926,0.10881911218166351,0.12418121099472046,0.19537049531936646,0.015362098813056946,-0.015862099826335907,-0.01898200996220112,0.7061334848403931,0.0031199101358652115,-2.17494797706604,-2.1464555263519287,1.5157380104064941,0.028492450714111328,0.05513927340507507,0.054736942052841187,-0.18425649404525757,0.0004023313522338867,2.3289573192596436,2.3255116939544678,-1.1194796562194824,0.0034456253051757812,1.0349429845809937,1.033462643623352,1.082933783531189,0.0014803409576416016,-1.004190444946289,-1.0,-0.7408618330955505,0.0041904449462890625
75,early_20pct,41,15519,205,0.020663613453507423,0.02034205198287964,0.013303577899932861,1.0248992443084717,1.0,0.02489924430847168,True,1.0,True,0.03999999910593033,0.039998676627874374,-0.06358976662158966,-0.06276169419288635,-0.6356572508811951,0.0008280724287033081,-0.0014201104640960693,0.006614407524466515,-0.3101331889629364,0.008034517988562584,-0.2441323697566986,-0.2379893958568573,-0.807004988193512,0.006142973899841309,-2.524552583694458,-2.5186142921447754,-0.1869426816701889,0.005938291549682617,0.07123899459838867,0.06267651915550232,-0.10804831236600876,0.008562475442886353,2.5874013900756836,2.5924272537231445,-0.045598939061164856,0.0050258636474609375,0.3501242697238922,0.3634278476238251,-0.42995089292526245,0.013303577899932861,1.0248992443084717,1.0,1.3838945627212524,0.02489924430847168
75,mid_50pct,102,15580,205,0.020663613453507423,0.024830669164657593,0.01387166976928711,-1.0024442672729492,-1.0,0.0024442672729492188,True,-1.0,True,0.01991203799843788,0.02038835547864437,-0.19608190655708313,-0.20564186573028564,-1.4928631782531738,0.009559959173202515,0.25685274600982666,0.26554423570632935,0.8741810321807861,0.008691489696502686,-0.07237212359905243,-0.06292656809091568,0.3315446674823761,0.00944555550813675,-2.513688325881958,-2.507445812225342,-0.13403081893920898,0.006242513656616211,0.3013947010040283,0.3076438903808594,0.9813960194587708,0.006249189376831055,2.8245904445648193,2.8384621143341064,0.9399645924568176,0.01387166976928711,-0.028941333293914795,-0.03842628002166748,-1.2673733234405518,0.009484946727752686,-1.0024442672729492,-1.0,-0.7390334010124207,0.0024442672729492188
75,late_80pct,163,15641,205,0.020663613453507423,0.05148353427648544,0.0357666015625,-1.0027949810028076,-1.0,0.002794981002807617,True,-1.0,True,0.019946090877056122,0.02035209909081459,0.05678886920213699,0.05791674554347992,0.14317597448825836,0.001127876341342926,0.09748168289661407,0.106605663895607,0.14338251948356628,0.00912398099899292,0.13647021353244781,0.1389472782611847,1.7159010171890259,0.0024770647287368774,-2.236563205718994,-2.200796604156494,1.2156529426574707,0.0357666015625,0.038949012756347656,0.028920143842697144,-0.2608932554721832,0.010028868913650513,2.424790859222412,2.4047598838806152,-0.7212740778923035,0.020030975341796875,0.6638566255569458,0.6917641758918762,0.26313889026641846,0.02790755033493042,-1.0027949810028076,-1.0,-0.7394006848335266,0.002794981002807617
76,early_20pct,42,15725,209,0.020663613453507423,0.048438627272844315,0.043649375438690186,0.9805053472518921,1.0,0.01949465274810791,True,1.0,True,0.03999999910593033,0.03999972343444824,-0.019944168627262115,-0.01875857263803482,-0.35327625274658203,0.001185595989227295,-0.18271619081497192,-0.17242583632469177,-1.141469120979309,0.010290354490280151,-0.17817553877830505,-0.16787566244602203,-0.3697960376739502,0.01029987633228302,-2.734025239944458,-2.729633092880249,-1.207139015197754,0.004392147064208984,0.06028416007757187,0.06168316304683685,-0.1599031239748001,0.0013990029692649841,2.6225979328155518,2.6369645595550537,0.10064973682165146,0.014366626739501953,0.5233333110809326,0.5669826865196228,-0.04730166494846344,0.043649375438690186,0.9805053472518921,1.0,1.3374075889587402,0.01949465274810791
76,mid_50pct,104,15787,209,0.020663613453507423,0.2354188710451126,0.1252979040145874,-1.0103981494903564,-1.0,0.010398149490356445,True,-1.0,True,0.02019708976149559,0.020554151386022568,0.079790398478508,0.15235522389411926,0.2919926941394806,0.07256482541561127,0.2605586349964142,0.14193692803382874,0.8911743760108948,0.11862170696258545,-0.1824859380722046,-0.2766478955745697,-0.3983684480190277,0.09416195750236511,-2.702512502670288,-2.725586175918579,-1.0536617040634155,0.023073673248291016,0.39137569069862366,0.26607778668403625,1.4073219299316406,0.1252979040145874,3.028719425201416,2.945906162261963,1.788156270980835,0.08281326293945312,0.6138391494750977,0.6780949831008911,0.15264150500297546,0.06425583362579346,-1.0103981494903564,-1.0,-0.7473622560501099,0.010398149490356445
76,late_80pct,166,15849,209,0.020663613453507423,0.02454560622572899,0.018976926803588867,-0.9918262958526611,-1.0,0.008173704147338867,True,-1.0,True,0.0201458428055048,0.020609334111213684,0.31532907485961914,0.31411194801330566,1.815895676612854,0.0012171268463134766,0.14770027995109558,0.14639872312545776,0.373660683631897,0.0013015568256378174,-0.13307960331439972,-0.13492368161678314,-0.0708678737282753,0.0018440783023834229,-2.161360740661621,-2.1474664211273193,1.5819121599197388,0.013894319534301758,0.001987554132938385,0.007834491319954395,-0.43585067987442017,0.00584693718701601,2.394991874694824,2.3760149478912354,-0.8450949788093567,0.018976926803588867,1.2303502559661865,1.233273983001709,1.5146229267120361,0.002923727035522461,-0.9918262958526611,-1.0,-0.7279148101806641,0.008173704147338867
77,early_20pct,41,15933,205,0.020663613453507423,0.04769527539610863,0.036828041076660156,1.0072834491729736,1.0,0.007283449172973633,True,1.0,True,0.03999999910593033,0.03999914973974228,-0.014687750488519669,-0.010727549903094769,-0.3192679286003113,0.0039602005854249,-0.1603812873363495,-0.13125430047512054,-1.039052128791809,0.029126986861228943,-0.2580054998397827,-0.2568432092666626,-0.8989661335945129,0.0011622905731201172,-2.673042058944702,-2.677529811859131,-0.9101317524909973,0.004487752914428711,-0.015772059559822083,-0.012444811873137951,-0.5199159979820251,0.0033272476866841316,2.5441529750823975,2.5809810161590576,-0.2253037691116333,0.036828041076660156,0.517646849155426,0.5223275423049927,-0.05986408889293671,0.00468069314956665,1.0072834491729736,1.0,1.365448236465454,0.007283449172973633
77,mid_50pct,102,15994,205,0.018131893128156662,0.08963625133037567,0.05753369629383087,-1.0143828392028809,-1.0,0.01438283920288086,True,-1.0,True,0.020312625914812088,0.020733404904603958,-0.08020142465829849,-0.061424825340509415,-0.7431324124336243,0.018776599317789078,0.18179824948310852,0.1390869915485382,0.5300174951553345,0.04271125793457031,-0.15666598081588745,-0.17480753362178802,-0.2272152602672577,0.018141552805900574,-2.654982089996338,-2.658275604248047,-0.8221749067306519,0.0032935142517089844,0.24268630146980286,0.2071748673915863,0.7034991979598999,0.03551143407821655,2.8095924854278564,2.7788240909576416,0.8776448965072632,0.030768394470214844,0.07910141348838806,0.13663510978221893,-1.0286879539489746,0.05753369629383087,-1.0143828392028809,-1.0,-0.7515348196029663,0.01438283920288086
77,late_80pct,163,16055,205,0.018131893128156662,0.026864005252718925,0.01634359359741211,-0.9985408782958984,-1.0,0.0014591217041015625,True,-1.0,True,0.020291438326239586,0.020754830911755562,0.175825834274292,0.17542612552642822,0.9133287668228149,0.00039970874786376953,0.01590200886130333,0.007925237528979778,-0.23070232570171356,0.007976771332323551,0.08706575632095337,0.08946578204631805,1.3884129524230957,0.002400025725364685,-2.307673215866089,-2.297086000442505,0.8693264722824097,0.010587215423583984,0.07244482636451721,0.06633835285902023,-0.10234050452709198,0.006106473505496979,2.331019639968872,2.31467604637146,-1.1109105348587036,0.01634359359741211,0.7648855447769165,0.7802359461784363,0.486329585313797,0.015350401401519775,-0.9985408782958984,-1.0,-0.7349460124969482,0.0014591217041015625
78,early_20pct,41,16138,204,0.018131893128156662,0.04676815867424011,0.03395697474479675,1.0533692836761475,1.0,0.05336928367614746,True,1.0,True,0.03999999910593033,0.03999913111329079,-0.013299141079187393,-0.010542158037424088,-0.3102838397026062,0.0027569830417633057,0.0796610563993454,0.06032175570726395,0.06166578084230423,0.01933930069208145,-0.27557897567749023,-0.2722509503364563,-1.015455722808838,0.0033280253410339355,-2.4308981895446777,-2.43330454826355,0.2691832482814789,0.0024063587188720703,0.14168182015419006,0.13024422526359558,0.22539347410202026,0.011437594890594482,2.547457695007324,2.5249879360198975,-0.21157139539718628,0.022469758987426758,0.39876696467399597,0.4327239394187927,-0.3224906325340271,0.03395697474479675,1.0533692836761475,1.0,1.41370689868927,0.05336928367614746
78,mid_50pct,102,16199,204,0.018131893128156662,0.022507021203637123,0.01619589328765869,-1.0142865180969238,-1.0,0.014286518096923828,True,-1.0,True,0.020093630999326706,0.020521948114037514,-0.08720702677965164,-0.09147514402866364,-0.7884576916694641,0.004268117249011993,0.3105408549308777,0.3267367482185364,1.1203687191009521,0.01619589328765869,-0.16539545357227325,-0.15753944218158722,-0.2850804924964905,0.007856011390686035,-2.418199300765991,-2.4150164127349854,0.3310298025608063,0.0031828880310058594,0.3226131200790405,0.32322588562965393,1.0818337202072144,0.0006127655506134033,2.772158145904541,2.7835092544555664,0.722098708152771,0.01135110855102539,0.15533950924873352,0.15034237504005432,-0.8602645993232727,0.004997134208679199,-1.0142865180969238,-1.0,-0.7514339685440063,0.014286518096923828
78,late_80pct,162,16259,204,0.018131893128156662,0.08181796222925186,0.05710811913013458,-1.0019173622131348,-1.0,0.0019173622131347656,True,-1.0,True,0.020096296444535255,0.020519524812698364,0.21433612704277039,0.22152064740657806,1.162485122680664,0.007184520363807678,0.08185042440891266,0.024742305278778076,0.0717051699757576,0.05710811913013458,0.008908241987228394,0.01895410567522049,0.8703290224075317,0.010045863687992096,-2.2772750854492188,-2.2766218185424805,1.0173747539520264,0.0006532669067382812,0.045918580144643784,0.040197182446718216,-0.22790274024009705,0.005721397697925568,2.425567388534546,2.3757665157318115,-0.7180476188659668,0.049800872802734375,0.871903657913208,0.8995987176895142,0.7227513790130615,0.027695059776306152,-1.0019173622131348,-1.0,-0.7384816408157349,0.0019173622131347656
79,early_20pct,41,16342,205,0.018131893128156662,0.019632011651992798,0.010908767580986023,1.0437827110290527,1.0,0.043782711029052734,True,1.0,True,0.03999999910593033,0.03999935835599899,0.0003053136169910431,0.006842950824648142,-0.22226488590240479,0.006537637207657099,0.06993098556995392,0.059022217988967896,0.017048392444849014,0.010908767580986023,-0.2155819535255432,-0.2120828479528427,-0.6177524328231812,0.0034991055727005005,-2.4502882957458496,-2.4488892555236816,0.17474685609340668,0.0013990402221679688,0.10474205762147903,0.09531180560588837,0.050538770854473114,0.009430252015590668,2.574369430541992,2.5674808025360107,-0.09974925220012665,0.006888628005981445,0.5034577250480652,0.5120069980621338,-0.09121040999889374,0.008549273014068604,1.0437827110290527,1.0,1.4036682844161987,0.043782711029052734
79,mid_50pct,102,16403,205,0.018131893128156662,0.0780838206410408,0.050729960203170776,-0.9982962608337402,-1.0,0.0017037391662597656,True,-1.0,True,0.020169110968708992,0.0205020010471344,-0.03175262361764908,-0.016154104843735695,-0.4296753406524658,0.015598518773913383,0.35783982276916504,0.30710986256599426,1.3372588157653809,0.050729960203170776,-0.14634330570697784,-0.16309161484241486,-0.15878920257091522,0.01674830913543701,-2.419574499130249,-2.423309087753296,0.3243325352668762,0.003734588623046875,0.2992832064628601,0.2733416259288788,0.9714012145996094,0.025941580533981323,2.8065474033355713,2.7645630836486816,0.8649924397468567,0.04198431968688965,0.4755803942680359,0.49903541803359985,-0.15279628336429596,0.023455023765563965,-0.9982962608337402,-1.0,-0.7346897721290588,0.0017037391662597656
79,late_80pct,163,16464,205,0.018131893128156662,0.026745978742837906,0.016005873680114746,-0.9959959983825684,-1.0,0.004004001617431641,True,-1.0,True,0.02011650986969471,0.020557910203933716,0.2499932497739792,0.25861337780952454,1.3931818008422852,0.008620128035545349,0.021380942314863205,0.01752702333033085,-0.20557859539985657,0.0038539189845323563,0.009942829608917236,0.02119908295571804,0.8771870136260986,0.011256253346800804,-2.3161890506744385,-2.3043813705444336,0.8278512954711914,0.011807680130004883,0.03791673481464386,0.03817830607295036,-0.2657795548439026,0.0002615712583065033,2.3913354873657227,2.3811469078063965,-0.8602869510650635,0.010188579559326172,1.1578972339630127,1.1739031076431274,1.3545615673065186,0.016005873680114746,-0.9959959983825684,-1.0,-0.7322810888290405,0.004004001617431641
80,early_20pct,41,16547,204,0.02583080157637596,0.03078642673790455,0.022836923599243164,1.0185836553573608,1.0,0.01858365535736084,True,1.0,True,0.03999999910593033,0.039999909698963165,-0.030434273183345795,-0.025492802262306213,-0.4211457669734955,0.004941470921039581,-0.06164371222257614,-0.048181407153606415,-0.5862894654273987,0.013462305068969727,-0.22414985299110413,-0.22318196296691895,-0.6745466589927673,0.0009678900241851807,-2.5430736541748047,-2.550635576248169,-0.27714627981185913,0.007561922073364258,0.04047593101859093,0.04940357059240341,-0.253665566444397,0.008927639573812485,2.537558078765869,2.5603950023651123,-0.25270646810531616,0.022836923599243164,0.5412106513977051,0.5321109294891357,-0.007807571440935135,0.009099721908569336,1.0185836553573608,1.0,1.3772811889648438,0.01858365535736084
80,mid_50pct,102,16608,204,0.02583080157637596,0.05369900166988373,0.02789914608001709,-1.0055632591247559,-1.0,0.005563259124755859,True,-1.0,True,0.02033296227455139,0.02063370682299137,0.07608462870121002,0.08513303101062775,0.26801687479019165,0.009048402309417725,0.3320443332195282,0.3073359727859497,1.2189732789993286,0.02470836043357849,-0.26623836159706116,-0.282304048538208,-0.9535393118858337,0.01606568694114685,-2.518653154373169,-2.5246081352233887,-0.1582106053829193,0.0059549808502197266,0.291571706533432,0.2636725604534149,0.9348987936973572,0.02789914608001709,2.889902114868164,2.868283987045288,1.21134614944458,0.021618127822875977,0.8382558822631836,0.81272292137146,0.648417592048645,0.025532960891723633,-1.0055632591247559,-1.0,-0.7422994375228882,0.005563259124755859
80,late_80pct,162,16668,204,0.02583080157637596,0.07413230836391449,0.04946458339691162,-0.996878981590271,-1.0,0.003121018409729004,True,-1.0,True,0.02023347280919552,0.020742325112223625,0.4048982858657837,0.41508036851882935,2.3953962326049805,0.010182082653045654,0.1574845314025879,0.1329963058233261,0.4185265600681305,0.02448822557926178,-0.1874537467956543,-0.16890832781791687,-0.4312985837459564,0.018545418977737427,-2.123845338821411,-2.113713026046753,1.764623999595642,0.010132312774658203,-0.010551176965236664,-0.012731919065117836,-0.495202898979187,0.002180742099881172,2.319042682647705,2.2755208015441895,-1.160677433013916,0.043521881103515625,1.4570800065994263,1.506544589996338,2.0155086517333984,0.04946458339691162,-0.996878981590271,-1.0,-0.7332056760787964,0.003121018409729004
81,early_20pct,42,16752,210,0.02583080157637596,0.04013392701745033,0.03543806076049805,0.9878377914428711,1.0,0.012162208557128906,True,1.0,True,0.03999999910593033,0.03999880328774452,-0.09684920310974121,-0.08374562859535217,-0.8508412837982178,0.013103574514389038,-0.19793912768363953,-0.18821968138217926,-1.2112741470336914,0.009719446301460266,-0.374120831489563,-0.3739865720272064,-1.6686615943908691,0.00013425946235656738,-2.76015043258667,-2.757361888885498,-1.3343760967254639,0.002788543701171875,-0.028852857649326324,-0.021304482594132423,-0.581834077835083,0.007548375055193901,2.638073682785034,2.633181571960449,0.16495352983474731,0.004892110824584961,0.39401912689208984,0.3585810661315918,-0.3329794406890869,0.03543806076049805,0.9878377914428711,1.0,1.3450857400894165,0.012162208557128906
81,mid_50pct,104,16814,210,0.02583080157637596,0.061382364481687546,0.05369347333908081,-0.9873169660568237,-1.0,0.01268303394317627,True,-1.0,True,0.02030107192695141,0.020736021921038628,0.09473635256290436,0.09728065133094788,0.3886909484863281,0.002544298768043518,0.05180606245994568,0.07099635899066925,-0.06606372445821762,0.019190296530723572,-0.507331907749176,-0.4976457357406616,-2.551679849624634,0.009686172008514404,-2.760551929473877,-2.755775213241577,-1.3363323211669922,0.004776716232299805,0.14716343581676483,0.16421304643154144,0.2513408064842224,0.01704961061477661,2.8467743396759033,2.856910228729248,1.0321426391601562,0.010135889053344727,0.354593962430954,0.30090048909187317,-0.42007654905319214,0.05369347333908081,-0.9873169660568237,-1.0,-0.7231928706169128,0.01268303394317627
81,late_80pct,167,16877,210,0.02583080157637596,0.03709748014807701,0.02528214454650879,-0.9800858497619629,-1.0,0.01991415023803711,True,-1.0,True,0.020281430333852768,0.020757252350449562,0.3335949778556824,0.324268639087677,1.9340733289718628,0.009326338768005371,0.13887310028076172,0.13858743011951447,0.33318352699279785,0.0002856701612472534,-0.1327265202999115,-0.137824147939682,-0.06852742284536362,0.005097627639770508,-2.142807722091675,-2.1680898666381836,1.6722708940505981,0.02528214454650879,0.006446659564971924,0.009155933745205402,-0.41474345326423645,0.0027092741802334785,2.3226985931396484,2.3455288410186768,-1.1454858779907227,0.02283024787902832,1.0446891784667969,1.0349204540252686,1.1044648885726929,0.00976872444152832,-0.9800858497619629,-1.0,-0.715620756149292,0.01991415023803711
82,early_20pct,41,16961,204,0.02583080157637596,0.04043567180633545,0.03609475493431091,0.9969953298568726,1.0,0.0030046701431274414,True,1.0,True,0.03999999910593033,0.03999912738800049,-0.031621456146240234,-0.02784702740609646,-0.4288266897201538,0.003774428740143776,0.08487915992736816,0.08565894514322281,0.08559348434209824,0.0007797852158546448,-0.23242409527301788,-0.22531741857528687,-0.7293941974639893,0.007106676697731018,-2.3923277854919434,-2.4018118381500244,0.4570324718952179,0.009484052658081055,0.06007501855492592,0.05810118466615677,-0.16089309751987457,0.0019738338887691498,2.5540823936462402,2.5672357082366943,-0.1840447038412094,0.013153314590454102,0.38479435443878174,0.42088910937309265,-0.35335856676101685,0.03609475493431091,0.9969953298568726,1.0,1.354675054550171,0.0030046701431274414
82,mid_50pct,102,17022,204,0.02583080157637596,0.07015641778707504,0.04642981290817261,-0.9953944683074951,-1.0,0.004605531692504883,True,-1.0,True,0.020061638206243515,0.0205110851675272,-0.09510014951229095,-0.08165355771780014,-0.8395251631736755,0.013446591794490814,0.3987138569355011,0.3522840440273285,1.52468740940094,0.04642981290817261,-0.12995010614395142,-0.1498897671699524,-0.05012330785393715,0.019939661026000977,-2.375505208969116,-2.3803465366363525,0.5389631986618042,0.004841327667236328,0.14637237787246704,0.14241145551204681,0.24759632349014282,0.003960922360420227,2.8257126808166504,2.7958600521087646,0.9446275234222412,0.029852628707885742,0.1773737668991089,0.21283483505249023,-0.8115870952606201,0.03546106815338135,-0.9953944683074951,-1.0,-0.7316511869430542,0.004605531692504883
82,late_80pct,162,17082,204,0.01933727040886879,0.031223423779010773,0.021738648414611816,-0.9834635257720947,-1.0,0.016536474227905273,True,-1.0,True,0.020042739808559418,0.02053097076714039,0.2066153883934021,0.20712554454803467,1.1125329732894897,0.0005101561546325684,0.1447862982749939,0.15085309743881226,0.3602985441684723,0.006066799163818359,0.011208459734916687,0.011370064690709114,0.8855765461921692,0.00016160495579242706,-2.117342472076416,-2.097060203552246,1.796295404434204,0.020282268524169922,-0.04059629142284393,-0.0434514619410038,-0.637421727180481,0.0028551705181598663,2.307680606842041,2.3009190559387207,-1.2078883647918701,0.0067615509033203125,0.7901926040649414,0.8119312524795532,0.5422373414039612,0.021738648414611816,-0.9834635257720947,-1.0,-0.7191576957702637,0.016536474227905273
83,early_20pct,42,17166,209,0.01933727040886879,0.04992760345339775,0.03277277946472168,0.9850481748580933,1.0,0.014951825141906738,True,1.0,True,0.03999999910593033,0.03999924659729004,-0.01741737127304077,-0.013218054547905922,-0.33692821860313416,0.0041993167251348495,-0.08137189596891403,-0.05857005715370178,-0.6767533421516418,0.02280183881521225,-0.24718286097049713,-0.24157719314098358,-0.8272258639335632,0.00560566782951355,-2.595393419265747,-2.598184585571289,-0.531959593296051,0.002791166305541992,0.029830023646354675,0.03545084223151207,-0.3040580749511719,0.005620818585157394,2.532221555709839,2.5649943351745605,-0.27488023042678833,0.03277277946472168,0.45005321502685547,0.4785197675228119,-0.2091902792453766,0.02846655249595642,0.9850481748580933,1.0,1.3421646356582642,0.014951825141906738
83,mid_50pct,104,17228,209,0.01933727040886879,0.015167026780545712,0.013157010078430176,-0.9975322484970093,-1.0,0.0024677515029907227,True,-1.0,True,0.02004675194621086,0.02045932225883007,-0.05233800411224365,-0.054116081446409225,-0.5628598928451538,0.0017780773341655731,0.20272958278656006,0.20219780504703522,0.6259984374046326,0.0005317777395248413,-0.16941402852535248,-0.17234909534454346,-0.3117184638977051,0.002935066819190979,-2.5775139331817627,-2.579754590988159,-0.44488054513931274,0.0022406578063964844,0.1660940796136856,0.16547150909900665,0.3409491777420044,0.0006225705146789551,2.760993003845215,2.767275094985962,0.6757054924964905,0.00628209114074707,0.1710197627544403,0.15786275267601013,-0.8256241679191589,0.013157010078430176,-0.9975322484970093,-1.0,-0.7338898181915283,0.0024677515029907227
83,late_80pct,166,17290,209,0.01933727040886879,0.0313960425555706,0.023407697677612305,-1.003478765487671,-1.0,0.0034787654876708984,True,-1.0,True,0.02001931518316269,0.02048933133482933,0.15781107544898987,0.1564611941576004,0.7967758178710938,0.0013498812913894653,0.03551563620567322,0.050362542271614075,-0.14076374471187592,0.014846906065940857,0.013736456632614136,0.015101902186870575,0.9023339152336121,0.0013654455542564392,-2.2548623085021973,-2.231454610824585,1.1265307664871216,0.023407697677612305,0.041956961154937744,0.03506840020418167,-0.24665510654449463,0.006888560950756073,2.2906556129455566,2.280006170272827,-1.2786297798156738,0.010649442672729492,0.6722825765609741,0.6795496940612793,0.2817533314228058,0.007267117500305176,-1.003478765487671,-1.0,-0.7401167154312134,0.0034787654876708984
84,early_20pct,42,17375,211,0.01933727040886879,0.05132228508591652,0.048602521419525146,1.0003327131271362,1.0,0.00033271312713623047,True,1.0,True,0.03999999910593033,0.039999160915613174,-0.044675312936306,-0.044171757996082306,-0.513283371925354,0.0005035549402236938,-0.15605992078781128,-0.15354019403457642,-1.019236445426941,0.0025197267532348633,-0.2947349548339844,-0.28208044171333313,-1.1424351930618286,0.012654513120651245,-2.6940958499908447,-2.689831256866455,-1.0126705169677734,0.0042645931243896484,0.004677623510360718,-0.0036914292722940445,-0.4231172204017639,0.008369052782654762,2.6053030490875244,2.601203680038452,0.028785616159439087,0.004099369049072266,0.3990669846534729,0.44766950607299805,-0.32182779908180237,0.048602521419525146,1.0003327131271362,1.0,1.3581697940826416,0.00033271312713623047
84,mid_50pct,105,17438,211,0.01933727040886879,0.02629382722079754,0.022239267826080322,-0.9837421178817749,-1.0,0.016257882118225098,True,-1.0,True,0.019962582737207413,0.02048138529062271,-0.14909601211547852,-0.147792249917984,-1.188870906829834,0.0013037621974945068,0.13039332628250122,0.12331540882587433,0.2942993640899658,0.007077917456626892,-0.1326604187488556,-0.13067273795604706,-0.06808921694755554,0.0019876807928085327,-2.6772215366363525,-2.6757571697235107,-0.9304867386817932,0.0014643669128417969,0.28779512643814087,0.27630871534347534,0.9170223474502563,0.011486411094665527,2.836839199066162,2.834202766418457,0.9908603429794312,0.002636432647705078,-0.22856223583221436,-0.20632296800613403,-1.7083709239959717,0.022239267826080322,-0.9837421178817749,-1.0,-0.719449520111084,0.016257882118225098
84,late_80pct,168,17501,211,0.01933727040886879,0.02638878859579563,0.018749475479125977,-1.0029771327972412,-1.0,0.002977132797241211,True,-1.0,True,0.020003700628876686,0.020436793565750122,0.044559575617313385,0.04034530371427536,0.06405413150787354,0.004214271903038025,0.06533410400152206,0.05155313014984131,-0.0040306756272912025,0.013780973851680756,0.11416053771972656,0.10354895889759064,1.568016529083252,0.010611578822135925,-2.2718796730041504,-2.2906291484832764,1.0436515808105469,0.018749475479125977,0.05944118648767471,0.05704006552696228,-0.16389334201812744,0.002401120960712433,2.404129981994629,2.406076669692993,-0.8071240782737732,0.0019466876983642578,0.4333282709121704,0.4294566512107849,-0.24613863229751587,0.003871619701385498,-1.0029771327972412,-1.0,-0.7395914196968079,0.002977132797241211
85,early_20pct,45,17589,228,0.01933727040886879,0.1166645810008049,0.1079290509223938,1.0005086660385132,1.0,0.0005086660385131836,True,1.0,True,0.03999999910593033,0.03999980539083481,-0.013013098388910294,-0.029501821845769882,-0.3084331750869751,0.01648872345685959,-0.16447857022285461,-0.15328821539878845,-1.0578402280807495,0.011190354824066162,-0.26789748668670654,-0.2440214902162552,-0.9645370841026306,0.023875996470451355,-2.7844467163085938,-2.781543254852295,-1.4527065753936768,0.002903461456298828,-0.009057536721229553,-0.03495463356375694,-0.4881327152252197,0.02589709684252739,2.7131600379943848,2.7309277057647705,0.47695112228393555,0.017767667770385742,0.5462019443511963,0.6541309952735901,0.0032191663049161434,0.1079290509223938,1.0005086660385132,1.0,1.3583539724349976,0.0005086660385131836
85,mid_50pct,114,17658,228,0.08377411961555481,0.1283423900604248,0.08204016089439392,-0.9669874906539917,-1.0,0.0330125093460083,True,-1.0,True,0.02010069414973259,0.020907068625092506,-0.13556599617004395,-0.14937417209148407,-1.1013336181640625,0.013808175921440125,0.41011443734169006,0.42789000272750854,1.5769648551940918,0.01777556538581848,-0.19968900084495544,-0.17423930764198303,-0.5124025940895081,0.025449693202972412,-2.7235734462738037,-2.734574556350708,-1.1562347412109375,0.011001110076904297,-0.008773326873779297,-0.05149119719862938,-0.48678743839263916,0.04271787032485008,3.8827362060546875,3.964228630065918,5.336748123168945,0.08149242401123047,-0.229131281375885,-0.31117144227027893,-1.7096281051635742,0.08204016089439392,-0.9669874906539917,-1.0,-0.7019048929214478,0.0330125093460083
85,late_80pct,182,17726,228,0.08377411961555481,0.24990777671337128,0.17606353759765625,-0.923419713973999,-1.0,0.07658028602600098,True,-1.0,True,0.020110737532377243,0.02088772878050804,0.32483792304992676,0.30107617378234863,1.8774163722991943,0.023761749267578125,0.4215315878391266,0.4652928113937378,1.6293184757232666,0.043761223554611206,0.13392038643360138,0.1696884036064148,1.6989989280700684,0.035768017172813416,-2.0844886302948,-2.03896164894104,1.956303596496582,0.045526981353759766,2.02097749710083,2.1970410346984863,9.121058464050293,0.17606353759765625,3.7754273414611816,3.8583364486694336,4.8908610343933105,0.08290910720825195,-3.162043809890747,-3.29897403717041,-8.188946723937988,0.13693022727966309,-0.923419713973999,-1.0,-0.6562829613685608,0.07658028602600098
86,early_20pct,41,17813,207,0.08377411961555481,0.08628059923648834,0.08327126502990723,0.9997755289077759,1.0,0.0002244710922241211,True,1.0,True,0.03999999910593033,0.039999138563871384,-0.031769827008247375,-0.032998230308294296,-0.42978665232658386,0.0012284033000469208,-0.125159353017807,-0.12925514578819275,-0.8775414228439331,0.004095792770385742,-0.2659103572368622,-0.2505895793437958,-0.9513651132583618,0.015320777893066406,-2.6605467796325684,-2.65806245803833,-0.8492758274078369,0.0024843215942382812,0.049465496093034744,0.03368552029132843,-0.21111337840557098,0.015779975801706314,2.617838144302368,2.6164071559906006,0.08087104558944702,0.0014309883117675781,0.39877045154571533,0.48204171657562256,-0.3224829435348511,0.08327126502990723,0.9997755289077759,1.0,1.3575862646102905,0.0002244710922241211
86,mid_50pct,103,17875,207,0.08377411961555481,0.03073260374367237,0.019934743642807007,-1.0064345598220825,-1.0,0.0064345598220825195,True,-1.0,True,0.01997309923171997,0.02046258933842182,-0.16350868344306946,-0.16989761590957642,-1.2821189165115356,0.006388932466506958,0.18285436928272247,0.16842643916606903,0.5348603129386902,0.014427930116653442,-0.06820589303970337,-0.06443211436271667,0.3591614365577698,0.0037737786769866943,-2.6399192810058594,-2.633646249771118,-0.748814046382904,0.006273031234741211,0.3987424075603485,0.3847729563713074,1.4421923160552979,0.013969451189041138,2.8658199310302734,2.858793020248413,1.1112802028656006,0.0070269107818603516,-0.12226909399032593,-0.10233435034751892,-1.473550796508789,0.019934743642807007,-1.0064345598220825,-1.0,-0.7432118058204651,0.0064345598220825195
86,late_80pct,165,17937,207,0.08377411961555481,0.039770446717739105,0.02442479133605957,-0.9962613582611084,-1.0,0.0037386417388916016,True,-1.0,True,0.020012233406305313,0.020419450476765633,0.02589714527130127,0.018276162445545197,-0.05668924003839493,0.007620982825756073,0.07322611659765244,0.06338196247816086,0.032158270478248596,0.009844154119491577,0.14947693049907684,0.14383099973201752,1.8021187782287598,0.005645930767059326,-2.2697091102600098,-2.2489070892333984,1.0542229413986206,0.020802021026611328,0.08525998890399933,0.07713817805051804,-0.041679784655570984,0.008121810853481293,2.434809446334839,2.4103846549987793,-0.6796451807022095,0.02442479133605957,0.5827785730361938,0.6000865697860718,0.08402334153652191,0.01730799674987793,-0.9962613582611084,-1.0,-0.7325589656829834,0.0037386417388916016
87,early_20pct,41,18020,206,0.08377411961555481,0.05097076669335365,0.047107040882110596,0.996337890625,1.0,0.003662109375,True,1.0,True,0.03999999910593033,0.03999876603484154,-0.08283799886703491,-0.07961414754390717,-0.7601906657218933,0.0032238513231277466,0.03250928968191147,0.028754238039255142,-0.15454939007759094,0.0037550516426563263,-0.24818435311317444,-0.2462550699710846,-0.8338645100593567,0.0019292831420898438,-2.488184690475464,-2.4965386390686035,-0.009819820523262024,0.008353948593139648,0.11174291372299194,0.10510493814945221,0.08367740362882614,0.006637975573539734,2.5635554790496826,2.578946352005005,-0.14468242228031158,0.015390872955322266,0.32696419954299927,0.37407124042510986,-0.48111557960510254,0.047107040882110596,0.996337890625,1.0,1.3539866209030151,0.003662109375
87,mid_50pct,102,18081,206,0.08377411961555481,0.07066034525632858,0.045333132147789,-0.9986282587051392,-1.0,0.0013717412948608398,True,-1.0,True,0.02010520175099373,0.020497044548392296,-0.14092344045639038,-0.1280115246772766,-1.1359955072402954,0.01291191577911377,0.29264503717422485,0.24731190502643585,1.0383071899414062,0.045333132147789,-0.16329753398895264,-0.17709967494010925,-0.271173894405365,0.013802140951156616,-2.466642141342163,-2.473534107208252,0.0950985997915268,0.006891965866088867,0.3152259588241577,0.2830711901187897,1.0468664169311523,0.03215476870536804,2.7618942260742188,2.736851215362549,0.679450273513794,0.025043010711669922,0.18707025051116943,0.21659979224205017,-0.7901658415794373,0.029529541730880737,-0.9986282587051392,-1.0,-0.7350374460220337,0.0013717412948608398
87,late_80pct,164,18143,206,0.08377411961555481,0.0386253260076046,0.03270445764064789,-1.003509521484375,-1.0,0.003509521484375,True,-1.0,True,0.020080380141735077,0.0205233134329319,0.19512638449668884,0.19182634353637695,1.0382007360458374,0.0033000409603118896,0.12997478246688843,0.09727032482624054,0.292380154132843,0.03270445764064789,0.0626891702413559,0.06154138594865799,1.2268275022506714,0.0011477842926979065,-2.1985318660736084,-2.206181526184082,1.4008774757385254,0.007649660110473633,0.04791095852851868,0.05021527037024498,-0.21847179532051086,0.002304311841726303,2.3800156116485596,2.3618884086608887,-0.9073234796524048,0.0181272029876709,0.9844719171524048,0.9886795282363892,0.9714344143867493,0.004207611083984375,-1.003509521484375,-1.0,-0.7401489019393921,0.003509521484375
88,early_20pct,41,18226,205,0.009115591645240784,0.028426306322216988,0.017444610595703125,1.0049728155136108,1.0,0.00497281551361084,True,1.0,True,0.03999999910593033,0.0399993434548378,-0.03691422939300537,-0.02879159152507782,-0.46307018399238586,0.008122637867927551,-0.169509619474411,-0.15397411584854126,-1.0809102058410645,0.015535503625869751,-0.2235300987958908,-0.2221488356590271,-0.6704384684562683,0.0013812631368637085,-2.6897075176239014,-2.691884756088257,-0.9912974834442139,0.0021772384643554688,-0.01987658441066742,-0.016130480915308,-0.5393447875976562,0.0037461034953594208,2.5529770851135254,2.5704216957092285,-0.1886376589536667,0.017444610595703125,0.5400380492210388,0.5267817378044128,-0.010397955775260925,0.013256311416625977,1.0049728155136108,1.0,1.363028645515442,0.00497281551361084
88,mid_50pct,102,18287,205,0.009115591645240784,0.029724227264523506,0.020347416400909424,-0.9899653196334839,-1.0,0.010034680366516113,True,-1.0,True,0.020067505538463593,0.020428797230124474,0.019201133400201797,0.008881153538823128,-0.10001151263713837,0.01031997986137867,0.15606558322906494,0.16078808903694153,0.41201990842819214,0.004722505807876587,-0.23522526025772095,-0.21487784385681152,-0.7479622960090637,0.020347416400909424,-2.6871414184570312,-2.683300018310547,-0.9787997007369995,0.003841400146484375,0.197572261095047,0.20986175537109375,0.489951491355896,0.012289494276046753,2.8609795570373535,2.8711977005004883,1.0911673307418823,0.010218143463134766,0.4930873215198517,0.4846903085708618,-0.11412040144205093,0.008397012948989868,-0.9899653196334839,-1.0,-0.7259660363197327,0.010034680366516113
88,late_80pct,163,18348,205,0.009115591645240784,0.06815894693136215,0.049535512924194336,-1.0217562913894653,-1.0,0.021756291389465332,True,-1.0,True,0.020019561052322388,0.020480552688241005,0.1981223225593567,0.19088909029960632,1.0575840473175049,0.007233232259750366,0.1265811175107956,0.1504172384738922,0.2768184244632721,0.02383612096309662,-0.037773601710796356,-0.04295960068702698,0.560888409614563,0.005185998976230621,-2.184030771255493,-2.134495258331299,1.4715020656585693,0.049535512924194336,0.022349625825881958,0.02145180106163025,-0.3394666016101837,0.000897824764251709,2.3510196208953857,2.3200297355651855,-1.0278072357177734,0.030989885330200195,1.0451138019561768,1.0209617614746094,1.1054028272628784,0.024152040481567383,-1.0217562913894653,-1.0,-0.7592558860778809,0.021756291389465332
89,early_20pct,42,18432,210,0.009115591645240784,0.04119011014699936,0.03203567862510681,1.005833625793457,1.0,0.005833625793457031,True,1.0,True,0.03999999910593033,0.03999905660748482,-0.07048912346363068,-0.0702439397573471,-0.6802951693534851,0.00024518370628356934,-0.21644806861877441,-0.1982470452785492,-1.2961472272872925,0.01820102334022522,-0.27246934175491333,-0.2679179310798645,-0.9948427677154541,0.004551410675048828,-2.7611711025238037,-2.7650182247161865,-1.3393476009368896,0.0038471221923828125,-0.01591932773590088,-0.011139198206365108,-0.5206130743026733,0.00478012952953577,2.5844764709472656,2.601228713989258,-0.057752445340156555,0.016752243041992188,0.42517319321632385,0.45720887184143066,-0.26415467262268066,0.03203567862510681,1.005833625793457,1.0,1.3639299869537354,0.005833625793457031
89,mid_50pct,104,18494,210,0.009115591645240784,0.017888247966766357,0.012726813554763794,-1.0056108236312866,-1.0,0.005610823631286621,True,-1.0,True,0.02017313800752163,0.02065863274037838,-0.11134776473045349,-0.1134645864367485,-0.9446449279785156,0.0021168217062950134,0.0653628557920456,0.05493819713592529,-0.003898831084370613,0.0104246586561203,-0.17231173813343048,-0.17340584099292755,-0.3309265077114105,0.0010941028594970703,-2.7610678672790527,-2.7598395347595215,-1.338844656944275,0.00122833251953125,0.3037290871143341,0.2910022735595703,0.9924458861351013,0.012726813554763794,2.840716600418091,2.834482192993164,1.0069708824157715,0.006234407424926758,-0.06524372100830078,-0.06705742329359055,-1.3475717306137085,0.0018137022852897644,-1.0056108236312866,-1.0,-0.7423492074012756,0.005610823631286621
89,late_80pct,167,18557,210,0.009115591645240784,0.024896159768104553,0.01699542999267578,-1.016958236694336,-1.0,0.016958236694335938,True,-1.0,True,0.02019812911748886,0.02063002437353134,0.04927995800971985,0.04752796143293381,0.09459434449672699,0.0017519965767860413,0.018284175544977188,0.005723649635910988,-0.2197788655757904,0.0125605259090662,0.12691763043403625,0.12342343479394913,1.652579665184021,0.0034941956400871277,-2.3023488521575928,-2.2996344566345215,0.8952577114105225,0.002714395523071289,0.08530227094888687,0.08180542290210724,-0.04147963225841522,0.0034968480467796326,2.3813185691833496,2.364323139190674,-0.9019096493721008,0.01699542999267578,0.5954525470733643,0.6072140336036682,0.11202239990234375,0.011761486530303955,-1.016958236694336,-1.0,-0.7542316317558289,0.016958236694335938
90,early_20pct,42,18642,210,0.009115591645240784,0.025510575622320175,0.01860666275024414,1.0158312320709229,1.0,0.01583123207092285,True,1.0,True,0.03999999910593033,0.03999935835599899,-0.03960639238357544,-0.03755465894937515,-0.480488121509552,0.002051733434200287,-0.22818726301193237,-0.21459850668907166,-1.3499774932861328,0.013588756322860718,-0.22453027963638306,-0.22218504548072815,-0.677068293094635,0.0023452341556549072,-2.753480911254883,-2.7585062980651855,-1.301893949508667,0.005025386810302734,-0.056203693151474,-0.05491087958216667,-0.7112995386123657,0.0012928135693073273,2.505218744277954,2.514345169067383,-0.38708215951919556,0.009126424789428711,0.5557073950767517,0.5743140578269958,0.024218343198299408,0.01860666275024414,1.0158312320709229,1.0,1.374398946762085,0.01583123207092285
90,mid_50pct,104,18704,210,0.009115591645240784,0.06637657433748245,0.044445209205150604,-1.0002834796905518,-1.0,0.0002834796905517578,True,-1.0,True,0.020129045471549034,0.020487312227487564,0.0151271503418684,0.023874983191490173,-0.1263696253299713,0.008747832849621773,0.12995077669620514,0.08550556749105453,0.29227006435394287,0.044445209205150604,-0.23943009972572327,-0.25412118434906006,-0.7758350372314453,0.014691084623336792,-2.762376546859741,-2.768319845199585,-1.345218300819397,0.00594329833984375,0.041291456669569016,0.01999397948384285,-0.2498052716255188,0.021297477185726166,2.8649377822875977,2.8289635181427,1.1076151132583618,0.03597426414489746,0.4484977126121521,0.46734094619750977,-0.21262669563293457,0.018843233585357666,-1.0002834796905518,-1.0,-0.736770749092102,0.0002834796905517578
90,late_80pct,167,18767,210,0.03353197127580643,0.025052184239029884,0.016191959381103516,-0.9995026588439941,-1.0,0.0004973411560058594,True,-1.0,True,0.020061450079083443,0.020560916513204575,0.22557032108306885,0.21702642738819122,1.2351688146591187,0.008543893694877625,0.12231302261352539,0.12234622985124588,0.25724703073501587,3.32072377204895e-05,-0.010101363062858582,-0.016740504652261734,0.7443197965621948,0.0066391415894031525,-2.1464409828186035,-2.1302490234375,1.6545766592025757,0.016191959381103516,-0.0023699328303337097,-0.0018421838758513331,-0.4564768970012665,0.0005277489544823766,2.2348408699035645,2.221168041229248,-1.5105509757995605,0.013672828674316406,0.9210467338562012,0.9132281541824341,0.831317126750946,0.00781857967376709,-0.9995026588439941,-1.0,-0.7359530925750732,0.0004973411560058594
91,early_20pct,40,18850,203,0.03353197127580643,0.03955706208944321,0.035211265087127686,1.0067976713180542,1.0,0.006797671318054199,True,1.0,True,0.03999999910593033,0.03999961167573929,-0.038757309317588806,-0.03085866943001747,-0.4749946594238281,0.007898639887571335,-0.2966509163379669,-0.2869760990142822,-1.6639186143875122,0.009674817323684692,-0.21976208686828613,-0.20914040505886078,-0.6454614400863647,0.010621681809425354,-2.780670166015625,-2.774749279022217,-1.4343138933181763,0.005920886993408203,-0.018040671944618225,-0.01388020534068346,-0.5306544899940491,0.004160466603934765,2.4902827739715576,2.4922194480895996,-0.4491437077522278,0.0019366741180419922,0.5469253659248352,0.5821366310119629,0.004817234352231026,0.035211265087127686,1.0067976713180542,1.0,1.3649394512176514,0.006797671318054199
91,mid_50pct,101,18911,203,0.03353197127580643,0.10473740845918655,0.05558517575263977,-0.9926549196243286,-1.0,0.007345080375671387,True,-1.0,True,0.020216109231114388,0.02071956731379032,-0.02388286218047142,0.01058508362621069,-0.3787590563297272,0.034467946738004684,0.21882489323616028,0.17853204905986786,0.6998037695884705,0.04029284417629242,-0.116330087184906,-0.16018517315387726,0.04015985131263733,0.04385508596897125,-2.756692886352539,-2.7638673782348633,-1.3175363540649414,0.007174491882324219,0.44763338565826416,0.3920482099056244,1.6736183166503906,0.05558517575263977,2.9889373779296875,2.946260452270508,1.622855544090271,0.04267692565917969,0.3999084234237671,0.43558192253112793,-0.31996896862983704,0.03567349910736084,-0.9926549196243286,-1.0,-0.7287825345993042,0.007345080375671387
91,late_80pct,162,18972,203,0.03353197127580643,0.04483279585838318,0.02890181541442871,-1.0068614482879639,-1.0,0.006861448287963867,True,-1.0,True,0.020240411162376404,0.020698808133602142,0.2149786800146103,0.22520437836647034,1.1666423082351685,0.010225698351860046,-0.00024003535509109497,-0.018266165629029274,-0.3047219216823578,0.01802613027393818,-0.0038987845182418823,0.01249175425618887,0.785434901714325,0.016390539705753326,-2.312218189239502,-2.3060355186462402,0.8471905589103699,0.006182670593261719,0.056245192885398865,0.05372285097837448,-0.17902161180973053,0.0025223419070243835,2.3310673236846924,2.3102846145629883,-1.1107125282287598,0.0207827091217041,1.1425331830978394,1.171434998512268,1.3206194639205933,0.02890181541442871,-1.0068614482879639,-1.0,-0.7436588406562805,0.006861448287963867
92,early_20pct,40,19053,203,0.03353197127580643,0.03957156836986542,0.03584575653076172,1.0189985036849976,1.0,0.01899850368499756,True,1.0,True,0.03999999910593033,0.03999971225857735,0.004174569621682167,0.009782246313989162,-0.19723132252693176,0.005607676692306995,-0.0472482368350029,-0.03937583044171333,-0.5202787518501282,0.007872406393289566,-0.17872850596904755,-0.17146432399749756,-0.3734614849090576,0.007264181971549988,-2.5368103981018066,-2.5395002365112305,-0.246642604470253,0.002689838409423828,0.023040205240249634,0.021600104868412018,-0.33619773387908936,0.001440100371837616,2.5555050373077393,2.5667073726654053,-0.17813360691070557,0.011202335357666016,0.5252388715744019,0.5610846281051636,-0.043092042207717896,0.03584575653076172,1.0189985036849976,1.0,1.3777155876159668,0.01899850368499756
92,mid_50pct,101,19114,203,0.03353197127580643,0.042055726051330566,0.027078717947006226,-1.0013880729675293,-1.0,0.0013880729675292969,True,-1.0,True,0.020099081099033356,0.020623842254281044,-0.1189500242471695,-0.11442113667726517,-0.9938305616378784,0.004528887569904327,0.3069705069065094,0.2798917889595032,1.103996753692627,0.027078717947006226,-0.025756917893886566,-0.029508132487535477,0.6405435800552368,0.0037512145936489105,-2.52766489982605,-2.5293424129486084,-0.20210085809230804,0.0016775131225585938,0.11519137024879456,0.12048473954200745,0.10000072419643402,0.005293369293212891,2.9096431732177734,2.883538246154785,1.293373465538025,0.02610492706298828,0.06457856297492981,0.08156513422727585,-1.0607714653015137,0.01698657125234604,-1.0013880729675293,-1.0,-0.7379273772239685,0.0013880729675292969
92,late_80pct,162,19175,203,0.03353197127580643,0.030812999233603477,0.01631760597229004,-0.9850435256958008,-1.0,0.014956474304199219,True,-1.0,True,0.020136743783950806,0.020586535334587097,0.08045706897974014,0.0905284658074379,0.29630598425865173,0.010071396827697754,0.11811515688896179,0.11413224786520004,0.2379976511001587,0.003982909023761749,0.12534447014331818,0.13073387742042542,1.6421515941619873,0.005389407277107239,-2.190307855606079,-2.173990249633789,1.4409313201904297,0.01631760597229004,-0.01735900342464447,-0.025542400777339935,-0.5274277925491333,0.008183397352695465,2.3724286556243896,2.3561558723449707,-0.9388490915298462,0.016272783279418945,0.5597665309906006,0.5740865468978882,0.033185649663209915,0.014320015907287598,-0.9850435256958008,-1.0,-0.720812201499939,0.014956474304199219
93,early_20pct,42,19258,211,0.03353197127580643,0.040290504693984985,0.024880945682525635,0.9790909290313721,1.0,0.02090907096862793,True,1.0,True,0.03999999910593033,0.039999086409807205,-0.0958777666091919,-0.08133699744939804,-0.8445561528205872,0.014540769159793854,-0.23992419242858887,-0.21826519072055817,-1.4037972688674927,0.0216590017080307,-0.3117504417896271,-0.31429171562194824,-1.2552258968353271,0.002541273832321167,-2.789071559906006,-2.790997266769409,-1.4752309322357178,0.0019257068634033203,-0.061367616057395935,-0.061911530792713165,-0.7357430458068848,0.0005439147353172302,2.638286828994751,2.6559858322143555,0.1658390462398529,0.017699003219604492,0.46445509791374207,0.43957415223121643,-0.17737402021884918,0.024880945682525635,0.9790909290313721,1.0,1.3359264135360718,0.02090907096862793
93,mid_50pct,105,19321,211,0.016787191852927208,0.2944452464580536,0.17779600620269775,-1.0045127868652344,-1.0,0.004512786865234375,True,-1.0,True,0.020244382321834564,0.02065708488225937,-0.03973831981420517,0.0603838749229908,-0.4813416600227356,0.10012219846248627,0.23503011465072632,0.13149511814117432,0.7741129398345947,0.103534996509552,-0.19169794023036957,-0.33448031544685364,-0.4594321548938751,0.14278237521648407,-2.747393846511841,-2.7772486209869385,-1.2722479104995728,0.029854774475097656,0.6335290670394897,0.455733060836792,2.5535573959350586,0.17779600620269775,3.0608816146850586,2.9942169189453125,1.921796441078186,0.0666646957397461,0.3814212679862976,0.47426706552505493,-0.3608103096485138,0.09284579753875732,-1.0045127868652344,-1.0,-0.7411993741989136,0.004512786865234375
93,late_80pct,168,19384,211,0.016787191852927208,0.02945905737578869,0.020473947748541832,-1.0235668420791626,-1.0,0.023566842079162598,True,-1.0,True,0.020221328362822533,0.02068142406642437,0.2587421238422394,0.25613313913345337,1.449785828590393,0.0026089847087860107,0.0018741264939308167,-0.018599821254611015,-0.29502740502357483,0.020473947748541832,-0.08589357137680054,-0.08700554817914963,0.24191488325595856,0.0011119768023490906,-2.3425397872924805,-2.336294412612915,0.6995145678520203,0.00624537467956543,-0.03402797877788544,-0.04162381961941719,-0.6063305735588074,0.0075958408415317535,2.4373676776885986,2.4192311763763428,-0.669015645980835,0.01813650131225586,1.3870301246643066,1.3909000158309937,1.860756278038025,0.0038698911666870117,-1.0235668420791626,-1.0,-0.7611518502235413,0.023566842079162598
94,early_20pct,41,19468,206,0.016787191852927208,0.03285306319594383,0.025518298149108887,1.0079443454742432,1.0,0.007944345474243164,True,1.0,True,0.03999999910593033,0.039999186992645264,0.010010449215769768,0.01228786539286375,-0.1594739854335785,0.0022774161770939827,-0.029585063457489014,-0.019995257258415222,-0.43928399682044983,0.009589806199073792,-0.2358306348323822,-0.23609168827533722,-0.7519752383232117,0.0002610534429550171,-2.549757480621338,-2.5517091751098633,-0.3096986413002014,0.0019516944885253906,0.08644933998584747,0.08091026544570923,-0.036049984395504,0.005539074540138245,2.6140880584716797,2.63130521774292,0.06528924405574799,0.017217159271240234,0.45293760299682617,0.47845590114593506,-0.20281821489334106,0.025518298149108887,1.0079443454742432,1.0,1.3661402463912964,0.007944345474243164
94,mid_50pct,102,19529,206,0.016787191852927208,0.014723208732903004,0.012557342648506165,-1.006460428237915,-1.0,0.006460428237915039,True,-1.0,True,0.019894100725650787,0.020344030112028122,-0.09743136167526245,-0.09553952515125275,-0.8546077013015747,0.0018918365240097046,0.25469720363616943,0.25209781527519226,0.8642967343330383,0.002599388360977173,-0.09130918979644775,-0.09186092019081116,0.20601627230644226,0.0005517303943634033,-2.531088352203369,-2.525315761566162,-0.21877390146255493,0.005772590637207031,0.29626938700675964,0.2928190231323242,0.9571353197097778,0.003450363874435425,2.8500916957855225,2.8518855571746826,1.0459260940551758,0.0017938613891601562,0.08113828301429749,0.09369562566280365,-1.0241881608963013,0.012557342648506165,-1.006460428237915,-1.0,-0.7432388663291931,0.006460428237915039
94,late_80pct,164,19591,206,0.016787191852927208,0.04744621366262436,0.03139925003051758,-0.9962031841278076,-1.0,0.003796815872192383,True,-1.0,True,0.019911278039216995,0.020325150340795517,0.1604655385017395,0.15872295200824738,0.8139497637748718,0.0017425864934921265,0.06967498362064362,0.05210862308740616,0.01587449014186859,0.017566360533237457,0.09042106568813324,0.09326024353504181,1.4106543064117432,0.0028391778469085693,-2.2714197635650635,-2.245666742324829,1.045891523361206,0.025753021240234375,0.025080926716327667,0.02284231223165989,-0.32653796672821045,0.002238614484667778,2.424877166748047,2.3934779167175293,-0.7209152579307556,0.03139925003051758,0.7700177431106567,0.7866708636283875,0.497667521238327,0.016653120517730713,-0.9962031841278076,-1.0,-0.732498049736023,0.003796815872192383
95,early_20pct,41,19674,204,0.016787191852927208,0.03048107400536537,0.018767595291137695,1.0071239471435547,1.0,0.0071239471435546875,True,1.0,True,0.03999999910593033,0.039999593049287796,-0.01279633492231369,-0.00658092275261879,-0.30703073740005493,0.0062154121696949005,0.0757807046175003,0.08311803638935089,0.04387235641479492,0.007337331771850586,-0.18773263692855835,-0.18390701711177826,-0.4331473112106323,0.0038256198167800903,-2.382967710494995,-2.3941662311553955,0.5026185512542725,0.01119852066040039,0.08254989981651306,0.08987227082252502,-0.05450800061225891,0.007322371006011963,2.455871105194092,2.4746387004852295,-0.5921306610107422,0.018767595291137695,0.5176457762718201,0.5346970558166504,-0.0598665252327919,0.017051279544830322,1.0071239471435547,1.0,1.3652812242507935,0.0071239471435546875
95,mid_50pct,102,19735,204,0.016787191852927208,0.015224532224237919,0.010295376181602478,-1.0154918432235718,-1.0,0.015491843223571777,True,-1.0,True,0.020159831270575523,0.020495204254984856,-0.006113819777965546,-0.006367296911776066,-0.26379579305648804,0.00025347713381052017,0.32844728231430054,0.3196392059326172,1.2024788856506348,0.00880807638168335,-0.17002825438976288,-0.16563430428504944,-0.31578996777534485,0.00439395010471344,-2.381884813308716,-2.385566234588623,0.5078933835029602,0.0036814212799072266,0.2004658281803131,0.19017045199871063,0.5036482214927673,0.010295376181602478,2.6903164386749268,2.687246799468994,0.38203164935112,0.003069639205932617,0.5397912859916687,0.537369966506958,-0.010943189263343811,0.0024213194847106934,-1.0154918432235718,-1.0,-0.7526960968971252,0.015491843223571777
95,late_80pct,162,19795,204,0.016787191852927208,0.05552755668759346,0.04691648483276367,-1.007125973701477,-1.0,0.007125973701477051,True,-1.0,True,0.020090416073799133,0.020569680258631706,0.26120179891586304,0.2654532492160797,1.4656994342803955,0.004251450300216675,-0.011767543852329254,0.007723487913608551,-0.3575814962387085,0.019491031765937805,0.03359277546405792,0.037550318986177444,1.0339558124542236,0.003957543522119522,-2.309720516204834,-2.2628040313720703,0.859354555606842,0.04691648483276367,0.040918316692113876,0.04294106364250183,-0.25157153606414795,0.0020227469503879547,2.29351544380188,2.2719902992248535,-1.266746997833252,0.021525144577026367,1.1456947326660156,1.1467399597167969,1.327603816986084,0.00104522705078125,-1.007125973701477,-1.0,-0.7439358234405518,0.007125973701477051
96,early_20pct,42,19879,209,0.014407369308173656,0.044608764350414276,0.03280162811279297,1.0049524307250977,1.0,0.004952430725097656,True,1.0,True,0.03999999910593033,0.039999280124902725,-0.009822718799114227,-0.0048649609088897705,-0.2877918481826782,0.004957757890224457,-0.10170317441225052,-0.07399718463420868,-0.7699826955795288,0.02770598977804184,-0.23958906531333923,-0.23662301898002625,-0.7768887877464294,0.0029660463333129883,-2.606140613555908,-2.61336088180542,-0.5843018293380737,0.007220268249511719,0.005189195275306702,0.012744216248393059,-0.4206956923007965,0.007555020973086357,2.50565242767334,2.538454055786133,-0.38527992367744446,0.03280162811279297,0.5106062889099121,0.508660614490509,-0.07541793584823608,0.0019456744194030762,1.0049524307250977,1.0,1.3630073070526123,0.004952430725097656
96,mid_50pct,104,19941,209,0.014407369308173656,0.022394279018044472,0.019811809062957764,-0.9967520236968994,-1.0,0.003247976303100586,True,-1.0,True,0.020119262859225273,0.020463529974222183,0.02004285156726837,0.018214406445622444,-0.09456571191549301,0.0018284451216459274,0.1586056649684906,0.16279850900173187,0.42366746068000793,0.004192844033241272,-0.2405485212802887,-0.2377820611000061,-0.783248782157898,0.0027664601802825928,-2.594681739807129,-2.5990731716156006,-0.5284930467605591,0.00439143180847168,0.12143095582723618,0.12184818834066391,0.12953585386276245,0.0004172325134277344,2.7228753566741943,2.7306830883026123,0.5173197984695435,0.007807731628417969,0.4774809777736664,0.4576691687107086,-0.1485975682735443,0.019811809062957764,-0.9967520236968994,-1.0,-0.7330727577209473,0.003247976303100586
96,late_80pct,166,20003,209,0.014407369308173656,0.042957961559295654,0.029905050992965698,-1.0072909593582153,-1.0,0.007290959358215332,True,-1.0,True,0.02004680037498474,0.02054203674197197,0.27535945177078247,0.2783702611923218,1.557297706604004,0.0030108094215393066,0.159359872341156,0.1294548213481903,0.4271259009838104,0.029905050992965698,0.013999342918395996,0.01707889512181282,0.9040765166282654,0.0030795522034168243,-2.143400192260742,-2.141922950744629,1.6693851947784424,0.0014772415161132812,0.024676613509655,0.025660766288638115,-0.32845181226730347,0.0009841527789831161,2.280336856842041,2.2506766319274902,-1.3215069770812988,0.02966022491455078,1.0541954040527344,1.0612413883209229,1.125465750694275,0.0070459842681884766,-1.0072909593582153,-1.0,-0.7441086173057556,0.007290959358215332
97,early_20pct,40,20086,200,0.014407369308173656,0.06969794631004333,0.0592406690120697,0.9974048137664795,1.0,0.002595186233520508,True,1.0,True,0.03999999910593033,0.039999134838581085,-0.01996685191988945,-0.014474010095000267,-0.35342299938201904,0.005492841824889183,-0.2698674499988556,-0.2476012408733368,-1.541102647781372,0.0222662091255188,-0.25441041588783264,-0.2394450455904007,-0.8751353025436401,0.014965370297431946,-2.794771194458008,-2.7940046787261963,-1.502990484237671,0.0007665157318115234,-0.00290718674659729,-0.0028672562912106514,-0.4590199887752533,3.993045538663864e-05,2.581965446472168,2.6064162254333496,-0.06818591058254242,0.02445077896118164,0.44984713196754456,0.5090878009796143,-0.2096455693244934,0.0592406690120697,0.9974048137664795,1.0,1.355103850364685,0.002595186233520508
97,mid_50pct,100,20146,200,0.014407369308173656,0.21940723061561584,0.14499473571777344,-0.9995957612991333,-1.0,0.0004042387008666992,True,-1.0,True,0.020174669101834297,0.020734215155243874,-0.11154785752296448,-0.05160757154226303,-0.9459395408630371,0.05994028598070145,0.2157055139541626,0.15560902655124664,0.6854997277259827,0.060096487402915955,-0.027343496680259705,-0.10029329359531403,0.6300265789031982,0.07294979691505432,-2.7398905754089355,-2.7518224716186523,-1.2357040643692017,0.011931896209716797,0.6067081093788147,0.4951651692390442,2.4265999794006348,0.11154294013977051,2.9763948917388916,2.9316091537475586,1.5707387924194336,0.04478573799133301,-0.2864638566970825,-0.14146912097930908,-1.8362858295440674,0.14499473571777344,-0.9995957612991333,-1.0,-0.736050546169281,0.0004042387008666992
97,late_80pct,159,20205,200,0.014407369308173656,0.041058529168367386,0.0273435115814209,-1.0151656866073608,-1.0,0.01516568660736084,True,-1.0,True,0.020244630053639412,0.020656557753682137,0.12154974043369293,0.12712320685386658,0.5621699094772339,0.005573466420173645,-0.08729732781648636,-0.09306137263774872,-0.7039244771003723,0.00576404482126236,0.1397194117307663,0.1454371213912964,1.7374389171600342,0.00571770966053009,-2.418236494064331,-2.3923985958099365,0.3308488428592682,0.02583789825439453,0.1148599237203598,0.10682670772075653,0.09843181818723679,0.008033215999603271,2.3940019607543945,2.3666584491729736,-0.8492077589035034,0.0273435115814209,0.6767666339874268,0.6872081756591797,0.2916593551635742,0.01044154167175293,-1.0151656866073608,-1.0,-0.7523545622825623,0.01516568660736084
98,early_20pct,42,20288,211,0.014407369308173656,0.02181902341544628,0.01430201530456543,0.9908307790756226,1.0,0.009169220924377441,True,1.0,True,0.03999999910593033,0.039998918771743774,-0.054359517991542816,-0.05212261155247688,-0.5759388208389282,0.0022369064390659332,0.0691768005490303,0.07850850373506546,0.013590050861239433,0.009331703186035156,-0.25501883029937744,-0.2524883449077606,-0.8791682124137878,0.0025304853916168213,-2.402991533279419,-2.4114015102386475,0.4050963819026947,0.008409976959228516,0.072492316365242,0.06762205064296722,-0.1021156907081604,0.00487026572227478,2.5241270065307617,2.538429021835327,-0.3085150718688965,0.01430201530456543,0.3880354166030884,0.39690035581588745,-0.34619855880737305,0.008864939212799072,0.9908307790756226,1.0,1.348219871520996,0.009169220924377441
98,mid_50pct,105,20351,211,0.014407369308173656,0.07894038408994675,0.05967643857002258,-1.0099422931671143,-1.0,0.009942293167114258,True,-1.0,True,0.020090412348508835,0.02047957107424736,-0.06525317579507828,-0.05055521801114082,-0.6464192867279053,0.014697957783937454,0.35459986329078674,0.29492342472076416,1.322402000427246,0.05967643857002258,-0.20509669184684753,-0.22680877149105072,-0.5482486486434937,0.021712079644203186,-2.3961451053619385,-2.4080312252044678,0.43844103813171387,0.011886119842529297,0.2177482694387436,0.19372950494289398,0.5854548215866089,0.02401876449584961,2.80538010597229,2.7742159366607666,0.8601417541503906,0.031164169311523438,0.34147876501083374,0.3586098849773407,-0.4490503668785095,0.017131119966506958,-1.0099422931671143,-1.0,-0.7468849420547485,0.009942293167114258
98,late_80pct,168,20414,211,0.019844423979520798,0.03418232128024101,0.026851020753383636,-0.9967330694198608,-1.0,0.00326693058013916,True,-1.0,True,0.020055539906024933,0.020517297089099884,0.2566477060317993,0.2516532838344574,1.4362350702285767,0.004994422197341919,0.07019251585006714,0.0433414950966835,0.01824762672185898,0.026851020753383636,-0.05754031240940094,-0.05808703973889351,0.42986050248146057,0.000546727329492569,-2.2492170333862305,-2.262104034423828,1.1540248394012451,0.012887001037597656,-0.03927364945411682,-0.04364169016480446,-0.6311610341072083,0.004368040710687637,2.387040138244629,2.37619686126709,-0.8781352043151855,0.010843276977539062,1.0113506317138672,1.022281289100647,1.030814290046692,0.010930657386779785,-0.9967330694198608,-1.0,-0.7330529689788818,0.00326693058013916
99,early_20pct,41,20498,205,0.019844423979520798,0.014271602965891361,0.008686542510986328,1.002044677734375,1.0,0.002044677734375,True,1.0,True,0.03999999910593033,0.03999890759587288,-0.04932018369436264,-0.04950198158621788,-0.5433350205421448,0.00018179789185523987,-0.11300966888666153,-0.12081809341907501,-0.8218288421630859,0.007808424532413483,-0.25814372301101685,-0.2530950903892517,-0.8998822569847107,0.005048632621765137,-2.629222869873047,-2.6268298625946045,-0.6967189908027649,0.002393007278442383,-0.03264549374580383,-0.03501443937420845,-0.5997865796089172,0.0023689456284046173,2.553666830062866,2.54498028755188,-0.18577221035957336,0.008686542510986328,0.4105305075645447,0.41604331135749817,-0.296502947807312,0.005512803792953491,1.002044677734375,1.0,1.3599624633789062,0.002044677734375
99,mid_50pct,102,20559,205,0.019844423979520798,0.09659974277019501,0.052438974380493164,-1.009407639503479,-1.0,0.009407639503479004,True,-1.0,True,0.02014586143195629,0.020636802539229393,-0.0753295049071312,-0.049990586936473846,-0.7116117477416992,0.02533891797065735,0.28732240200042725,0.23733292520046234,1.0139000415802002,0.049989476799964905,-0.18212750554084778,-0.21330925822257996,-0.3959924578666687,0.031181752681732178,-2.6212046146392822,-2.621835708618164,-0.6576671600341797,0.0006310939788818359,0.1771068572998047,0.15187174081802368,0.3930782377719879,0.025235116481781006,2.9588382244110107,2.9063992500305176,1.497787356376648,0.052438974380493164,0.17989236116409302,0.22268423438072205,-0.8060230612754822,0.04279187321662903,-1.009407639503479,-1.0,-0.7463250756263733,0.009407639503479004
99,late_80pct,163,20620,205,0.019844423979520798,0.027211027219891548,0.020099401473999023,-0.9976639747619629,-1.0,0.0023360252380371094,True,-1.0,True,0.020155586302280426,0.020628156140446663,0.22653232514858246,0.22662857174873352,1.2413928508758545,9.624660015106201e-05,-0.018020309507846832,-0.030105911195278168,-0.3862536549568176,0.012085601687431335,0.02295243740081787,0.027704596519470215,0.963424026966095,0.004752159118652344,-2.3305740356445312,-2.3292853832244873,0.7577924728393555,0.0012886524200439453,-0.044984400272369385,-0.04911734163761139,-0.6581929326057434,0.004132941365242004,2.341463565826416,2.329254627227783,-1.0675139427185059,0.012208938598632812,0.8902508616447449,0.9103502631187439,0.7632835507392883,0.020099401473999023,-0.9976639747619629,-1.0,-0.7340276837348938,0.0023360252380371094
100,early_20pct,40,20702,202,0.019844423979520798,0.03810718283057213,0.03245127201080322,1.0165716409683228,1.0,0.016571640968322754,True,1.0,True,0.03999999910593033,0.0399993471801281,-0.01261986419558525,-0.0066331783309578896,-0.3058890104293823,0.005986685864627361,0.016282450407743454,0.018685633316636086,-0.22895780205726624,0.0024031829088926315,-0.18445125222206116,-0.18068549036979675,-0.41139593720436096,0.0037657618522644043,-2.4444162845611572,-2.453876495361328,0.20334506034851074,0.009460210800170898,0.042395707219839096,0.037506792694330215,-0.2445782870054245,0.004888914525508881,2.5080835819244385,2.523245334625244,-0.37517812848091125,0.015161752700805664,0.5243322849273682,0.5567835569381714,-0.04509485512971878,0.03245127201080322,1.0165716409683228,1.0,1.3751742839813232,0.016571640968322754
100,mid_50pct,100,20762,202,0.019844423979520798,0.07142653316259384,0.04890570044517517,-1.0123910903930664,-1.0,0.012391090393066406,True,-1.0,True,0.02001320756971836,0.020356114953756332,-0.0504034087061882,-0.04390482231974602,-0.5503433346748352,0.0064985863864421844,0.3917345106601715,0.34282881021499634,1.4926835298538208,0.04890570044517517,-0.09381536394357681,-0.11132805049419403,0.18940356373786926,0.017512686550617218,-2.428204298019409,-2.4347498416900635,0.2823033332824707,0.006545543670654297,0.2618224620819092,0.24149948358535767,0.7940804958343506,0.020322978496551514,2.9066426753997803,2.8631033897399902,1.2809062004089355,0.04353928565979004,0.5239007472991943,0.5208154916763306,-0.046048134565353394,0.0030852556228637695,-1.0123910903930664,-1.0,-0.7494491934776306,0.012391090393066406
100,late_80pct,161,20823,202,0.019844423979520798,0.0580335408449173,0.03801524639129639,-1.0092315673828125,-1.0,0.0092315673828125,True,-1.0,True,0.019980594515800476,0.02039187215268612,0.20631177723407745,0.21754997968673706,1.110568642616272,0.011238202452659607,0.012895338237285614,0.011971373111009598,-0.24448946118354797,0.0009239651262760162,0.028447553515434265,0.04515233635902405,0.9998495578765869,0.016704782843589783,-2.3222596645355225,-2.2916252613067627,0.7982853055000305,0.030634403228759766,-0.006292000412940979,-0.008012861013412476,-0.47504204511642456,0.0017208606004714966,2.411461353302002,2.3874800205230713,-0.7766603827476501,0.023981332778930664,1.1303846836090088,1.1683999300003052,1.2937812805175781,0.03801524639129639,-1.0092315673828125,-1.0,-0.746140718460083,0.0092315673828125
101,early_20pct,41,20905,208,0.019844423979520798,0.07035138458013535,0.06038731336593628,0.9656476974487305,1.0,0.03435230255126953,True,1.0,True,0.03999999910593033,0.03999853879213333,-0.06339175254106522,-0.06390607357025146,-0.6343761682510376,0.0005143210291862488,-0.25047004222869873,-0.23053798079490662,-1.4521554708480835,0.019932061433792114,-0.3601422905921936,-0.3550766110420227,-1.5760016441345215,0.0050656795501708984,-2.7772319316864014,-2.7790372371673584,-1.4175688028335571,0.0018053054809570312,-0.004052415490150452,-0.006454749032855034,-0.4644409418106079,0.002402333542704582,2.66336727142334,2.692870616912842,0.27005326747894287,0.029503345489501953,0.2697615921497345,0.3301489055156708,-0.6074861288070679,0.06038731336593628,0.9656476974487305,1.0,1.3218494653701782,0.03435230255126953
101,mid_50pct,104,20968,208,0.01515586581081152,0.10791726410388947,0.09370610117912292,-1.000236988067627,-1.0,0.00023698806762695312,True,-1.0,True,0.02009267359972,0.020658036693930626,-0.06660450249910355,-0.049861229956150055,-0.6551622152328491,0.01674327254295349,0.14942726492881775,0.12287891656160355,0.38157975673675537,0.026548348367214203,-0.23873171210289001,-0.26241451501846313,-0.7712055444717407,0.02368280291557312,-2.72269344329834,-2.724726915359497,-1.1519488096237183,0.0020334720611572266,0.610084593296051,0.5749565362930298,2.442582607269287,0.03512805700302124,2.8963634967803955,2.887354612350464,1.2381938695907593,0.00900888442993164,-0.5268374085426331,-0.43313130736351013,-2.3673131465911865,0.09370610117912292,-1.000236988067627,-1.0,-0.7367219924926758,0.00023698806762695312
101,late_80pct,166,21030,208,0.01515586581081152,0.013464347459375858,0.007638454437255859,-0.9888187646865845,-1.0,0.011181235313415527,True,-1.0,True,0.020176522433757782,0.020566172897815704,0.15477591753005981,0.14786534011363983,0.7771386504173279,0.006910577416419983,0.059490591287612915,0.06616106629371643,-0.030826210975646973,0.006670475006103516,0.08312952518463135,0.07940003275871277,1.3623207807540894,0.003729492425918579,-2.3094708919525146,-2.301832437515259,0.860571026802063,0.007638454437255859,0.07195151597261429,0.07456658780574799,-0.10467557609081268,0.0026150718331336975,2.48592472076416,2.485974073410034,-0.46725210547447205,4.935264587402344e-05,0.5951374769210815,0.5919845104217529,0.11132626235485077,0.0031529664993286133,-0.9888187646865845,-1.0,-0.724765419960022,0.011181235313415527
102,early_20pct,41,21113,204,0.01515586581081152,0.02502676099538803,0.017948389053344727,1.001461148262024,1.0,0.0014611482620239258,True,1.0,True,0.03999999910593033,0.03999922052025795,-0.024321336299180984,-0.02073534019291401,-0.3815959095954895,0.0035859961062669754,-0.06027635186910629,-0.042327962815761566,-0.5800194144248962,0.017948389053344727,-0.2689545750617981,-0.2638942301273346,-0.9715443849563599,0.005060344934463501,-2.5747320652008057,-2.573241710662842,-0.43133270740509033,0.0014903545379638672,0.03397248312830925,0.039704352617263794,-0.2844496965408325,0.005731869488954544,2.5709683895111084,2.5853657722473145,-0.11388072371482849,0.014397382736206055,0.44027164578437805,0.445105642080307,-0.23079949617385864,0.004833996295928955,1.001461148262024,1.0,1.359351396560669,0.0014611482620239258
102,mid_50pct,102,21174,204,0.01515586581081152,0.13145513832569122,0.07611718773841858,-1.005963683128357,-1.0,0.005963683128356934,True,-1.0,True,0.0200959425419569,0.020455647259950638,0.011927971616387367,0.043971799314022064,-0.1470678746700287,0.032043829560279846,0.312054842710495,0.23593765497207642,1.127311110496521,0.07611718773841858,-0.23210012912750244,-0.2778507471084595,-0.7272467017173767,0.04575061798095703,-2.559354305267334,-2.5646982192993164,-0.35643818974494934,0.005343914031982422,0.3324747681617737,0.2764618992805481,1.1285139322280884,0.056012868881225586,2.9370474815368652,2.8784773349761963,1.407243013381958,0.058570146560668945,0.4950793981552124,0.5371536016464233,-0.10971957445144653,0.04207420349121094,-1.005963683128357,-1.0,-0.7427186965942383,0.005963683128356934
102,late_80pct,162,21234,204,0.01515586581081152,0.06333044171333313,0.03817152976989746,-1.0122178792953491,-1.0,0.012217879295349121,True,-1.0,True,0.020050182938575745,0.020505331456661224,0.3345128297805786,0.3455697000026703,1.940011739730835,0.011056870222091675,0.046896204352378845,0.010014189407229424,-0.08857795596122742,0.03688201308250427,-0.07363861799240112,-0.0573849193751812,0.3231494128704071,0.016253698617219925,-2.316582202911377,-2.3353240489959717,0.8259366154670715,0.018741846084594727,-0.050497233867645264,-0.05650309845805168,-0.684287965297699,0.006005864590406418,2.445081949234009,2.4245970249176025,-0.6369615793228149,0.02048492431640625,1.3163025379180908,1.3544740676879883,1.704506516456604,0.03817152976989746,-1.0122178792953491,-1.0,-0.7492678165435791,0.012217879295349121
103,early_20pct,41,21317,208,0.01515586581081152,0.022716453298926353,0.015481621026992798,1.0218257904052734,1.0,0.021825790405273438,True,1.0,True,0.03999999910593033,0.039998359978199005,-0.09078270196914673,-0.08832138031721115,-0.8115918040275574,0.0024613216519355774,0.02471112459897995,0.017307255417108536,-0.19030798971652985,0.007403869181871414,-0.27442145347595215,-0.27252984046936035,-1.0077826976776123,0.0018916130065917969,-2.492598295211792,-2.494330644607544,-0.03131512552499771,0.0017323493957519531,0.11639590561389923,0.10253416001796722,0.10570237040519714,0.013861745595932007,2.583259105682373,2.5873522758483887,-0.06281015276908875,0.004093170166015625,0.2758684754371643,0.2913500964641571,-0.5939949750900269,0.015481621026992798,1.0218257904052734,1.0,1.3806761503219604,0.021825790405273438
103,mid_50pct,104,21380,208,0.01515586581081152,0.1316668689250946,0.0734209418296814,-1.0183525085449219,-1.0,0.018352508544921875,True,-1.0,True,0.020098518580198288,0.02054501324892044,-0.19919978082180023,-0.16677016019821167,-1.5130354166030884,0.03242962062358856,0.3613165616989136,0.2878956198692322,1.3532015085220337,0.0734209418296814,-0.11379778385162354,-0.1582392156124115,0.05694575607776642,0.044441431760787964,-2.461414337158203,-2.470655679702759,0.1205594390630722,0.009241342544555664,0.3881673514842987,0.33978039026260376,1.3921352624893188,0.048386961221694946,2.85585355758667,2.8008358478546143,1.0698683261871338,0.055017709732055664,0.007064938545227051,0.0659305602312088,-1.1878291368484497,0.05886562168598175,-1.0183525085449219,-1.0,-0.7556917071342468,0.018352508544921875
103,late_80pct,166,21442,208,0.01515586581081152,0.0217822827398777,0.014256000518798828,-1.0110713243484497,-1.0,0.011071324348449707,True,-1.0,True,0.02010297402739525,0.020539572462439537,0.12824872136116028,0.12879471480846405,0.6055114269256592,0.000545993447303772,0.09263569116592407,0.09835173934698105,0.12116115540266037,0.005716048181056976,0.005516871809959412,0.00506715290248394,0.8478485941886902,0.0004497189074754715,-2.2095303535461426,-2.1952743530273438,1.3473119735717773,0.014256000518798828,0.0570438914000988,0.04947935417294502,-0.17524096369743347,0.007564537227153778,2.3796727657318115,2.3729302883148193,-0.9087479114532471,0.0067424774169921875,0.789215087890625,0.8008502721786499,0.5400777459144592,0.011635184288024902,-1.0110713243484497,-1.0,-0.7480671405792236,0.011071324348449707
104,early_20pct,39,21523,198,0.014265619218349457,0.026439545676112175,0.016761481761932373,1.0212574005126953,1.0,0.021257400512695312,True,1.0,True,0.03999999910593033,0.03999929130077362,0.007776785641908646,0.01838228479027748,-0.1739254742860794,0.010605499148368835,-0.07925596088171005,-0.06971466541290283,-0.6670506596565247,0.00954129546880722,-0.24023178219795227,-0.23070065677165985,-0.7811490893363953,0.00953112542629242,-2.54032826423645,-2.545302629470825,-0.2637748122215271,0.004974365234375,0.02416212111711502,0.02623017691075802,-0.3308871388435364,0.0020680557936429977,2.4361417293548584,2.4458744525909424,-0.6741093397140503,0.009732723236083984,0.539280116558075,0.5560415983200073,-0.012072369456291199,0.016761481761932373,1.0212574005126953,1.0,1.3800809383392334,0.021257400512695312
104,mid_50pct,98,21582,198,0.014265619218349457,0.06560370326042175,0.03848642110824585,-1.02805757522583,-1.0,0.028057575225830078,True,-1.0,True,0.02008098177611828,0.02056226134300232,-0.050799548625946045,-0.033593300729990005,-0.552906334400177,0.01720624789595604,0.2911093533039093,0.2644607424736023,1.0312652587890625,0.026648610830307007,-0.13015739619731903,-0.1433558166027069,-0.0514974370598793,0.013198420405387878,-2.5500197410583496,-2.550481081008911,-0.31097567081451416,0.00046133995056152344,0.2829594612121582,0.25877493619918823,0.8941325545310974,0.02418452501296997,2.831526756286621,2.799013137817383,0.9687857627868652,0.03251361846923828,0.30399441719055176,0.3424808382987976,-0.5318598747253418,0.03848642110824585,-1.02805757522583,-1.0,-0.7658542394638062,0.028057575225830078
104,late_80pct,158,21642,198,0.014265619218349457,0.037589337676763535,0.02968454360961914,-1.0034196376800537,-1.0,0.003419637680053711,True,-1.0,True,0.020100204274058342,0.02054711803793907,0.17942047119140625,0.17841185629367828,0.9365856051445007,0.0010086148977279663,0.025101054459810257,0.04016564041376114,-0.18851995468139648,0.015064585953950882,-0.0015466809272766113,0.004208089783787727,0.8010263442993164,0.005754770711064339,-2.2872376441955566,-2.2575531005859375,0.9688535928726196,0.02968454360961914,0.07006986439228058,0.06619114428758621,-0.11358238756656647,0.0038787201046943665,2.3119869232177734,2.2994868755340576,-1.1899945735931396,0.01250004768371582,0.884212851524353,0.8941835165023804,0.7499445080757141,0.009970664978027344,-1.0034196376800537,-1.0,-0.740054726600647,0.003419637680053711
105,early_20pct,41,21723,204,0.014265619218349457,0.04452136158943176,0.03714108467102051,0.9885420799255371,1.0,0.01145792007446289,True,1.0,True,0.03999999910593033,0.03999876230955124,-0.07102274894714355,-0.06195150315761566,-0.6837476491928101,0.009071245789527893,0.05382417514920235,0.0590844452381134,-0.056809648871421814,0.0052602700889110565,-0.278333842754364,-0.26877233386039734,-1.0337169170379639,0.009561508893966675,-2.4217686653137207,-2.430595874786377,0.31364572048187256,0.00882720947265625,0.11551236361265182,0.11500923335552216,0.1015201285481453,0.0005031302571296692,2.51728892326355,2.5352649688720703,-0.33692842721939087,0.017976045608520508,0.2655878961086273,0.3027289807796478,-0.6167066097259521,0.03714108467102051,0.9885420799255371,1.0,1.3458231687545776,0.01145792007446289
105,mid_50pct,102,21784,204,0.014265619218349457,0.024253452196717262,0.017055779695510864,-1.0058722496032715,-1.0,0.005872249603271484,True,-1.0,True,0.01987888664007187,0.020389355719089508,-0.1746942549943924,-0.17003107070922852,-1.3544880151748657,0.004663184285163879,0.34932631254196167,0.3322705328464508,1.2982200384140015,0.017055779695510864,-0.12381439656019211,-0.13758285343647003,-0.009451476857066154,0.013768456876277924,-2.4020273685455322,-2.4001331329345703,0.409792423248291,0.001894235610961914,0.2649027109146118,0.2591411769390106,0.8086609244346619,0.005761533975601196,2.746521234512329,2.750680446624756,0.6155723929405212,0.004159212112426758,-0.11449778079986572,-0.10884692519903183,-1.4563825130462646,0.005650855600833893,-1.0058722496032715,-1.0,-0.7426230311393738,0.005872249603271484
105,late_80pct,162,21844,204,0.014265619218349457,0.05147799104452133,0.032958984375,-1.0042731761932373,-1.0,0.004273176193237305,True,-1.0,True,0.019908852875232697,0.020358694717288017,0.11381235718727112,0.12020355463027954,0.5121101140975952,0.006391197443008423,0.10651253163814545,0.1022690013051033,0.1847936362028122,0.004243530333042145,0.023322314023971558,0.033616743981838226,0.9658758044242859,0.010294429957866669,-2.201909065246582,-2.170309543609619,1.384429693222046,0.03159952163696289,0.049379535019397736,0.0436333604156971,-0.2115202695131302,0.005746174603700638,2.350353240966797,2.317394256591797,-1.0305755138397217,0.032958984375,0.533592164516449,0.5527575016021729,-0.02463807538151741,0.019165337085723877,-1.0042731761932373,-1.0,-0.7409485578536987,0.004273176193237305
106,early_20pct,41,21927,207,0.014265619218349457,0.01994924247264862,0.015275910496711731,1.0299668312072754,1.0,0.02996683120727539,True,1.0,True,0.03999999910593033,0.039997927844524384,-0.0754227563738823,-0.07100311666727066,-0.7122150659561157,0.004419639706611633,0.02827269211411476,0.02868521958589554,-0.1739763617515564,0.000412527471780777,-0.30074483156204224,-0.3015994429588318,-1.182273030281067,0.0008546113967895508,-2.4557390213012695,-2.460193395614624,0.14820019900798798,0.004454374313354492,0.07129627466201782,0.05602036416530609,-0.10777715593576431,0.015275910496711731,2.516343116760254,2.521390438079834,-0.34085801243782043,0.005047321319580078,0.25338849425315857,0.2434452474117279,-0.6436572074890137,0.009943246841430664,1.0299668312072754,1.0,1.389201045036316,0.02996683120727539
106,mid_50pct,103,21989,207,0.014265619218349457,0.018867073580622673,0.012163162231445312,-0.9961142539978027,-1.0,0.0038857460021972656,True,-1.0,True,0.019962068647146225,0.02043253183364868,-0.18155448138713837,-0.17699871957302094,-1.39887273311615,0.004555761814117432,0.2881090044975281,0.27781108021736145,1.0175070762634277,0.010297924280166626,-0.16436417400836945,-0.164701908826828,-0.27824440598487854,0.00033773481845855713,-2.447786569595337,-2.4551072120666504,0.18693138659000397,0.0073206424713134766,0.30481016635894775,0.3019716441631317,0.9975632429122925,0.00283852219581604,2.753929853439331,2.7660930156707764,0.6463568210601807,0.012163162231445312,-0.042591094970703125,-0.047002289444208145,-1.2975280284881592,0.00441119447350502,-0.9961142539978027,-1.0,-0.7324049472808838,0.0038857460021972656
106,late_80pct,165,22051,207,0.010096786543726921,0.020415548235177994,0.013179585337638855,-0.996981143951416,-1.0,0.0030188560485839844,True,-1.0,True,0.01998191326856613,0.020410465076565742,0.1502285748720169,0.13704898953437805,0.7477180361747742,0.013179585337638855,0.059791453182697296,0.05831928923726082,-0.029446609318256378,0.0014721639454364777,0.06708776950836182,0.058250196278095245,1.2559845447540283,0.008837573230266571,-2.2666609287261963,-2.2733590602874756,1.0690683126449585,0.006698131561279297,0.04141812399029732,0.041143786162137985,-0.24920569360256195,0.0002743378281593323,2.3951425552368164,2.4031758308410645,-0.8444685935974121,0.008033275604248047,0.7343537211418152,0.7270496487617493,0.4188794195652008,0.007304072380065918,-0.996981143951416,-1.0,-0.7333126664161682,0.0030188560485839844
107,early_20pct,42,22135,210,0.010096786543726921,0.06150417774915695,0.059837788343429565,1.01619291305542,1.0,0.016192913055419922,True,1.0,True,0.03999999910593033,0.03999907523393631,-0.027845561504364014,-0.025926142930984497,-0.404397189617157,0.0019194185733795166,-0.05891210585832596,-0.05341225117444992,-0.5737636089324951,0.005499854683876038,-0.28718268871307373,-0.2823159694671631,-1.092373251914978,0.0048667192459106445,-2.5537140369415283,-2.5595579147338867,-0.3289681673049927,0.0058438777923583984,0.045350804924964905,0.04470587894320488,-0.23059029877185822,0.000644925981760025,2.515448808670044,2.525937795639038,-0.3445744514465332,0.01048898696899414,0.3294355273246765,0.3892733156681061,-0.47565600275993347,0.059837788343429565,1.01619291305542,1.0,1.3747776746749878,0.016192913055419922
107,mid_50pct,104,22197,210,0.010096786543726921,0.009101642295718193,0.005571424961090088,-1.003993272781372,-1.0,0.00399327278137207,True,-1.0,True,0.019970398396253586,0.02049875259399414,-0.16343212127685547,-0.16436809301376343,-1.2816236019134521,0.000935971736907959,0.23658713698387146,0.23123152554035187,0.7812528014183044,0.005355611443519592,-0.11318159103393555,-0.11396144330501556,0.06103037670254707,0.0007798522710800171,-2.5525143146514893,-2.550265073776245,-0.32312440872192383,0.0022492408752441406,0.26420044898986816,0.2586290240287781,0.805336594581604,0.005571424961090088,2.7898802757263184,2.792673349380493,0.795737624168396,0.0027930736541748047,-0.263099730014801,-0.26013797521591187,-1.784670352935791,0.00296175479888916,-1.003993272781372,-1.0,-0.7406554222106934,0.00399327278137207
107,late_80pct,167,22260,210,0.010096786543726921,0.04932922497391701,0.03619980812072754,-1.0004757642745972,-1.0,0.00047576427459716797,True,-1.0,True,0.020004484802484512,0.02046147733926773,0.11198412626981735,0.11797685921192169,0.5002816915512085,0.00599273294210434,0.03240625560283661,0.005182836204767227,-0.15502184629440308,0.02722341939806938,0.14220403134822845,0.1478942483663559,1.7539088726043701,0.005690217018127441,-2.3098859786987305,-2.306873083114624,0.8585493564605713,0.0030128955841064453,0.06442207098007202,0.05953914299607277,-0.14031627774238586,0.004882927983999252,2.3926572799682617,2.356457471847534,-0.8547950983047485,0.03619980812072754,0.45948925614356995,0.47624096274375916,-0.18834444880485535,0.01675170660018921,-1.0004757642745972,-1.0,-0.7369720935821533,0.00047576427459716797
108,early_20pct,41,22344,208,0.010096786543726921,0.08784540742635727,0.07889536023139954,0.9844621419906616,1.0,0.015537858009338379,True,1.0,True,0.03999999910593033,0.03999931737780571,-0.022943057119846344,-0.018178807571530342,-0.37267863750457764,0.004764249548316002,-0.004173807799816132,0.013056382536888123,-0.32276028394699097,0.017230190336704254,-0.23962634801864624,-0.23494988679885864,-0.7771359086036682,0.004676461219787598,-2.484144687652588,-2.4919793605804443,0.009855538606643677,0.007834672927856445,0.05909029021859169,0.0626322403550148,-0.16555431485176086,0.003541950136423111,2.533066749572754,2.5658838748931885,-0.2713686525821686,0.03281712532043457,0.39086806774139404,0.4697634279727936,-0.3399406969547272,0.07889536023139954,0.9844621419906616,1.0,1.3415509462356567,0.015537858009338379
108,mid_50pct,104,22407,208,0.010096786543726921,0.08445501327514648,0.05401843786239624,-1.0047351121902466,-1.0,0.004735112190246582,True,-1.0,True,0.02001149207353592,0.020437896251678467,-0.07713159918785095,-0.06168174743652344,-0.7232710719108582,0.015449851751327515,0.3382681906223297,0.28424975275993347,1.2475128173828125,0.05401843786239624,-0.14360752701759338,-0.16701282560825348,-0.14065450429916382,0.023405298590660095,-2.467228651046753,-2.473961114883423,0.09224233031272888,0.006732463836669922,0.17307493090629578,0.15347327291965485,0.3739931583404541,0.01960165798664093,2.8305697441101074,2.7893190383911133,0.964809238910675,0.04125070571899414,0.16037362813949585,0.19638723134994507,-0.849143385887146,0.03601360321044922,-1.0047351121902466,-1.0,-0.7414321899414062,0.004735112190246582
108,late_80pct,166,22469,208,0.010096786543726921,0.01987622305750847,0.011240243911743164,-1.0003061294555664,-1.0,0.00030612945556640625,True,-1.0,True,0.019994327798485756,0.02045672945678234,0.18660564720630646,0.1781335026025772,0.9830726981163025,0.008472144603729248,0.05214373767375946,0.043647054582834244,-0.06451531499624252,0.008496683090925217,0.010465994477272034,0.003792760893702507,0.8806549310684204,0.006673233583569527,-2.2522037029266357,-2.2475929260253906,1.139479160308838,0.004610776901245117,-0.009560763835906982,-0.012368501164019108,-0.49051475524902344,0.0028077373281121254,2.334810972213745,2.323570728302002,-1.0951571464538574,0.011240243911743164,0.7550147771835327,0.7478680610656738,0.4645232856273651,0.007146716117858887,-1.0003061294555664,-1.0,-0.7367944121360779,0.00030612945556640625
109,early_20pct,41,22552,207,0.010096786543726921,0.07992324978113174,0.07769504189491272,1.0005913972854614,1.0,0.0005913972854614258,True,1.0,True,0.03999999910593033,0.03999890014529228,-0.04198677837848663,-0.04413066804409027,-0.495888888835907,0.0021438896656036377,-0.07739978283643723,-0.07626085728406906,-0.6585391163825989,0.001138925552368164,-0.3015545904636383,-0.2903295159339905,-1.1876405477523804,0.011225074529647827,-2.591752290725708,-2.5942304134368896,-0.5142261981964111,0.0024781227111816406,0.04292355850338936,0.03289532661437988,-0.2420797049999237,0.010028231889009476,2.564448595046997,2.5750601291656494,-0.14097115397453308,0.010611534118652344,0.3042915165424347,0.3819865584373474,-0.5312035083770752,0.07769504189491272,1.0005913972854614,1.0,1.358440637588501,0.0005913972854614258
109,mid_50pct,103,22614,207,0.011514928191900253,0.024961154907941818,0.01840043067932129,-0.9955223798751831,-1.0,0.0044776201248168945,True,-1.0,True,0.019986391067504883,0.020492060109972954,-0.17302605509757996,-0.17571032047271729,-1.343695044517517,0.002684265375137329,0.18895438313484192,0.1950782984495163,0.5628319978713989,0.0061239153146743774,-0.13246004283428192,-0.12872940301895142,-0.06676097214221954,0.0037306398153305054,-2.5695464611053467,-2.5703277587890625,-0.40607666969299316,0.0007812976837158203,0.2787218987941742,0.28411680459976196,0.8740741014480591,0.0053949058055877686,2.748406171798706,2.7668066024780273,0.6234053373336792,0.01840043067932129,-0.20569777488708496,-0.21970286965370178,-1.6578593254089355,0.014005094766616821,-0.9955223798751831,-1.0,-0.7317851185798645,0.0044776201248168945
109,late_80pct,165,22676,207,0.011514928191900253,0.03012503869831562,0.022442102432250977,-0.9998314380645752,-1.0,0.0001685619354248047,True,-1.0,True,0.02001667208969593,0.020458785817027092,0.09186343848705292,0.09144362807273865,0.3701035976409912,0.00041981041431427,0.06511486321687698,0.06494767963886261,-0.005036011338233948,0.00016718357801437378,0.13699834048748016,0.13736073672771454,1.7194018363952637,0.000362396240234375,-2.2656173706054688,-2.247213363647461,1.0741511583328247,0.018404006958007812,0.07972604036331177,0.07477053999900818,-0.06787477433681488,0.004955500364303589,2.3800320625305176,2.3575899600982666,-0.9072551727294922,0.022442102432250977,0.5083258748054504,0.5146717429161072,-0.08045580238103867,0.006345868110656738,-0.9998314380645752,-1.0,-0.7362973690032959,0.0001685619354248047
110,early_20pct,41,22759,206,0.011514928191900253,0.036197248846292496,0.03406009078025818,0.9958786964416504,1.0,0.004121303558349609,True,1.0,True,0.03999999910593033,0.039998799562454224,-0.0872555673122406,-0.08379073441028595,-0.7887717485427856,0.003464832901954651,-0.1608114242553711,-0.15588705241680145,-1.0410245656967163,0.004924371838569641,-0.3275187015533447,-0.31942102313041687,-1.3597491979599,0.008097678422927856,-2.6637461185455322,-2.6631808280944824,-0.8648577332496643,0.0005652904510498047,-0.015233904123306274,-0.00971350260078907,-0.5173686146736145,0.005520401522517204,2.500290632247925,2.5044775009155273,-0.40755948424339294,0.004186868667602539,0.340059757232666,0.3741198480129242,-0.45218515396118164,0.03406009078025818,0.9958786964416504,1.0,1.3535057306289673,0.004121303558349609
110,mid_50pct,102,22820,206,0.011514928191900253,0.08685888350009918,0.045814014971256256,-1.0077614784240723,-1.0,0.007761478424072266,True,-1.0,True,0.02004855126142502,0.020575160160660744,-0.14059890806674957,-0.11544372886419296,-1.1338958740234375,0.02515517920255661,0.24783453345298767,0.20666652917861938,0.8328279256820679,0.041168004274368286,-0.20004421472549438,-0.2261369824409485,-0.5147572159767151,0.0260927677154541,-2.653364419937134,-2.6577670574188232,-0.8142958879470825,0.004402637481689453,0.33439940214157104,0.2963530123233795,1.1376240253448486,0.03804638981819153,2.878129005432129,2.8469808101654053,1.1624269485473633,0.031148195266723633,-0.05866044759750366,-0.012846432626247406,-1.3330280780792236,0.045814014971256256,-1.0077614784240723,-1.0,-0.744601309299469,0.007761478424072266
110,late_80pct,164,22882,206,0.011514928191900253,0.01512076798826456,0.011692354455590248,-0.9928349256515503,-1.0,0.007165074348449707,True,-1.0,True,0.020082980394363403,0.020539162680506706,0.19746561348438263,0.19807808101177216,1.053335189819336,0.0006124675273895264,0.005420282483100891,0.01711263693869114,-0.2787664532661438,0.011692354455590248,0.07001394033432007,0.07081177830696106,1.275381326675415,0.0007978379726409912,-2.3145153522491455,-2.3145105838775635,0.8360027074813843,4.76837158203125e-06,0.051218271255493164,0.04740860313177109,-0.20281659066677094,0.0038096681237220764,2.336014747619629,2.344500780105591,-1.0901554822921753,0.008486032485961914,0.8411533832550049,0.839058518409729,0.6548185348510742,0.002094864845275879,-0.9928349256515503,-1.0,-0.7289709448814392,0.007165074348449707
111,early_20pct,41,22965,208,0.011514928191900253,0.026609299704432487,0.018481969833374023,1.018383502960205,1.0,0.018383502960205078,True,1.0,True,0.03999999910593033,0.03999919071793556,-0.011443562805652618,-0.0073076155968010426,-0.29827848076820374,0.004135947208851576,-0.06212017685174942,-0.052953124046325684,-0.5884742736816406,0.009167052805423737,-0.20160001516342163,-0.19156120717525482,-0.5250701308250427,0.010038807988166809,-2.5618138313293457,-2.5661425590515137,-0.36841678619384766,0.004328727722167969,0.02044055610895157,0.0229684729129076,-0.3485032320022583,0.002527916803956032,2.5188791751861572,2.5373611450195312,-0.33032047748565674,0.018481969833374023,0.49004802107810974,0.5018558502197266,-0.12083473801612854,0.011807829141616821,1.018383502960205,1.0,1.3770716190338135,0.018383502960205078
111,mid_50pct,104,23028,208,0.011514928191900253,0.1308695375919342,0.07924209535121918,-1.0044134855270386,-1.0,0.004413485527038574,True,-1.0,True,0.02007891610264778,0.020436866208910942,-0.057527296245098114,-0.03521795943379402,-0.5964339375495911,0.022309336811304092,0.2894585430622101,0.2102164477109909,1.0236953496932983,0.07924209535121918,-0.10468538105487823,-0.1410408765077591,0.1173492819070816,0.03635549545288086,-2.552119016647339,-2.562833309173584,-0.32119986414909363,0.010714292526245117,0.2325787991285324,0.19201752543449402,0.6556552648544312,0.04056127369403839,2.8513433933258057,2.7848708629608154,1.051127552986145,0.06647253036499023,0.33153843879699707,0.38491901755332947,-0.4710102677345276,0.0533805787563324,-1.0044134855270386,-1.0,-0.7410954833030701,0.004413485527038574
111,late_80pct,166,23090,208,0.011514928191900253,0.021638618782162666,0.018344208598136902,-1.0032085180282593,-1.0,0.0032085180282592773,True,-1.0,True,0.020025433972477913,0.02049463987350464,0.20059923827648163,0.19715556502342224,1.0736093521118164,0.003443673253059387,0.178189218044281,0.1598450094461441,0.5134681463241577,0.018344208598136902,0.03512178361415863,0.03652358427643776,1.0440911054611206,0.001401800662279129,-2.0999693870544434,-2.1069037914276123,1.880907416343689,0.006934404373168945,0.025968343019485474,0.0299723818898201,-0.32233738899230957,0.004004038870334625,2.3013296127319336,2.2939963340759277,-1.2342779636383057,0.007333278656005859,0.9481439590454102,0.9481183886528015,0.8911796808242798,2.5570392608642578e-05,-1.0032085180282593,-1.0,-0.7398337125778198,0.0032085180282592773
112,early_20pct,42,23174,209,0.026228293776512146,0.03815208375453949,0.028057396411895752,0.9845802783966064,1.0,0.015419721603393555,True,1.0,True,0.03999999910593033,0.03999868035316467,-0.08909613639116287,-0.08810821920633316,-0.8006799817085266,0.000987917184829712,-0.11562641710042953,-0.1230105608701706,-0.8338279724121094,0.007384143769741058,-0.3600256145000458,-0.35785460472106934,-1.5752283334732056,0.0021710097789764404,-2.6672518253326416,-2.659513235092163,-0.8819311857223511,0.007738590240478516,0.022390291094779968,0.006257936358451843,-0.339274138212204,0.016132354736328125,2.6284615993499756,2.6114907264709473,0.12501361966133118,0.01697087287902832,0.28677982091903687,0.3148372173309326,-0.5698899030685425,0.028057396411895752,0.9845802783966064,1.0,1.341674566268921,0.015419721603393555
112,mid_50pct,104,23236,209,0.026228293776512146,0.11156275123357773,0.05501648783683777,-1.0072380304336548,-1.0,0.007238030433654785,True,-1.0,True,0.02007078379392624,0.020594388246536255,-0.2129288762807846,-0.1744014173746109,-1.601860761642456,0.038527458906173706,0.2752789556980133,0.22026357054710388,0.9586747288703918,0.055015385150909424,-0.13668955862522125,-0.18772459030151367,-0.09479726850986481,0.05103503167629242,-2.6273257732391357,-2.636275291442871,-0.6874791979789734,0.008949518203735352,0.5317792892456055,0.4767628014087677,2.0719237327575684,0.05501648783683777,2.94376540184021,2.9091506004333496,1.4351575374603271,0.03461480140686035,-0.1615549921989441,-0.12953120470046997,-1.560340166091919,0.03202378749847412,-1.0072380304336548,-1.0,-0.7440531253814697,0.007238030433654785
112,late_80pct,166,23298,209,0.026228293776512146,0.022132569923996925,0.012112617492675781,-1.000854253768921,-1.0,0.0008542537689208984,True,-1.0,True,0.020124832168221474,0.020533980801701546,0.1054215282201767,0.09865827858448029,0.45782262086868286,0.006763249635696411,-0.026061363518238068,-0.0304742269217968,-0.4231260120868683,0.004412863403558731,0.0697629451751709,0.0606083981692791,1.2737175226211548,0.0091545470058918,-2.3890199661254883,-2.4001293182373047,0.47314199805259705,0.011109352111816406,0.03660117834806442,0.03370261937379837,-0.2720067501068115,0.0028985589742660522,2.4531822204589844,2.46529483795166,-0.6033036112785339,0.012112617492675781,0.8260753154754639,0.8181825876235962,0.6215084791183472,0.007892727851867676,-1.000854253768921,-1.0,-0.7373684644699097,0.0008542537689208984
113,early_20pct,41,23382,207,0.026228293776512146,0.033188726752996445,0.030323266983032227,1.007913589477539,1.0,0.007913589477539062,True,1.0,True,0.03999999910593033,0.03999878093600273,-0.1065501868724823,-0.10293596982955933,-0.913605272769928,0.0036142170429229736,-0.10625197738409042,-0.10771829634904861,-0.7908413410186768,0.001466318964958191,-0.3082295060157776,-0.30307894945144653,-1.231886625289917,0.005150556564331055,-2.60449481010437,-2.6062374114990234,-0.5762855410575867,0.0017426013946533203,-0.0061049386858940125,-0.012990818358957767,-0.47415658831596375,0.006885879673063755,2.5289478302001953,2.538424015045166,-0.2884836792945862,0.009476184844970703,0.3953876495361328,0.3650643825531006,-0.3299561142921448,0.030323266983032227,1.007913589477539,1.0,1.3661080598831177,0.007913589477539062
113,mid_50pct,103,23444,207,0.026228293776512146,0.07342030853033066,0.04361388087272644,-1.0091729164123535,-1.0,0.009172916412353516,True,-1.0,True,0.020124085247516632,0.020506737753748894,-0.11264447867870331,-0.09764570742845535,-0.953034520149231,0.014998771250247955,0.2737657129764557,0.23015183210372925,0.9517357349395752,0.04361388087272644,-0.23330606520175934,-0.2501128613948822,-0.7352405190467834,0.016806796193122864,-2.5924103260040283,-2.59662127494812,-0.5174309611320496,0.004210948944091797,0.38145238161087036,0.3453499674797058,1.3603498935699463,0.03610241413116455,2.877469539642334,2.853330612182617,1.1596860885620117,0.024138927459716797,0.3337501287460327,0.3665698766708374,-0.4661242961883545,0.03281974792480469,-1.0091729164123535,-1.0,-0.7460793256759644,0.009172916412353516
113,late_80pct,165,23506,207,0.026228293776512146,0.013341031968593597,0.007840096950531006,-1.0138728618621826,-1.0,0.013872861862182617,True,-1.0,True,0.020089024677872658,0.0205438993871212,0.1793399602174759,0.17149986326694489,0.9360646605491638,0.007840096950531006,-0.019568145275115967,-0.02233537659049034,-0.3933512568473816,0.0027672313153743744,-0.015885688364505768,-0.02229149453341961,0.7059771418571472,0.006405806168913841,-2.345086097717285,-2.342862129211426,0.6871141791343689,0.002223968505859375,0.023613885045051575,0.020774252712726593,-0.3334822356700897,0.0028396323323249817,2.3725719451904297,2.374887466430664,-0.9382529854774475,0.002315521240234375,1.1767115592956543,1.1696792840957642,1.3961255550384521,0.007032275199890137,-1.0138728618621826,-1.0,-0.7510007619857788,0.013872861862182617
114,early_20pct,40,23588,199,0.026228293776512146,0.056318096816539764,0.050749748945236206,0.9992730617523193,1.0,0.0007269382476806641,True,1.0,True,0.03999999910593033,0.03999936208128929,0.010134527459740639,0.01283211074769497,-0.15867121517658234,0.0026975832879543304,-0.07396133989095688,-0.0807756707072258,-0.6427721381187439,0.006814330816268921,-0.21154534816741943,-0.20179440081119537,-0.5909948945045471,0.00975094735622406,-2.6325926780700684,-2.6252286434173584,-0.7131307125091553,0.007364034652709961,0.10969320684671402,0.09098978340625763,0.0739750862121582,0.01870342344045639,2.6179001331329346,2.611315965652466,0.08112859725952148,0.00658416748046875,0.4716865122318268,0.522436261177063,-0.16139857470989227,0.050749748945236206,0.9992730617523193,1.0,1.357060194015503,0.0007269382476806641
114,mid_50pct,99,23647,199,0.026228293776512146,0.09749150276184082,0.05433472990989685,-0.995087742805481,-1.0,0.004912257194519043,True,-1.0,True,0.02036554366350174,0.020716091617941856,-0.017932940274477005,0.003769839182496071,-0.34026387333869934,0.021702779456973076,0.28024348616600037,0.22590875625610352,0.9814395904541016,0.05433472990989685,-0.11088666319847107,-0.14008384943008423,0.07624274492263794,0.02919718623161316,-2.6079580783843994,-2.6026997566223145,-0.5931529998779297,0.005258321762084961,0.44030389189720154,0.39836573600769043,1.6389241218566895,0.04193815588951111,2.9291625022888184,2.8776001930236816,1.374480128288269,0.05156230926513672,0.42618119716644287,0.45417606830596924,-0.2619277536869049,0.027994871139526367,-0.995087742805481,-1.0,-0.7313300371170044,0.004912257194519043
114,late_80pct,158,23706,199,0.008770590648055077,0.03271383419632912,0.023608684539794922,-1.0017613172531128,-1.0,0.001761317253112793,True,-1.0,True,0.020338935777544975,0.020744748413562775,0.21101698279380798,0.22196495532989502,1.1410106420516968,0.010947972536087036,-0.041321173310279846,-0.03897804021835327,-0.4931001365184784,0.0023431330919265747,0.04363745450973511,0.052201200276613235,1.1005390882492065,0.008563745766878128,-2.377408504486084,-2.353799819946289,0.5296938419342041,0.023608684539794922,0.06787844002246857,0.06362850219011307,-0.12395551055669785,0.004249937832355499,2.4138424396514893,2.3974361419677734,-0.7667672634124756,0.01640629768371582,1.1934146881103516,1.1986021995544434,1.43302583694458,0.005187511444091797,-1.0017613172531128,-1.0,-0.7383182644844055,0.001761317253112793
115,early_20pct,41,23788,208,0.008770590648055077,0.035093095153570175,0.0340176522731781,1.0249289274215698,1.0,0.024928927421569824,True,1.0,True,0.03999999910593033,0.03999844938516617,-0.07529637217521667,-0.0718279704451561,-0.7113974094390869,0.0034684017300605774,-0.12878242135047913,-0.12594184279441833,-0.8941550254821777,0.002840578556060791,-0.31721341609954834,-0.31888702511787415,-1.2914385795593262,0.0016736090183258057,-2.636698007583618,-2.6317834854125977,-0.7331247329711914,0.004914522171020508,-0.01702611893415451,-0.021046046167612076,-0.5258520841598511,0.004019927233457565,2.521026372909546,2.524359941482544,-0.32139864563941956,0.003333568572998047,0.4273494780063629,0.3933318257331848,-0.2593468725681305,0.0340176522731781,1.0249289274215698,1.0,1.3839256763458252,0.024928927421569824
115,mid_50pct,104,23851,208,0.008770590648055077,0.017263611778616905,0.011748671531677246,-0.9971350431442261,-1.0,0.0028649568557739258,True,-1.0,True,0.020299941301345825,0.020681310445070267,-0.07477068156003952,-0.0709739476442337,-0.7079962491989136,0.0037967339158058167,0.1821848601102829,0.1722034513950348,0.5317902565002441,0.009981408715248108,-0.2790960371494293,-0.27593040466308594,-1.038769245147705,0.003165632486343384,-2.629202127456665,-2.630580425262451,-0.696617841720581,0.0013782978057861328,0.2822948098182678,0.2705461382865906,0.890986442565918,0.011748671531677246,2.7938756942749023,2.790358304977417,0.8123384714126587,0.0035173892974853516,0.29886049032211304,0.3035149872303009,-0.5432016253471375,0.004654496908187866,-0.9971350431442261,-1.0,-0.7334738969802856,0.0028649568557739258
115,late_80pct,166,23913,208,0.008770590648055077,0.02229125238955021,0.015686988830566406,-1.0030462741851807,-1.0,0.003046274185180664,True,-1.0,True,0.02027462236583233,0.02070828527212143,0.19265194237232208,0.19269074499607086,1.0221914052963257,3.88026237487793e-05,0.03400275483727455,0.044699568301439285,-0.14770106971263885,0.010696813464164734,0.003974601626396179,0.006127275992184877,0.8376253843307495,0.002152674365788698,-2.3013672828674316,-2.3105814456939697,0.9000376462936401,0.009214162826538086,0.060022857040166855,0.0555083192884922,-0.16113999485969543,0.004514537751674652,2.3612515926361084,2.376938581466675,-0.9852913022041321,0.015686988830566406,1.0524468421936035,1.0575926303863525,1.1216031312942505,0.0051457881927490234,-1.0030462741851807,-1.0,-0.7396637797355652,0.003046274185180664
116,early_20pct,41,23996,206,0.008770590648055077,0.013299349695444107,0.008436977863311768,1.0080739259719849,1.0,0.008073925971984863,True,1.0,True,0.03999999910593033,0.03999912738800049,-0.07359588891267776,-0.07180432230234146,-0.7003955245018005,0.0017915666103363037,0.07607896625995636,0.07510826736688614,0.04524005204439163,0.000970698893070221,-0.2807534337043762,-0.27231645584106445,-1.0497556924819946,0.008436977863311768,-2.430842161178589,-2.434086799621582,0.2694557309150696,0.003244638442993164,0.10729102790355682,0.10049431771039963,0.06260433793067932,0.006796710193157196,2.5629520416259766,2.5663866996765137,-0.14718997478485107,0.0034346580505371094,0.3873544931411743,0.38160833716392517,-0.3477027714252472,0.0057461559772491455,1.0080739259719849,1.0,1.3662759065628052,0.008073925971984863
116,mid_50pct,102,24057,206,0.008770590648055077,0.08718547224998474,0.05940449237823486,-1.0138747692108154,-1.0,0.01387476921081543,True,-1.0,True,0.020004326477646828,0.020345674827694893,-0.06406602263450623,-0.04576600342988968,-0.6387385725975037,0.018300019204616547,0.3872280716896057,0.32782357931137085,1.472019076347351,0.05940449237823486,-0.2296697497367859,-0.25842130184173584,-0.7111364603042603,0.02875155210494995,-2.404783248901367,-2.4111435413360596,0.3963707387447357,0.006360292434692383,0.3612293303012848,0.32503190636634827,1.2646238803863525,0.03619742393493652,2.8519465923309326,2.8137640953063965,1.0536338090896606,0.03818249702453613,0.5322256684303284,0.5221132636070251,-0.027656961232423782,0.010112404823303223,-1.0138747692108154,-1.0,-0.7510027885437012,0.01387476921081543
116,late_80pct,164,24119,206,0.008770590648055077,0.048885028809309006,0.03480029106140137,-1.0128076076507568,-1.0,0.012807607650756836,True,-1.0,True,0.019951511174440384,0.020402852445840836,0.3158423900604248,0.31203141808509827,1.8192166090011597,0.003810971975326538,0.08924508839845657,0.05728473141789436,0.10561350733041763,0.03196035698056221,-0.11148203909397125,-0.11740432679653168,0.07229620218276978,0.005922287702560425,-2.273603916168213,-2.2685751914978027,1.0352535247802734,0.005028724670410156,-0.027780845761299133,-0.026482155546545982,-0.5767596960067749,0.001298690214753151,2.450155735015869,2.4153554439544678,-0.6158789396286011,0.03480029106140137,1.3344886302947998,1.3255081176757812,1.744682788848877,0.008980512619018555,-1.0128076076507568,-1.0,-0.7498853206634521,0.012807607650756836
117,early_20pct,42,24203,209,0.008770590648055077,0.030044324696063995,0.02536153793334961,1.018036127090454,1.0,0.0180361270904541,True,1.0,True,0.03999999910593033,0.03999864682555199,-0.06986329704523087,-0.069369375705719,-0.676246166229248,0.0004939213395118713,-0.006513632833957672,0.005224419757723808,-0.3334895968437195,0.01173805259168148,-0.2806333005428314,-0.28072065114974976,-1.0489592552185059,8.735060691833496e-05,-2.498861074447632,-2.504617929458618,-0.061817020177841187,0.005756855010986328,0.05989919602870941,0.06265248358249664,-0.16172535717487335,0.0027532875537872314,2.5575289726257324,2.582890510559082,-0.16972362995147705,0.02536153793334961,0.36062192916870117,0.35163870453834534,-0.40675967931747437,0.008983224630355835,1.018036127090454,1.0,1.3767077922821045,0.0180361270904541
117,mid_50pct,104,24265,209,0.028958376497030258,0.06577904522418976,0.04430985450744629,-1.0049922466278076,-1.0,0.004992246627807617,True,-1.0,True,0.019952967762947083,0.020370861515402794,-0.11767886579036713,-0.10027897357940674,-0.98560631275177,0.017399892210960388,0.3510909080505371,0.3067810535430908,1.3063116073608398,0.04430985450744629,-0.1888734996318817,-0.21274921298027039,-0.44070976972579956,0.023875713348388672,-2.464500665664673,-2.4717085361480713,0.10552789270877838,0.0072078704833984375,0.2990644574165344,0.27421700954437256,0.9703657031059265,0.024847447872161865,2.837068557739258,2.810030221939087,0.9918133020401001,0.0270383358001709,0.21950167417526245,0.2290039211511612,-0.7185191512107849,0.009502246975898743,-1.0049922466278076,-1.0,-0.7417014837265015,0.004992246627807617
117,late_80pct,166,24327,209,0.028958376497030258,0.03644462674856186,0.032097697257995605,-1.0066161155700684,-1.0,0.006616115570068359,True,-1.0,True,0.019934050738811493,0.020391324535012245,0.225464329123497,0.23507696390151978,1.234483003616333,0.009612634778022766,0.06763309240341187,0.06392369419336319,0.006511352956295013,0.0037093982100486755,-0.013673000037670135,-0.00312180258333683,0.7206444144248962,0.010551197454333305,-2.226797580718994,-2.2351348400115967,1.2632153034210205,0.008337259292602539,-0.0016985386610031128,-0.001671347301453352,-0.4532988369464874,2.719135954976082e-05,2.3434693813323975,2.346778154373169,-1.0591800212860107,0.0033087730407714844,0.9884622097015381,1.0205599069595337,0.9802495837211609,0.032097697257995605,-1.0066161155700684,-1.0,-0.7434019446372986,0.006616115570068359
118,early_20pct,40,24410,200,0.028958376497030258,0.03830579295754433,0.030192852020263672,1.0022499561309814,1.0,0.0022499561309814453,True,1.0,True,0.03999999910593033,0.03999869525432587,-0.049657128751277924,-0.0430346243083477,-0.5455150008201599,0.0066225044429302216,-0.015610754489898682,0.0037957169115543365,-0.37520459294319153,0.019406471401453018,-0.26707184314727783,-0.26200005412101746,-0.959064245223999,0.005071789026260376,-2.518665313720703,-2.5239994525909424,-0.15827041864395142,0.005334138870239258,0.08372050523757935,0.08423266559839249,-0.048966966569423676,0.0005121603608131409,2.5582966804504395,2.588489532470703,-0.16653403639793396,0.030192852020263672,0.3706055283546448,0.37959542870521545,-0.38470423221588135,0.008989900350570679,1.0022499561309814,1.0,1.3601773977279663,0.0022499561309814453
118,mid_50pct,100,24470,200,0.028958376497030258,0.10240347683429718,0.06448668241500854,-1.0121198892593384,-1.0,0.012119889259338379,True,-1.0,True,0.02002730406820774,0.02042773738503456,-0.10293859243392944,-0.07750631123781204,-0.8902387619018555,0.0254322811961174,0.3365902006626129,0.27210351824760437,1.2398184537887573,0.06448668241500854,-0.16587264835834503,-0.1953461468219757,-0.2882436215877533,0.029473498463630676,-2.4873483180999756,-2.4976248741149902,-0.005747087299823761,0.010276556015014648,0.32935699820518494,0.2875640094280243,1.1137558221817017,0.041792988777160645,2.838383436203003,2.7961244583129883,0.9972769618034363,0.04225897789001465,0.20275983214378357,0.23702889680862427,-0.7555047869682312,0.0342690646648407,-1.0121198892593384,-1.0,-0.7491651773452759,0.012119889259338379
118,late_80pct,159,24529,200,0.028958376497030258,0.04462014511227608,0.029229700565338135,-1.0110763311386108,-1.0,0.01107633113861084,True,-1.0,True,0.02001049369573593,0.0204470157623291,0.21982954442501068,0.229792982339859,1.1980267763137817,0.009963437914848328,0.1658564805984497,0.14339619874954224,0.4569161832332611,0.02246028184890747,-0.04134335368871689,-0.025383327156305313,0.5372255444526672,0.015960026532411575,-2.1081714630126953,-2.11344575881958,1.8409610986709595,0.005274295806884766,0.035182178020477295,0.03370853140950203,-0.2787235975265503,0.0014736466109752655,2.3244540691375732,2.308701753616333,-1.1381912231445312,0.015752315521240234,0.9244385361671448,0.9536682367324829,0.83881014585495,0.029229700565338135,-1.0110763311386108,-1.0,-0.7480723857879639,0.01107633113861084
119,early_20pct,42,24612,210,0.028958376497030258,0.056715965270996094,0.05099186301231384,0.9994000196456909,1.0,0.000599980354309082,True,1.0,True,0.03999999910593033,0.0399988554418087,-0.08641738444566727,-0.08605817705392838,-0.783348798751831,0.0003592073917388916,-0.281267911195755,-0.2694379687309265,-1.5933796167373657,0.011829942464828491,-0.283639132976532,-0.2722351551055908,-1.0688841342926025,0.011403977870941162,-2.8217108249664307,-2.8294966220855713,-1.6341938972473145,0.007785797119140625,-0.0701102763414383,-0.07428251951932907,-0.7771264910697937,0.004172243177890778,2.606167793273926,2.6225500106811523,0.03237917274236679,0.016382217407226562,0.40527182817459106,0.4562636911869049,-0.3081202208995819,0.05099186301231384,0.9994000196456909,1.0,1.357193112373352,0.000599980354309082
119,mid_50pct,104,24674,210,0.028958376497030258,0.192302405834198,0.11056604981422424,-1.0081037282943726,-1.0,0.008103728294372559,True,-1.0,True,0.019919367507100105,0.02045546844601631,-0.16932986676692963,-0.10694565623998642,-1.3197811841964722,0.06238421052694321,0.18553993105888367,0.1106819212436676,0.5471750497817993,0.07485800981521606,-0.05888284742832184,-0.14203009009361267,0.42096126079559326,0.08314724266529083,-2.7905843257904053,-2.814812660217285,-1.4825987815856934,0.024228334426879883,0.539032518863678,0.42846646904945374,2.1062569618225098,0.11056604981422424,3.0377328395843506,2.989067554473877,1.8256090879440308,0.04866528511047363,-0.2062656283378601,-0.13284173607826233,-1.659113883972168,0.07342389225959778,-1.0081037282943726,-1.0,-0.7449597120285034,0.008103728294372559
119,late_80pct,167,24737,210,0.028958376497030258,0.010724429041147232,0.006780937314033508,-1.00991952419281,-1.0,0.009919524192810059,True,-1.0,True,0.019973160699009895,0.02039555460214615,0.08431601524353027,0.08353537321090698,0.3212728500366211,0.000780642032623291,0.01964304968714714,0.014430178329348564,-0.2135477364063263,0.005212871357798576,0.18249185383319855,0.17571091651916504,2.020965337753296,0.006780937314033508,-2.3362843990325928,-2.336930751800537,0.7299811840057373,0.0006463527679443359,0.003469109535217285,0.0038856780156493187,-0.42883771657943726,0.00041656848043203354,2.4426043033599854,2.4378674030303955,-0.6472564935684204,0.004736900329589844,0.7919750213623047,0.7877066135406494,0.5461750626564026,0.0042684078216552734,-1.00991952419281,-1.0,-0.7468610405921936,0.009919524192810059
120,early_20pct,41,24821,208,0.020479517057538033,0.04782252013683319,0.04406338930130005,0.9953851699829102,1.0,0.004614830017089844,True,1.0,True,0.03999999910593033,0.03999929875135422,-0.04598955065011978,-0.03988773003220558,-0.5217862725257874,0.0061018206179142,-0.2566060721874237,-0.2493133246898651,-1.4802923202514648,0.007292747497558594,-0.2347210943698883,-0.22271177172660828,-0.7446203827857971,0.01200932264328003,-2.8137383460998535,-2.8085997104644775,-1.5953662395477295,0.0051386356353759766,0.023519784212112427,0.014471305534243584,-0.3339276611804962,0.009048478677868843,2.6401684284210205,2.6385903358459473,0.1736581027507782,0.0015780925750732422,0.4828418493270874,0.5269052386283875,-0.13675445318222046,0.04406338930130005,0.9953851699829102,1.0,1.3529889583587646,0.004614830017089844
120,mid_50pct,104,24884,208,0.020479517057538033,0.06965687870979309,0.05160471796989441,-0.9877794981002808,-1.0,0.012220501899719238,True,-1.0,True,0.020312882959842682,0.02076372690498829,0.022869668900966644,0.02710040658712387,-0.07627660036087036,0.0042307376861572266,0.09738381952047348,0.06576529145240784,0.14293378591537476,0.03161852806806564,-0.1873660385608673,-0.20175409317016602,-0.43071722984313965,0.014388054609298706,-2.80954647064209,-2.8068394660949707,-1.5749496221542358,0.0027070045471191406,0.4842245876789093,0.4326198697090149,1.8468230962753296,0.05160471796989441,2.963742256164551,2.951307773590088,1.5181642770767212,0.01243448257446289,0.2081419825553894,0.23646941781044006,-0.743614673614502,0.02832743525505066,-0.9877794981002808,-1.0,-0.7236771583557129,0.012220501899719238
120,late_80pct,166,24946,208,0.020479517057538033,0.024014141410589218,0.020394444465637207,-1.0102121829986572,-1.0,0.010212182998657227,True,-1.0,True,0.020352954044938087,0.020719261839985847,0.1109965592622757,0.11572311818599701,0.49389228224754333,0.0047265589237213135,-0.08495982736349106,-0.08783654123544693,-0.6932058334350586,0.0028767138719558716,0.14011402428150177,0.13406120240688324,1.7400548458099365,0.00605282187461853,-2.487339735031128,-2.4943642616271973,-0.005705270916223526,0.007024526596069336,0.060848452150821686,0.05869311839342117,-0.15723203122615814,0.0021553337574005127,2.512986421585083,2.5192716121673584,-0.35480648279190063,0.006285190582275391,1.052873134613037,1.0324786901474,1.1225446462631226,0.020394444465637207,-1.0102121829986572,-1.0,-0.7471675276756287,0.010212182998657227
121,early_20pct,40,25028,201,0.020479517057538033,0.06008897349238396,0.05561742186546326,1.0001132488250732,1.0,0.00011324882507324219,True,1.0,True,0.03999999910593033,0.03999943658709526,0.00020522251725196838,-0.00034871615935117006,-0.22291244566440582,0.0005539386766031384,-0.22555091977119446,-0.20935292541980743,-1.337888479232788,0.016197994351387024,-0.2627175450325012,-0.2556578814983368,-0.9302007555961609,0.007059663534164429,-2.719001054763794,-2.717808961868286,-1.1339665651321411,0.0011920928955078125,-0.04382935166358948,-0.04692729935050011,-0.6527254581451416,0.0030979476869106293,2.5269405841827393,2.540863513946533,-0.29682374000549316,0.013922929763793945,0.44780102372169495,0.5034184455871582,-0.2141658067703247,0.05561742186546326,1.0001132488250732,1.0,1.3579399585723877,0.00011324882507324219
121,mid_50pct,100,25088,201,0.020479517057538033,0.08188976347446442,0.04404187202453613,-0.9941247701644897,-1.0,0.005875229835510254,True,-1.0,True,0.02024844102561474,0.020967064425349236,-0.17914822697639465,-0.1528405398130417,-1.3833045959472656,0.026307687163352966,0.22954553365707397,0.19905073940753937,0.7489633560180664,0.030494794249534607,-0.004358664155006409,-0.03556322306394577,0.7823864817619324,0.03120455890893936,-2.692302703857422,-2.7012581825256348,-1.003936529159546,0.00895547866821289,0.3954223394393921,0.3569815158843994,1.4264767169952393,0.038440823554992676,2.9516263008117676,2.926875591278076,1.4678213596343994,0.024750709533691406,-0.3447648882865906,-0.30072301626205444,-1.9650830030441284,0.04404187202453613,-0.9941247701644897,-1.0,-0.7303215861320496,0.005875229835510254
121,late_80pct,160,25148,201,0.020479517057538033,0.07481830567121506,0.04449129104614258,-0.9977167844772339,-1.0,0.0022832155227661133,True,-1.0,True,0.020382866263389587,0.020829934626817703,0.020156703889369965,0.032901421189308167,-0.09382910281419754,0.012744717299938202,-0.0555536150932312,-0.02009546011686325,-0.5583631992340088,0.03545815497636795,0.15233324468135834,0.17194919288158417,1.8210525512695312,0.01961594820022583,-2.362853527069092,-2.318362236022949,0.6005812883377075,0.04449129104614258,0.09343356639146805,0.07912658154964447,-0.002990070730447769,0.014306984841823578,2.356356382369995,2.349902868270874,-1.005631923675537,0.006453514099121094,0.34116271138191223,0.3807540237903595,-0.44974854588508606,0.039591312408447266,-0.9977167844772339,-1.0,-0.7340829968452454,0.0022832155227661133
122,early_20pct,42,25231,210,0.020479517057538033,0.04002015292644501,0.027098096907138824,0.9890693426132202,1.0,0.010930657386779785,True,1.0,True,0.03999999910593033,0.03999943658709526,0.032190293073654175,0.04054132103919983,-0.015973448753356934,0.008351027965545654,-0.14184698462486267,-0.11474888771772385,-0.9540627598762512,0.027098096907138824,-0.18443045020103455,-0.17960971593856812,-0.4112579822540283,0.004820734262466431,-2.641062021255493,-2.643199920654297,-0.7543795704841614,0.002137899398803711,-0.0419275164604187,-0.0331246592104435,-0.6437231302261353,0.008802857249975204,2.5139591693878174,2.540142774581909,-0.3507646322250366,0.026183605194091797,0.6015926599502563,0.5990071892738342,0.12558695673942566,0.002585470676422119,0.9890693426132202,1.0,1.3463753461837769,0.010930657386779785
122,mid_50pct,104,25293,210,0.020479517057538033,0.10737485438585281,0.07395488023757935,-1.0024558305740356,-1.0,0.0024558305740356445,True,-1.0,True,0.020084146410226822,0.020428374409675598,0.06068775802850723,0.06973482668399811,0.16840125620365143,0.009047068655490875,0.20807203650474548,0.13411715626716614,0.6504963636398315,0.07395488023757935,-0.16861428320407867,-0.18836744129657745,-0.3064171373844147,0.01975315809249878,-2.647423505783081,-2.658705949783325,-0.785362184047699,0.01128244400024414,0.08903449773788452,0.051904790103435516,-0.02381310425698757,0.037129707634449005,2.8735899925231934,2.8141725063323975,1.1435656547546387,0.0594174861907959,0.5508996844291687,0.5743869543075562,0.01359720341861248,0.02348726987838745,-1.0024558305740356,-1.0,-0.7390454411506653,0.0024558305740356445
122,late_80pct,167,25356,210,0.026378806680440903,0.024810373783111572,0.017229244112968445,-0.999742865562439,-1.0,0.00025713443756103516,True,-1.0,True,0.020018454641103745,0.02049909345805645,0.25799649953842163,0.2495488077402115,1.4449617862701416,0.008447691798210144,0.1399315893650055,0.12270234525203705,0.33803725242614746,0.017229244112968445,-0.0061928704380989075,-0.009778577834367752,0.7702280879020691,0.0035857073962688446,-2.1758179664611816,-2.1863811016082764,1.5115008354187012,0.010563135147094727,-0.0197683647274971,-0.019075529649853706,-0.5388325452804565,0.0006928350776433945,2.3326432704925537,2.3241477012634277,-1.104163646697998,0.008495569229125977,0.9973502159118652,0.9902613162994385,0.999884843826294,0.007088899612426758,-0.999742865562439,-1.0,-0.7362046241760254,0.00025713443756103516
123,early_20pct,42,25441,211,0.026378806680440903,0.03690741956233978,0.03289264440536499,0.9923560619354248,1.0,0.007643938064575195,True,1.0,True,0.03999999910593033,0.03999900445342064,-0.053926967084407806,-0.05524303391575813,-0.5731402635574341,0.0013160668313503265,-0.13800457119941711,-0.12883184850215912,-0.9364433288574219,0.009172722697257996,-0.2540837526321411,-0.24317675828933716,-0.8729698657989502,0.010906994342803955,-2.6987857818603516,-2.6905534267425537,-1.03551185131073,0.008232355117797852,0.03082503378391266,0.028102442622184753,-0.29934820532798767,0.0027225911617279053,2.6211726665496826,2.6207098960876465,0.09472692757844925,0.0004627704620361328,0.4122624397277832,0.4451550841331482,-0.29267674684524536,0.03289264440536499,0.9923560619354248,1.0,1.3498170375823975,0.007643938064575195
123,mid_50pct,105,25504,211,0.026378806680440903,0.08837806433439255,0.05254140496253967,-0.9855462312698364,-1.0,0.014453768730163574,True,-1.0,True,0.02030087634921074,0.020676353946328163,-0.005592066794633865,-0.003205403685569763,-0.2604201138019562,0.002386663109064102,0.1512427031993866,0.10142598301172256,0.38990455865859985,0.04981672018766403,-0.23515072464942932,-0.24582862854003906,-0.7474682927131653,0.010677903890609741,-2.701392650604248,-2.7049007415771484,-1.0482081174850464,0.0035080909729003906,0.33384859561920166,0.281307190656662,1.135016918182373,0.05254140496253967,2.906045436859131,2.8798866271972656,1.27842378616333,0.026158809661865234,0.4111674427986145,0.453025221824646,-0.295095831155777,0.041857779026031494,-0.9855462312698364,-1.0,-0.7213386297225952,0.014453768730163574
123,late_80pct,168,25567,211,0.026378806680440903,0.04102500155568123,0.03315919637680054,-0.9933499097824097,-1.0,0.006650090217590332,True,-1.0,True,0.020270830020308495,0.020708465948700905,0.1957853138446808,0.19382089376449585,1.0424638986587524,0.0019644200801849365,0.11522440612316132,0.08206520974636078,0.2247420847415924,0.03315919637680054,0.043532177805900574,0.045326218008995056,1.0998412370681763,0.0017940402030944824,-2.246135711669922,-2.2561745643615723,1.169032096862793,0.01003885269165039,0.0007867664098739624,0.0005195005796849728,-0.4415346384048462,0.00026726583018898964,2.4484059810638428,2.43344783782959,-0.6231493949890137,0.01495814323425293,1.1890605688095093,1.2049301862716675,1.423406720161438,0.015869617462158203,-0.9933499097824097,-1.0,-0.7295101881027222,0.006650090217590332
124,early_20pct,41,25651,208,0.026378806680440903,0.07316829264163971,0.06440538167953491,1.0024851560592651,1.0,0.0024851560592651367,True,1.0,True,0.03999999910593033,0.03999979794025421,-0.027506515383720398,-0.026244167238473892,-0.40220358967781067,0.0012623481452465057,-0.2791082561016083,-0.25693368911743164,-1.5834764242172241,0.022174566984176636,-0.18152731657028198,-0.16900111734867096,-0.3920139968395233,0.012526199221611023,-2.7913622856140137,-2.788475275039673,-1.4863879680633545,0.0028870105743408203,-0.027329720556735992,-0.02129603549838066,-0.5746243000030518,0.006033685058355331,2.5770859718322754,2.599682331085205,-0.0884614884853363,0.022596359252929688,0.5503679513931274,0.6147733330726624,0.012422490864992142,0.06440538167953491,1.0024851560592651,1.0,1.3604236841201782,0.0024851560592651367
124,mid_50pct,104,25714,208,0.026378806680440903,0.19814391434192657,0.09485597908496857,-1.021404504776001,-1.0,0.021404504776000977,True,-1.0,True,0.01999795436859131,0.02046339400112629,-0.09378549456596375,-0.032822586596012115,-0.8310195207595825,0.06096290796995163,0.21090221405029297,0.1160462349653244,0.6634742021560669,0.09485597908496857,-0.029442086815834045,-0.10636971890926361,0.6161156296730042,0.07692763209342957,-2.7656171321868896,-2.782130718231201,-1.3610010147094727,0.016513586044311523,0.2696296274662018,0.19265389442443848,0.8310357332229614,0.0769757330417633,3.033881187438965,2.950873851776123,1.8096046447753906,0.0830073356628418,0.04673174023628235,0.13356974720954895,-1.1001982688903809,0.0868380069732666,-1.021404504776001,-1.0,-0.758887529373169,0.021404504776000977
124,late_80pct,166,25776,208,0.026378806680440903,0.04670616239309311,0.03502929210662842,-1.0043171644210815,-1.0,0.004317164421081543,True,-1.0,True,0.020011574029922485,0.020448459312319756,0.10458381474018097,0.08665398508310318,0.4524027109146118,0.01792982965707779,-0.019095905125141144,-0.024899441748857498,-0.39118582010269165,0.005803536623716354,0.09928299486637115,0.0794466957449913,1.4693975448608398,0.019836299121379852,-2.344391107559204,-2.3560266494750977,0.6904981732368469,0.011635541915893555,0.018900856375694275,0.013249305076897144,-0.3557913899421692,0.005651551298797131,2.380601406097412,2.3868021965026855,-0.9048894643783569,0.0062007904052734375,0.6477599143981934,0.6127306222915649,0.22757849097251892,0.03502929210662842,-1.0043171644210815,-1.0,-0.7409946322441101,0.004317164421081543
125,early_20pct,41,25859,208,0.026378806680440903,0.039742350578308105,0.03472223877906799,0.9810680150985718,1.0,0.018931984901428223,True,1.0,True,0.03999999910593033,0.03999917954206467,-0.05793747305870056,-0.040996186435222626,-0.5990877151489258,0.016941286623477936,-0.2319568693637848,-0.22294896841049194,-1.3672630786895752,0.009007900953292847,-0.3077448010444641,-0.30959850549697876,-1.2286735773086548,0.0018537044525146484,-2.7760491371154785,-2.7745819091796875,-1.4118077754974365,0.0014672279357910156,-0.017022743821144104,-0.017177684232592583,-0.5258361101150513,0.0001549404114484787,2.571993350982666,2.572234630584717,-0.10962136089801788,0.00024127960205078125,0.4829275608062744,0.4482053220272064,-0.13656511902809143,0.03472223877906799,0.9810680150985718,1.0,1.3379967212677002,0.018931984901428223
125,mid_50pct,104,25922,208,0.017900913953781128,0.046579547226428986,0.031699955463409424,-0.957321047782898,-1.0,0.04267895221710205,True,-1.0,True,0.020500855520367622,0.020844869315624237,0.13630330562591553,0.1288420557975769,0.6576234102249146,0.007461249828338623,0.049645133316516876,0.0649554580450058,-0.07597270607948303,0.015310324728488922,-0.43565040826797485,-0.40395045280456543,-2.076523542404175,0.031699955463409424,-2.802340030670166,-2.79137921333313,-1.5398519039154053,0.010960817337036133,0.30712461471557617,0.3191445469856262,1.0085185766220093,0.012019932270050049,2.888284683227539,2.9033398628234863,1.204625129699707,0.015055179595947266,0.7003052234649658,0.6807242631912231,0.3436603248119354,0.019580960273742676,-0.957321047782898,-1.0,-0.6917826533317566,0.04267895221710205
125,late_80pct,166,25984,208,0.017900913953781128,0.024028010666370392,0.018041495233774185,-0.9993604421615601,-1.0,0.0006395578384399414,True,-1.0,True,0.020437365397810936,0.02091331221163273,0.2840767204761505,0.28740739822387695,1.6136971712112427,0.0033306777477264404,0.025541748851537704,0.007500253617763519,-0.18649914860725403,0.018041495233774185,-0.029217325150966644,-0.030995063483715057,0.6176055073738098,0.001777738332748413,-2.3313233852386475,-2.3294742107391357,0.7541422247886658,0.0018491744995117188,0.023413464426994324,0.018122633919119835,-0.3344309329986572,0.005290830507874489,2.4233155250549316,2.4130282402038574,-0.7274048328399658,0.010287284851074219,1.4958076477050781,1.505825400352478,2.101064920425415,0.010017752647399902,-0.9993604421615601,-1.0,-0.7358042001724243,0.0006395578384399414
126,early_20pct,40,26066,201,0.017900913953781128,0.024888936430215836,0.018334150314331055,1.0180996656417847,1.0,0.018099665641784668,True,1.0,True,0.03999999910593033,0.039999838918447495,0.0026524439454078674,0.004412536043673754,-0.20707926154136658,0.0017600920982658863,-0.15026098489761353,-0.13653919100761414,-0.992645263671875,0.01372179388999939,-0.19222161173820496,-0.18949288129806519,-0.4629034101963043,0.0027287304401397705,-2.6651670932769775,-2.660336971282959,-0.8717784881591797,0.004830121994018555,0.010720930993556976,0.007837770506739616,-0.3945111632347107,0.00288316048681736,2.5595784187316895,2.5779125690460205,-0.16120792925357819,0.018334150314331055,0.6384955644607544,0.645764946937561,0.2071118950843811,0.007269382476806641,1.0180996656417847,1.0,1.3767743110656738,0.018099665641784668
126,mid_50pct,100,26126,201,0.017900913953781128,0.09440977871417999,0.0637250542640686,-0.9862765073776245,-1.0,0.013723492622375488,True,-1.0,True,0.020457297563552856,0.020764918997883797,0.053157612681388855,0.07195865362882614,0.11968224495649338,0.018801040947437286,0.28206533193588257,0.21834027767181396,0.9897937178611755,0.0637250542640686,-0.18122483789920807,-0.20705482363700867,-0.39000895619392395,0.025829985737800598,-2.63185453414917,-2.6413774490356445,-0.7095359563827515,0.00952291488647461,0.305651992559433,0.26159223914146423,1.001547932624817,0.04405975341796875,2.9394004344940186,2.8972530364990234,1.4170199632644653,0.04214739799499512,0.8041914105415344,0.799363911151886,0.5731631517410278,0.0048274993896484375,-0.9862765073776245,-1.0,-0.7221033573150635,0.013723492622375488
126,late_80pct,160,26186,201,0.017900913953781128,0.08244635909795761,0.06772780418395996,-1.0019171237945557,-1.0,0.001917123794555664,True,-1.0,True,0.0203713271766901,0.020859159529209137,0.27167850732803345,0.274505078792572,1.5334824323654175,0.0028265714645385742,0.0174090638756752,0.034108538180589676,-0.22379170358181,0.016699474304914474,-0.0696999728679657,-0.06457953155040741,0.34925761818885803,0.005120441317558289,-2.3017377853393555,-2.2340099811553955,0.89823317527771,0.06772780418395996,0.010699108242988586,0.008918956853449345,-0.39461445808410645,0.0017801513895392418,2.352419376373291,2.3089895248413086,-1.0219911336898804,0.04342985153198242,1.384329080581665,1.3871477842330933,1.8547892570495605,0.0028187036514282227,-1.0019171237945557,-1.0,-0.7384814023971558,0.001917123794555664
127,early_20pct,41,26268,208,0.017900913953781128,0.023886075243353844,0.014340400695800781,0.9742674827575684,1.0,0.02573251724243164,True,1.0,True,0.03999999910593033,0.03999852389097214,-0.12268044054508209,-0.12047255784273148,-1.0179657936096191,0.0022078827023506165,-0.15257930755615234,-0.13845059275627136,-1.003275990486145,0.014128714799880981,-0.3315731883049011,-0.33209502696990967,-1.3866251707077026,0.0005218386650085449,-2.67050838470459,-2.6708672046661377,-0.8977919220924377,0.00035881996154785156,-0.09001524746417999,-0.09205379337072372,-0.8713468909263611,0.0020385459065437317,2.4921488761901855,2.5064892768859863,-0.44138962030410767,0.014340400695800781,0.33325403928756714,0.34573784470558167,-0.4672202467918396,0.012483805418014526,0.9742674827575684,1.0,1.3308756351470947,0.02573251724243164
127,mid_50pct,104,26331,208,0.017900913953781128,0.12422174215316772,0.07592112571001053,-1.0193204879760742,-1.0,0.01932048797607422,True,-1.0,True,0.01999027095735073,0.020389102399349213,-0.1131247878074646,-0.10234619677066803,-0.9561420679092407,0.01077859103679657,0.16336745023727417,0.08744632452726364,0.44550269842147827,0.07592112571001053,-0.30510303378105164,-0.33097198605537415,-1.2111622095108032,0.02586895227432251,-2.6755707263946533,-2.681375026702881,-0.9224469065666199,0.005804300308227539,0.1081007868051529,0.052052900195121765,0.06643737107515335,0.05604788661003113,2.794437885284424,2.7387213706970215,0.8146752715110779,0.055716514587402344,0.18868473172187805,0.23969705402851105,-0.7865991592407227,0.051012322306632996,-1.0193204879760742,-1.0,-0.7567052245140076,0.01932048797607422
127,late_80pct,166,26393,208,0.017900913953781128,0.025322511792182922,0.02186940610408783,-0.9942857027053833,-1.0,0.005714297294616699,True,-1.0,True,0.01993756927549839,0.020445801317691803,0.19707153737545013,0.19754043221473694,1.0507855415344238,0.0004688948392868042,0.1518002301454544,0.17366963624954224,0.39246106147766113,0.02186940610408783,0.011663243174552917,0.012684222310781479,0.8885911703109741,0.0010209791362285614,-2.0926761627197266,-2.0851070880889893,1.9164273738861084,0.007569074630737305,0.011208631098270416,0.01003046054393053,-0.39220261573791504,0.0011781705543398857,2.2222962379455566,2.2320556640625,-1.5626753568649292,0.00975942611694336,0.9223440885543823,0.9195564389228821,0.8341831564903259,0.002787649631500244,-0.9942857027053833,-1.0,-0.7304901480674744,0.005714297294616699
128,early_20pct,41,26476,206,0.01563807763159275,0.019188102334737778,0.011531710624694824,0.9857189655303955,1.0,0.014281034469604492,True,1.0,True,0.03999999910593033,0.03999919071793556,-0.0068868473172187805,0.0026645809412002563,-0.2687971591949463,0.009551428258419037,-0.21318966150283813,-0.20367437601089478,-1.2812057733535767,0.00951528549194336,-0.2841455340385437,-0.2823253571987152,-1.072240948677063,0.0018201768398284912,-2.7708911895751953,-2.7727198600769043,-1.3866875171661377,0.0018286705017089844,0.012992434203624725,0.012041017413139343,-0.3837589919567108,0.0009514167904853821,2.637267827987671,2.644040584564209,0.1616056263446808,0.006772756576538086,0.4801645576953888,0.4916962683200836,-0.14266906678676605,0.011531710624694824,0.9857189655303955,1.0,1.3428670167922974,0.014281034469604492
128,mid_50pct,102,26537,206,0.01563807763159275,0.04580171778798103,0.029150761663913727,-0.9802225828170776,-1.0,0.019777417182922363,True,-1.0,True,0.019963691011071205,0.020440351217985153,0.0625099390745163,0.045708391815423965,0.18019050359725952,0.01680154725909233,0.09731021523475647,0.09013501554727554,0.1425962746143341,0.0071751996874809265,-0.2659562826156616,-0.2411116659641266,-0.9516696333885193,0.024844616651535034,-2.770371913909912,-2.766869306564331,-1.3841586112976074,0.0035026073455810547,0.4071110188961029,0.3932275176048279,1.4818053245544434,0.013883501291275024,2.9509708881378174,2.941380262374878,1.4650977849960327,0.009590625762939453,0.07976475358009338,0.10891551524400711,-1.0272225141525269,0.029150761663913727,-0.9802225828170776,-1.0,-0.7157639861106873,0.019777417182922363
128,late_80pct,164,26599,206,0.01563807763159275,0.02445007674396038,0.01802968978881836,-0.9927488565444946,-1.0,0.007251143455505371,True,-1.0,True,0.019995108246803284,0.020405195653438568,0.1775292009115219,0.17539414763450623,0.9243493676185608,0.002135053277015686,-0.0069798752665519714,-0.0177080687135458,-0.33562755584716797,0.010728193446993828,0.023477956652641296,0.023857122287154198,0.9669075012207031,0.0003791656345129013,-2.329775094985962,-2.3478047847747803,0.7616828680038452,0.01802968978881836,0.021040573716163635,0.020807690918445587,-0.34566301107406616,0.0002328827977180481,2.433070659637451,2.4408652782440186,-0.6868700981140137,0.007794618606567383,0.8537384271621704,0.8633368611335754,0.6826211214065552,0.00959843397140503,-0.9927488565444946,-1.0,-0.7288808226585388,0.007251143455505371
129,early_20pct,42,26683,212,0.01563807763159275,0.02486143261194229,0.017644435167312622,1.0044583082199097,1.0,0.004458308219909668,True,1.0,True,0.03999999910593033,0.03999894857406616,-0.1042037159204483,-0.09913357347249985,-0.8984239101409912,0.005070142447948456,-0.2718627154827118,-0.26737505197525024,-1.5502519607543945,0.004487663507461548,-0.296284019947052,-0.28950437903404236,-1.1527034044265747,0.0067796409130096436,-2.775416851043701,-2.782545328140259,-1.408728837966919,0.007128477096557617,-0.1154966950416565,-0.1112186461687088,-0.9919635653495789,0.004278048872947693,2.507047414779663,2.5191237926483154,-0.37948405742645264,0.012076377868652344,0.4284893870353699,0.4461338222026825,-0.25682857632637024,0.017644435167312622,1.0044583082199097,1.0,1.3624898195266724,0.004458308219909668
129,mid_50pct,106,26747,212,0.01563807763159275,0.035474009811878204,0.021246321499347687,-1.0019906759262085,-1.0,0.001990675926208496,True,-1.0,True,0.020031599327921867,0.02045760490000248,-0.047053560614585876,-0.04140109568834305,-0.5286703109741211,0.005652464926242828,0.11073941737413406,0.08949309587478638,0.20417608320713043,0.021246321499347687,-0.2998840808868408,-0.3070456087589264,-1.1765671968460083,0.007161527872085571,-2.7848012447357178,-2.784048080444336,-1.454433560371399,0.0007531642913818359,0.06646411120891571,0.04858922213315964,-0.13065028190612793,0.017874889075756073,2.8632822036743164,2.8435704708099365,1.1007355451583862,0.019711732864379883,0.182356059551239,0.18624578416347504,-0.8005803227424622,0.003889724612236023,-1.0019906759262085,-1.0,-0.7385584115982056,0.001990675926208496
129,late_80pct,169,26810,212,0.01563807763159275,0.022128049284219742,0.012848537415266037,-0.9900197982788086,-1.0,0.009980201721191406,True,-1.0,True,0.01999773271381855,0.020493684336543083,0.21919608116149902,0.2182959020137787,1.1939283609390259,0.0009001791477203369,0.008708260953426361,-0.004140276461839676,-0.2636893689632416,0.012848537415266037,0.050577521324157715,0.057254355400800705,1.1465427875518799,0.00667683407664299,-2.285459041595459,-2.2963109016418457,0.977515459060669,0.010851860046386719,0.011705823242664337,0.008258133195340633,-0.38984915614128113,0.0034476900473237038,2.2687013149261475,2.2605230808258057,-1.369854211807251,0.008178234100341797,0.8376678228378296,0.8467586040496826,0.647118330001831,0.009090781211853027,-0.9900197982788086,-1.0,-0.7260230779647827,0.009980201721191406
130,early_20pct,41,26894,208,0.01563807763159275,0.047042615711688995,0.02980482578277588,0.9995813369750977,1.0,0.00041866302490234375,True,1.0,True,0.03999999910593033,0.03999922052025795,-0.036746516823768616,-0.03467358276247978,-0.46198514103889465,0.0020729340612888336,-0.18187353014945984,-0.16031508147716522,-1.1376051902770996,0.021558448672294617,-0.238449826836586,-0.23254945874214172,-0.7693370580673218,0.005900368094444275,-2.680180549621582,-2.6851367950439453,-0.9448981881141663,0.004956245422363281,-0.03732633590698242,-0.03650994598865509,-0.6219433546066284,0.0008163899183273315,2.501335620880127,2.529541492462158,-0.40321752429008484,0.02820587158203125,0.49498945474624634,0.5247942805290222,-0.10991829633712769,0.02980482578277588,0.9995813369750977,1.0,1.357382893562317,0.00041866302490234375
130,mid_50pct,104,26957,208,0.01563807763159275,0.047353312373161316,0.029445573687553406,-0.9957559108734131,-1.0,0.004244089126586914,True,-1.0,True,0.020231401547789574,0.020634859800338745,-0.06373177468776703,-0.05847524479031563,-0.6365760564804077,0.005256529897451401,0.14975735545158386,0.12111040204763412,0.3830934762954712,0.028646953403949738,-0.17563927173614502,-0.17971967160701752,-0.35298386216163635,0.0040803998708724976,-2.686997175216675,-2.6873605251312256,-0.9780970215797424,0.00036334991455078125,0.14393183588981628,0.13344940543174744,0.2360439896583557,0.010482430458068848,2.820582389831543,2.8005735874176025,0.9233101010322571,0.02000880241394043,0.18955862522125244,0.21900419890880585,-0.7846686244010925,0.029445573687553406,-0.9957559108734131,-1.0,-0.7320296764373779,0.004244089126586914
130,late_80pct,166,27019,208,0.025462426245212555,0.06453767418861389,0.05128598213195801,-0.9951397180557251,-1.0,0.004860281944274902,True,-1.0,True,0.02019394561648369,0.0206755381077528,0.14618134498596191,0.14490367472171783,0.7215330004692078,0.0012776702642440796,0.09769722819328308,0.08385796844959259,0.1443709433078766,0.01383925974369049,0.05606716871261597,0.0572725310921669,1.1829321384429932,0.0012053623795509338,-2.22041916847229,-2.185060739517212,1.29427969455719,0.035358428955078125,0.03120831400156021,0.024618636816740036,-0.29753392934799194,0.006589677184820175,2.322507858276367,2.271221876144409,-1.1462786197662354,0.05128598213195801,0.7567018270492554,0.7635287046432495,0.4682503342628479,0.006826877593994141,-0.9951397180557251,-1.0,-0.7313844561576843,0.004860281944274902
131,early_20pct,42,27103,210,0.025462426245212555,0.026440437883138657,0.0180780291557312,0.9851107597351074,1.0,0.014889240264892578,True,1.0,True,0.03999999910593033,0.039998769760131836,-0.1096382737159729,-0.10507108271121979,-0.9335847496986389,0.004567191004753113,-0.24927160143852234,-0.23119357228279114,-1.446660041809082,0.0180780291557312,-0.3469507098197937,-0.3464818298816681,-1.4885584115982056,0.00046887993812561035,-2.7654895782470703,-2.760568618774414,-1.3603793382644653,0.00492095947265625,-0.021791912615299225,-0.014140280894935131,-0.5484110116958618,0.007651631720364094,2.6223371028900146,2.632432460784912,0.09956583380699158,0.010095357894897461,0.3140045702457428,0.3269089460372925,-0.5097456574440002,0.012904375791549683,0.9851107597351074,1.0,1.3422300815582275,0.014889240264892578
131,mid_50pct,104,27165,210,0.025462426245212555,0.16519369184970856,0.10855346918106079,-1.0015201568603516,-1.0,0.0015201568603515625,True,-1.0,True,0.019983801990747452,0.020567724481225014,-0.17415860295295715,-0.12687736749649048,-1.351022481918335,0.047281235456466675,0.21475473046302795,0.1483353227376938,0.6811398863792419,0.06641940772533417,-0.11648106575012207,-0.19818443059921265,0.03915907070040703,0.08170336484909058,-2.707979202270508,-2.733802556991577,-1.080286979675293,0.025823354721069336,0.7164096236228943,0.6078561544418335,2.945873260498047,0.10855346918106079,2.9967169761657715,2.965582847595215,1.6551804542541504,0.03113412857055664,-0.4306669235229492,-0.40729111433029175,-2.154855728149414,0.02337580919265747,-1.0015201568603516,-1.0,-0.7380656599998474,0.0015201568603515625
131,late_80pct,167,27228,210,0.025462426245212555,0.02527223713696003,0.01792098581790924,-0.997333288192749,-1.0,0.0026667118072509766,True,-1.0,True,0.020061729475855827,0.0204810481518507,0.09954264760017395,0.09255244582891464,0.41978704929351807,0.006990201771259308,0.13740956783294678,0.11948858201503754,0.3264724910259247,0.01792098581790924,0.10566313564777374,0.09799017757177353,1.5116896629333496,0.007672958076000214,-2.219200611114502,-2.2167718410491943,1.3002142906188965,0.002428770065307617,-0.007745265960693359,-0.009823608212172985,-0.48192107677459717,0.0020783422514796257,2.480881690979004,2.4675183296203613,-0.488207072019577,0.013363361358642578,0.6946496963500977,0.6992310881614685,0.3311663269996643,0.00458139181137085,-0.997333288192749,-1.0,-0.7336814403533936,0.0026667118072509766
132,early_20pct,42,27313,212,0.025462426245212555,0.05159798264503479,0.05091866850852966,0.9956974983215332,1.0,0.004302501678466797,True,1.0,True,0.03999999910593033,0.039999544620513916,-0.07399088144302368,-0.07725008577108383,-0.7029510736465454,0.00325920432806015,0.035393211990594864,0.038135189563035965,-0.14132511615753174,0.002741977572441101,-0.2016924023628235,-0.20089782774448395,-0.5256826281547546,0.0007945746183395386,-2.4473695755004883,-2.446396827697754,0.18896248936653137,0.000972747802734375,0.033316414803266525,0.03566037863492966,-0.2875552177429199,0.0023439638316631317,2.475721836090088,2.4823873043060303,-0.5096471905708313,0.006665468215942383,0.4638001620769501,0.5147188305854797,-0.1788209080696106,0.05091866850852966,0.9956974983215332,1.0,1.3533159494400024,0.004302501678466797
132,mid_50pct,106,27377,212,0.025462426245212555,0.01946965791285038,0.01147221028804779,-0.9926674365997314,-1.0,0.007332563400268555,True,-1.0,True,0.019927944988012314,0.020354384556412697,-0.1471618264913559,-0.14728254079818726,-1.1763570308685303,0.00012071430683135986,0.24308240413665771,0.23161019384860992,0.8110369443893433,0.01147221028804779,-0.11902372539043427,-0.1204196885228157,0.02230452001094818,0.0013959631323814392,-2.4376988410949707,-2.4373276233673096,0.2360609620809555,0.0003712177276611328,0.04891575872898102,0.04482181370258331,-0.2137155532836914,0.004093945026397705,2.6624579429626465,2.6513798236846924,0.2662748098373413,0.011078119277954102,0.11255714297294617,0.12284644693136215,-0.9547783732414246,0.010289303958415985,-0.9926674365997314,-1.0,-0.7287956476211548,0.007332563400268555
132,late_80pct,169,27440,212,0.025462426245212555,0.027984464541077614,0.017248690128326416,-0.9727892875671387,-1.0,0.027210712432861328,True,-1.0,True,0.019893847405910492,0.02039121277630329,0.0928601622581482,0.08509361743927002,0.3765522539615631,0.007766544818878174,0.17402131855487823,0.15677262842655182,0.4943562150001526,0.017248690128326416,0.07868699729442596,0.06896347552537918,1.3328725099563599,0.009723521769046783,-2.1017367839813232,-2.116112470626831,1.8722991943359375,0.014375686645507812,-0.017798185348510742,-0.012487045489251614,-0.5295066833496094,0.005311139859259129,2.2485525608062744,2.251211166381836,-1.4535762071609497,0.0026586055755615234,0.5930514931678772,0.5836275815963745,0.10671801120042801,0.009423911571502686,-0.9727892875671387,-1.0,-0.7079802751541138,0.027210712432861328
133,early_20pct,40,27523,203,0.025462426245212555,0.019268417730927467,0.012240290641784668,1.0079736709594727,1.0,0.007973670959472656,True,1.0,True,0.03999999910593033,0.039999328553676605,-0.03996609151363373,-0.03751278668642044,-0.48281532526016235,0.0024533048272132874,-0.15198460221290588,-0.1474362015724182,-1.0005489587783813,0.004548400640487671,-0.1785557121038437,-0.1698666512966156,-0.37231603264808655,0.008689060807228088,-2.634845018386841,-2.633007049560547,-0.7241005897521973,0.0018379688262939453,-0.01661357283592224,-0.018061429262161255,-0.5238993167877197,0.0014478564262390137,2.5192031860351562,2.529869318008423,-0.32897382974624634,0.010666131973266602,0.5412807464599609,0.5535210371017456,-0.007652617990970612,0.012240290641784668,1.0079736709594727,1.0,1.3661710023880005,0.007973670959472656
133,mid_50pct,101,27584,203,0.022291868925094604,0.07021564990282059,0.04315829277038574,-1.0069477558135986,-1.0,0.006947755813598633,True,-1.0,True,0.019817572087049484,0.02044978179037571,-0.1216597855091095,-0.1057962030172348,-1.0113623142242432,0.015863582491874695,0.29483646154403687,0.25877845287323,1.0483559370040894,0.036058008670806885,-0.04951665550470352,-0.06761761009693146,0.4830470681190491,0.018100954592227936,-2.615002155303955,-2.6165382862091064,-0.627459704875946,0.0015361309051513672,0.1918548345565796,0.18514476716518402,0.4628880023956299,0.006710067391395569,2.9528706073760986,2.909712314605713,1.472990870475769,0.04315829277038574,0.21744152903556824,0.251216322183609,-0.7230703830718994,0.03377479314804077,-1.0069477558135986,-1.0,-0.74374920129776,0.006947755813598633
133,late_80pct,162,27645,203,0.022291868925094604,0.06328921020030975,0.04590940475463867,-0.9989537000656128,-1.0,0.001046299934387207,True,-1.0,True,0.019913768395781517,0.020358826965093613,0.10547742247581482,0.10704613476991653,0.45818421244621277,0.001568712294101715,0.014645412564277649,0.05008585751056671,-0.2364644706249237,0.03544044494628906,0.09953539073467255,0.10340984910726547,1.4710705280303955,0.003874458372592926,-2.2836410999298096,-2.237731695175171,0.9863699078559875,0.04590940475463867,0.018293939530849457,0.01145698968321085,-0.35866424441337585,0.006836949847638607,2.326964855194092,2.319972038269043,-1.1277588605880737,0.006992816925048828,0.7768022418022156,0.799795925617218,0.5126556158065796,0.02299368381500244,-0.9989537000656128,-1.0,-0.7353782653808594,0.001046299934387207
134,early_20pct,40,27726,199,0.022291868925094604,0.04153866320848465,0.033332884311676025,1.0256359577178955,1.0,0.025635957717895508,True,1.0,True,0.03999999910593033,0.039998993277549744,-0.06340043246746063,-0.056580159813165665,-0.634432315826416,0.006820272654294968,0.02545890212059021,0.03002021089196205,-0.18687903881072998,0.004561308771371841,-0.22997301816940308,-0.22699789702892303,-0.7131466865539551,0.0029751211404800415,-2.442389488220215,-2.4537816047668457,0.21321681141853333,0.01139211654663086,0.04386276751756668,0.046518366783857346,-0.23763394355773926,0.0026555992662906647,2.4641926288604736,2.484226942062378,-0.5575528144836426,0.020034313201904297,0.4941686987876892,0.4608358144760132,-0.11173145473003387,0.033332884311676025,1.0256359577178955,1.0,1.3846659660339355,0.025635957717895508
134,mid_50pct,99,27785,199,0.022291868925094604,0.07169734686613083,0.04707455635070801,-1.0218838453292847,-1.0,0.021883845329284668,True,-1.0,True,0.02014012821018696,0.02071082778275013,-0.08234269171953201,-0.07508507370948792,-0.756986141204834,0.007257618010044098,0.37965211272239685,0.34006065130233765,1.437279462814331,0.039591461420059204,-0.17081594467163086,-0.18543003499507904,-0.32101136445999146,0.014614090323448181,-2.421704053878784,-2.4222049713134766,0.3139611482620239,0.0005009174346923828,0.28358834981918335,0.2573295533657074,0.8971095681190491,0.026258796453475952,2.7797598838806152,2.7326853275299072,0.7536855936050415,0.04707455635070801,0.49097150564193726,0.5109962821006775,-0.11879462748765945,0.020024776458740234,-1.0218838453292847,-1.0,-0.7593894600868225,0.021883845329284668
134,late_80pct,158,27844,199,0.022291868925094604,0.07272302359342575,0.048999786376953125,-1.009268879890442,-1.0,0.009268879890441895,True,-1.0,True,0.020191814750432968,0.020667143166065216,0.21618273854255676,0.21991507709026337,1.174432396888733,0.003732338547706604,0.19152241945266724,0.19706882536411285,0.5746078491210938,0.005546405911445618,-0.052700869739055634,-0.03505316376686096,0.46193981170654297,0.01764770597219467,-2.054318904876709,-2.005319118499756,2.103238344192505,0.048999786376953125,0.07078570127487183,0.06552647054195404,-0.11019395291805267,0.005259230732917786,2.2386257648468018,2.190962314605713,-1.494823932647705,0.04766345024108887,1.1321799755096436,1.1474134922027588,1.2977474927902222,0.015233516693115234,-1.009268879890442,-1.0,-0.7461796998977661,0.009268879890441895
135,early_20pct,41,27926,207,0.022291868925094604,0.03265881910920143,0.02166748046875,1.0047328472137451,1.0,0.004732847213745117,True,1.0,True,0.03999999910593033,0.0399990975856781,-0.035120099782943726,-0.029352471232414246,-0.45146244764328003,0.00576762855052948,0.008264124393463135,0.027086716145277023,-0.2657259702682495,0.01882259175181389,-0.21950846910476685,-0.21121421456336975,-0.6437802314758301,0.008294254541397095,-2.468742609024048,-2.4727442264556885,0.0848689079284668,0.004001617431640625,0.08015216886997223,0.08233105391263962,-0.06585769355297089,0.002178885042667389,2.5344858169555664,2.5561532974243164,-0.2654723823070526,0.02166748046875,0.372292697429657,0.3832475244998932,-0.38097697496414185,0.010954827070236206,1.0047328472137451,1.0,1.3627773523330688,0.004732847213745117
135,mid_50pct,103,27988,207,0.022291868925094604,0.029050396755337715,0.020948410034179688,-1.0017491579055786,-1.0,0.0017491579055786133,True,-1.0,True,0.01987277902662754,0.020371634513139725,-0.1365707814693451,-0.13875308632850647,-1.1078344583511353,0.002182304859161377,0.2898378372192383,0.30475616455078125,1.0254347324371338,0.014918327331542969,-0.08053606003522873,-0.0791710764169693,0.2774282693862915,0.00136498361825943,-2.4469733238220215,-2.4507052898406982,0.19089220464229584,0.003731966018676758,0.1878361999988556,0.19513311982154846,0.4438657760620117,0.007296919822692871,2.7675788402557373,2.788527250289917,0.7030707597732544,0.020948410034179688,-0.06165522336959839,-0.0512276217341423,-1.3396440744400024,0.010427601635456085,-1.0017491579055786,-1.0,-0.7383054494857788,0.0017491579055786133
135,late_80pct,165,28050,207,0.022291868925094604,0.05072791129350662,0.0375514030456543,-0.998745322227478,-1.0,0.0012546777725219727,True,-1.0,True,0.019889766350388527,0.02035440132021904,0.1565275490283966,0.165563702583313,0.7884715795516968,0.009036153554916382,0.25037479400634766,0.2260122001171112,0.8444762229919434,0.02436259388923645,0.08200989663600922,0.09190571308135986,1.3548990488052368,0.009895816445350647,-2.0558364391326904,-2.0389530658721924,2.0958478450775146,0.016883373260498047,0.0035997405648231506,0.003313938621431589,-0.42821937799453735,0.0002858019433915615,2.3494961261749268,2.3119447231292725,-1.0341377258300781,0.0375514030456543,0.5829211473464966,0.5931665301322937,0.08433821052312851,0.01024538278579712,-0.998745322227478,-1.0,-0.7351599931716919,0.0012546777725219727
136,early_20pct,42,28134,211,0.023174528032541275,0.05859111249446869,0.05308210849761963,0.9897351264953613,1.0,0.010264873504638672,True,1.0,True,0.03999999910593033,0.0399991050362587,-0.11190131306648254,-0.09394580870866776,-0.9482263326644897,0.01795550435781479,-0.22420182824134827,-0.21001943945884705,-1.3317021131515503,0.01418238878250122,-0.3252400755882263,-0.32398658990859985,-1.3446447849273682,0.0012534856796264648,-2.774806261062622,-2.7741918563842773,-1.405754804611206,0.0006144046783447266,-0.05631360411643982,-0.04808211699128151,-0.7118198275566101,0.00823148712515831,2.638899326324463,2.643585681915283,0.1683846414089203,0.0046863555908203125,0.4674263894557953,0.41434428095817566,-0.17080993950366974,0.05308210849761963,0.9897351264953613,1.0,1.3470724821090698,0.010264873504638672
136,mid_50pct,105,28197,211,0.023174528032541275,0.13103052973747253,0.0845140814781189,-0.9891493320465088,-1.0,0.010850667953491211,True,-1.0,True,0.020245905965566635,0.02064182423055172,0.28494560718536377,0.25879257917404175,1.6193188428878784,0.02615302801132202,0.06354976445436478,0.10600034147500992,-0.012212790548801422,0.04245057702064514,-0.6702437996864319,-0.585729718208313,-3.6315762996673584,0.0845140814781189,-2.80167293548584,-2.782104969024658,-1.5366034507751465,0.01956796646118164,0.15654900670051575,0.23126907646656036,0.29576748609542847,0.07472006976604462,2.95210862159729,2.9672443866729736,1.469825267791748,0.015135765075683594,0.7043735384941101,0.6676958799362183,0.35264790058135986,0.036677658557891846,-0.9891493320465088,-1.0,-0.7251116037368774,0.010850667953491211
136,late_80pct,168,28260,211,0.023174528032541275,0.04363757371902466,0.028344959020614624,-0.9801021814346313,-1.0,0.019897818565368652,True,-1.0,True,0.02018999308347702,0.02070273645222187,0.5302447080612183,0.5233777165412903,3.2063701152801514,0.0068669915199279785,0.11882494390010834,0.09047998487949371,0.2412523627281189,0.028344959020614624,-0.24629846215248108,-0.23133030533790588,-0.8213633894920349,0.014968156814575195,-2.2161378860473633,-2.2390894889831543,1.3151315450668335,0.022951602935791016,-0.0728609710931778,-0.08008892089128494,-0.7901469469070435,0.007227949798107147,2.402806520462036,2.392894983291626,-0.812623143196106,0.009911537170410156,1.550492286682129,1.5628349781036377,2.2218728065490723,0.012342691421508789,-0.9801021814346313,-1.0,-0.7156379222869873,0.019897818565368652
137,early_20pct,41,28344,205,0.023174528032541275,0.025511978194117546,0.02008533477783203,0.985791802406311,1.0,0.014208197593688965,True,1.0,True,0.03999999910593033,0.03999927639961243,-0.038991183042526245,-0.03223699331283569,-0.4765078127384186,0.006754189729690552,0.008802182972431183,0.013135072775185108,-0.263258695602417,0.004332889802753925,-0.18931987881660461,-0.18421855568885803,-0.4436687231063843,0.005101323127746582,-2.4469356536865234,-2.4585447311401367,0.19107583165168762,0.011609077453613281,0.043025530874729156,0.044150274246931076,-0.2415970116853714,0.0011247433722019196,2.503875494003296,2.523960828781128,-0.3926636874675751,0.02008533477783203,0.5211390256881714,0.5165577530860901,-0.052149344235658646,0.004581272602081299,0.985791802406311,1.0,1.3429433107376099,0.014208197593688965
137,mid_50pct,102,28405,205,0.023174528032541275,0.036728374660015106,0.025718748569488525,-1.009028434753418,-1.0,0.009028434753417969,True,-1.0,True,0.020067373290657997,0.02040088176727295,-0.034741029143333435,-0.03253903239965439,-0.44900989532470703,0.0022019967436790466,0.3670746386051178,0.3413558900356293,1.3796052932739258,0.025718748569488525,-0.1460164189338684,-0.15052475035190582,-0.15662236511707306,0.0045083314180374146,-2.439377784729004,-2.439255714416504,0.22788405418395996,0.0001220703125,0.2706400752067566,0.2585074305534363,0.8358186483383179,0.012132644653320312,2.8670358657836914,2.8499374389648438,1.1163326501846313,0.017098426818847656,0.6046241521835327,0.5896985530853271,0.1322839856147766,0.014925599098205566,-1.009028434753418,-1.0,-0.7459279894828796,0.009028434753417969
137,late_80pct,163,28466,205,0.023174528032541275,0.01719791442155838,0.01242971420288086,-1.0152335166931152,-1.0,0.015233516693115234,True,-1.0,True,0.020013514906167984,0.020458323881030083,0.2250652015209198,0.22724656760692596,1.231900691986084,0.0021813660860061646,0.12395459413528442,0.11731170117855072,0.26477447152137756,0.006642892956733704,-0.07390549778938293,-0.06637360900640488,0.3213803768157959,0.007531888782978058,-2.144395112991333,-2.1493759155273438,1.664540410041809,0.004980802536010742,0.013288013637065887,0.010340949520468712,-0.3823598325252533,0.0029470641165971756,2.335787534713745,2.3372576236724854,-1.091099500656128,0.0014700889587402344,1.153139352798462,1.1655690670013428,1.3440505266189575,0.01242971420288086,-1.0152335166931152,-1.0,-0.7524256706237793,0.015233516693115234
138,early_20pct,42,28550,210,0.023174528032541275,0.040834661573171616,0.028008460998535156,1.0027567148208618,1.0,0.0027567148208618164,True,1.0,True,0.03999999910593033,0.03999939188361168,-0.0616244301199913,-0.053608488291502,-0.622941792011261,0.008015941828489304,-0.22055664658546448,-0.19974921643733978,-1.3149871826171875,0.020807430148124695,-0.2382323145866394,-0.2307564616203308,-0.7678952813148499,0.007475852966308594,-2.7638235092163086,-2.7645695209503174,-1.3522648811340332,0.0007460117340087891,-0.06945335865020752,-0.06843546777963638,-0.7740169763565063,0.0010178908705711365,2.553743600845337,2.581752061843872,-0.18545234203338623,0.028008460998535156,0.5438411831855774,0.5619605183601379,-0.001996224746108055,0.018119335174560547,1.0027567148208618,1.0,1.3607079982757568,0.0027567148208618164
138,mid_50pct,104,28612,210,0.023174528032541275,0.1633872240781784,0.10025328397750854,-1.0057917833328247,-1.0,0.005791783332824707,True,-1.0,True,0.020446425303816795,0.020765867084264755,0.02353721857070923,0.04776707664132118,-0.07195764034986496,0.024229858070611954,0.18956556916236877,0.09465127438306808,0.5656346082687378,0.09491429477930069,-0.2481483817100525,-0.29124337434768677,-0.8336260318756104,0.04309499263763428,-2.74198579788208,-2.75903058052063,-1.2459083795547485,0.017044782638549805,0.25180360674858093,0.1515503227710724,0.746656060218811,0.10025328397750854,2.9225058555603027,2.8600194454193115,1.3468196392059326,0.06248641014099121,0.7597883939743042,0.7913573980331421,0.4750690758228302,0.03156900405883789,-1.0057917833328247,-1.0,-0.7425387501716614,0.005791783332824707
138,late_80pct,167,28675,210,0.027572035789489746,0.0283125601708889,0.01983797550201416,-1.005292296409607,-1.0,0.005292296409606934,True,-1.0,True,0.020360825583338737,0.020859019830822945,0.23176194727420807,0.2165340781211853,1.2752277851104736,0.015227869153022766,0.036079421639442444,0.03668101131916046,-0.1381784975528717,0.0006015896797180176,-0.03799757361412048,-0.04625570401549339,0.5594037771224976,0.00825813040137291,-2.271466016769409,-2.270524501800537,1.0456658601760864,0.0009415149688720703,0.027447998523712158,0.01723942533135414,-0.31533342599868774,0.010208573192358017,2.3179352283477783,2.319518804550171,-1.1652783155441284,0.0015835762023925781,1.3566392660140991,1.336801290512085,1.7936174869537354,0.01983797550201416,-1.005292296409607,-1.0,-0.7420156598091125,0.005292296409606934
139,early_20pct,40,28758,201,0.027572035789489746,0.02594929188489914,0.020190000534057617,0.9952863454818726,1.0,0.004713654518127441,True,1.0,True,0.03999999910593033,0.039998650550842285,-0.038979947566986084,-0.03512671962380409,-0.476435124874115,0.0038532279431819916,-0.07414854317903519,-0.06344856321811676,-0.6436305046081543,0.010699979960918427,-0.2596184015274048,-0.24993450939655304,-0.9096574783325195,0.009683892130851746,-2.5819013118743896,-2.5860416889190674,-0.46624886989593506,0.004140377044677734,0.03007250279188156,0.025540471076965332,-0.30291029810905457,0.004532031714916229,2.5868890285491943,2.607079029083252,-0.0477273091673851,0.020190000534057617,0.3845759332180023,0.3867969512939453,-0.3538411259651184,0.002221018075942993,0.9952863454818726,1.0,1.3528854846954346,0.004713654518127441
139,mid_50pct,100,28818,201,0.027572035789489746,0.08615599572658539,0.04750410094857216,-0.9988552331924438,-1.0,0.0011447668075561523,True,-1.0,True,0.020060257986187935,0.02054780349135399,-0.16820868849754333,-0.1444481909275055,-1.3125272989273071,0.023760497570037842,0.2968880236148834,0.25585269927978516,1.0577634572982788,0.04103532433509827,-0.06765685975551605,-0.09661766141653061,0.36280080676078796,0.028960801661014557,-2.557102680206299,-2.557863473892212,-0.34547144174575806,0.0007607936859130859,0.3321055769920349,0.3001696467399597,1.1267662048339844,0.031935930252075195,2.913756847381592,2.8812215328216553,1.3104661703109741,0.03253531455993652,-0.03726470470428467,0.010239397175610065,-1.2857611179351807,0.04750410094857216,-0.9988552331924438,-1.0,-0.7352750897407532,0.0011447668075561523
139,late_80pct,160,28878,201,0.027572035789489746,0.04043113812804222,0.03806394338607788,-0.9840985536575317,-1.0,0.01590144634246826,True,-1.0,True,0.020084938034415245,0.0205218568444252,0.1387656331062317,0.14650267362594604,0.6735544204711914,0.0077370405197143555,0.13668100535869598,0.13936369121074677,0.32313165068626404,0.0026826858520507812,0.09734562039375305,0.10254000872373581,1.4565552473068237,0.005194388329982758,-2.1630470752716064,-2.1549582481384277,1.5736994743347168,0.008088827133178711,0.0019369199872016907,-0.002537369728088379,-0.436090350151062,0.00447428971529007,2.3828325271606445,2.3803176879882812,-0.8956186771392822,0.0025148391723632812,0.7444804906845093,0.7825444340705872,0.4412512481212616,0.03806394338607788,-0.9840985536575317,-1.0,-0.7198227047920227,0.01590144634246826
140,early_20pct,40,28959,201,0.027572035789489746,0.07750537246465683,0.04883742332458496,0.9703575372695923,1.0,0.029642462730407715,True,1.0,True,0.03999999910593033,0.03999893739819527,-0.01314568892121315,0.0027456043753772974,-0.3092910051345825,0.015891293063759804,-0.30874520540237427,-0.2611624598503113,-1.7193771600723267,0.04758274555206299,-0.2169899344444275,-0.2281763106584549,-0.6270855665206909,0.011186376214027405,-2.852282762527466,-2.853774070739746,-1.7830889225006104,0.0014913082122802734,-0.0037464872002601624,-0.00225629098713398,-0.4629928171634674,0.0014901962131261826,2.722642421722412,2.7538795471191406,0.5163524746894836,0.031237125396728516,0.5793433785438538,0.5305059552192688,0.07643437385559082,0.04883742332458496,0.9703575372695923,1.0,1.3267812728881836,0.029642462730407715
140,mid_50pct,100,29019,201,0.027572035789489746,0.40905725955963135,0.2806132435798645,-1.0130950212478638,-1.0,0.01309502124786377,True,-1.0,True,0.0199601911008358,0.02052347920835018,-0.12143395841121674,-0.04554812237620354,-1.0099012851715088,0.0758858323097229,0.23247665166854858,0.12601923942565918,0.7624040246009827,0.1064574122428894,0.08869239687919617,-0.009877931326627731,1.3991954326629639,0.0985703319311142,-2.6906216144561768,-2.7652578353881836,-0.9957501888275146,0.07463622093200684,1.1298675537109375,0.8983682990074158,4.902980804443359,0.23149925470352173,3.065115451812744,3.0139918327331543,1.9393888711929321,0.051123619079589844,-0.692074716091156,-0.4114614725112915,-2.732351541519165,0.2806132435798645,-1.0130950212478638,-1.0,-0.7501863241195679,0.01309502124786377
140,late_80pct,160,29079,201,0.027572035789489746,0.029426386579871178,0.02135656028985977,-1.0124508142471313,-1.0,0.012450814247131348,True,-1.0,True,0.020057404413819313,0.02041688933968544,-0.03736028075218201,-0.03088577836751938,-0.4659561216831207,0.006474502384662628,-0.07414755970239639,-0.09550411999225616,-0.6436260342597961,0.02135656028985977,0.23680688440799713,0.23650722205638885,2.3810040950775146,0.00029966235160827637,-2.460966110229492,-2.4682974815368652,0.12274327874183655,0.007331371307373047,0.13924863934516907,0.1393551230430603,0.21387606859207153,0.00010648369789123535,2.5668554306030273,2.5553970336914062,-0.13097107410430908,0.011458396911621094,0.6102463006973267,0.6237646341323853,0.14470432698726654,0.013518333435058594,-1.0124508142471313,-1.0,-0.74951171875,0.012450814247131348
141,early_20pct,41,29161,206,0.027572035789489746,0.07441620528697968,0.06339007616043091,0.9823026657104492,1.0,0.01769733428955078,True,1.0,True,0.03999999910593033,0.03999979421496391,-0.0200837142765522,-0.010902642272412777,-0.3541790843009949,0.009181072004139423,-0.34510093927383423,-0.3175140917301178,-1.8860869407653809,0.02758684754371643,-0.17590272426605225,-0.1589461714029312,-0.3547302186489105,0.016956552863121033,-2.82674241065979,-2.8266184329986572,-1.6586999893188477,0.0001239776611328125,-0.04389321804046631,-0.03528902679681778,-0.6530277729034424,0.008604191243648529,2.4840381145477295,2.5017178058624268,-0.4750913381576538,0.017679691314697266,0.604190468788147,0.6675805449485779,0.13132594525814056,0.06339007616043091,0.9823026657104492,1.0,1.339289665222168,0.01769733428955078
141,mid_50pct,102,29222,206,0.015514358878135681,0.12118849158287048,0.05985283851623535,-1.0200705528259277,-1.0,0.020070552825927734,True,-1.0,True,0.020080065354704857,0.020569605752825737,-0.05656333267688751,-0.029359739273786545,-0.5901972055435181,0.027203593403100967,0.17068243026733398,0.11082959175109863,0.47904568910598755,0.05985283851623535,-0.039603084325790405,-0.07616482675075531,0.5487613081932068,0.036561742424964905,-2.8128609657287598,-2.8236937522888184,-1.591092824935913,0.010832786560058594,0.2900969386100769,0.23847442865371704,0.9279178977012634,0.05162250995635986,2.9932353496551514,2.9393386840820312,1.6407140493392944,0.05389666557312012,0.04049414396286011,0.09829039871692657,-1.1139781475067139,0.05779625475406647,-1.0200705528259277,-1.0,-0.7574907541275024,0.020070552825927734
141,late_80pct,164,29284,206,0.015514358878135681,0.06384582072496414,0.045575857162475586,-0.9943017959594727,-1.0,0.005698204040527344,True,-1.0,True,0.020102091133594513,0.020548230037093163,0.085569366812706,0.08763210475444794,0.3293818533420563,0.0020627379417419434,0.055961109697818756,0.09690053761005402,-0.04701070487499237,0.04093942791223526,0.08320975303649902,0.0859946757555008,1.3628525733947754,0.00278492271900177,-2.2256345748901367,-2.180058717727661,1.2688788175582886,0.045575857162475586,0.047401055693626404,0.03888493776321411,-0.22088542580604553,0.008516117930412292,2.2940545082092285,2.287407398223877,-1.2645071744918823,0.0066471099853515625,0.56903076171875,0.5829725861549377,0.05365200340747833,0.013941824436187744,-0.9943017959594727,-1.0,-0.730506956577301,0.005698204040527344
142,early_20pct,42,29368,210,0.015514358878135681,0.006157382391393185,0.004644483327865601,0.9817390441894531,1.0,0.018260955810546875,True,1.0,True,0.03999999910593033,0.03999878093600273,-0.12484346330165863,-0.12596026062965393,-1.0319602489471436,0.0011167973279953003,-0.19027549028396606,-0.19106009602546692,-1.1761324405670166,0.0007846057415008545,-0.35024845600128174,-0.34993457794189453,-1.510418176651001,0.00031387805938720703,-2.7376976013183594,-2.740379571914673,-1.225023627281189,0.0026819705963134766,-0.046346426010131836,-0.04784438759088516,-0.6646400690078735,0.0014979615807533264,2.5686261653900146,2.570849657058716,-0.12361333519220352,0.002223491668701172,0.3481386601924896,0.3527831435203552,-0.43433746695518494,0.004644483327865601,0.9817390441894531,1.0,1.338699460029602,0.018260955810546875
142,mid_50pct,104,29430,210,0.015514358878135681,0.03536142781376839,0.02536100149154663,-0.9872837066650391,-1.0,0.012716293334960938,True,-1.0,True,0.020133022218942642,0.0205420833081007,-0.03726670891046524,-0.04457298666238785,-0.4653507173061371,0.007306277751922607,0.05321277305483818,0.05444894731044769,-0.05961323529481888,0.0012361742556095123,-0.3866227865219116,-0.3866202235221863,-1.7515333890914917,2.562999725341797e-06,-2.7476911544799805,-2.754647731781006,-1.2736952304840088,0.006956577301025391,0.20783445239067078,0.1913783699274063,0.5385276079177856,0.016456082463264465,2.8134849071502686,2.82875394821167,0.8938186764717102,0.015269041061401367,0.31760960817337036,0.29224860668182373,-0.5017815232276917,0.02536100149154663,-0.9872837066650391,-1.0,-0.7231580018997192,0.012716293334960938
142,late_80pct,167,29493,210,0.015514358878135681,0.018817046657204628,0.013560652732849121,-1.0044221878051758,-1.0,0.004422187805175781,True,-1.0,True,0.020118359476327896,0.020557843148708344,0.21007871627807617,0.20792198181152344,1.134940266609192,0.0021567344665527344,0.11600646376609802,0.1143183782696724,0.22832819819450378,0.0016880854964256287,0.008438929915428162,0.00907910242676735,0.8672181367874146,0.0006401725113391876,-2.233933925628662,-2.2452876567840576,1.228459358215332,0.011353731155395508,0.02178560197353363,0.02171522006392479,-0.3421364426612854,7.038190960884094e-05,2.397777557373047,2.4035539627075195,-0.8335191607475281,0.005776405334472656,1.0862836837768555,1.0998443365097046,1.1963543891906738,0.013560652732849121,-1.0044221878051758,-1.0,-0.7411045432090759,0.004422187805175781
143,early_20pct,41,29577,204,0.015514358878135681,0.026430778205394745,0.01933392882347107,1.0041675567626953,1.0,0.0041675567626953125,True,1.0,True,0.03999999910593033,0.03999884054064751,-0.04781166464090347,-0.04652814194560051,-0.5335751175880432,0.0012835226953029633,-0.11624429374933243,-0.11168400943279266,-0.8366612792015076,0.004560284316539764,-0.26296311616897583,-0.25790083408355713,-0.9318287372589111,0.005062282085418701,-2.648851156234741,-2.6551945209503174,-0.7923150062561035,0.006343364715576172,-0.0279633030295372,-0.029313668608665466,-0.5776233673095703,0.0013503655791282654,2.589755058288574,2.6050734519958496,-0.03581860661506653,0.01531839370727539,0.4033314287662506,0.4226653575897217,-0.3124069273471832,0.01933392882347107,1.0041675567626953,1.0,1.3621853590011597,0.0041675567626953125
143,mid_50pct,102,29638,204,0.015514358878135681,0.043739959597587585,0.029650747776031494,-1.0035064220428467,-1.0,0.0035064220428466797,True,-1.0,True,0.020175373181700706,0.020620577037334442,-0.0370226725935936,-0.03335120528936386,-0.4637718200683594,0.0036714673042297363,0.20930081605911255,0.17965006828308105,0.6561309695243835,0.029650747776031494,-0.22811190783977509,-0.23328588902950287,-0.7008099555969238,0.005173981189727783,-2.653812885284424,-2.6531662940979004,-0.8164796233177185,0.0006465911865234375,0.16266632080078125,0.1470477133989334,0.32472383975982666,0.01561860740184784,2.9086833000183105,2.887498378753662,1.2893848419189453,0.021184921264648438,0.22419461607933044,0.24153265357017517,-0.708151638507843,0.017338037490844727,-1.0035064220428467,-1.0,-0.7401455640792847,0.0035064220428466797
143,late_80pct,162,29698,204,0.015514358878135681,0.06422285735607147,0.04681205749511719,-1.0017696619033813,-1.0,0.0017696619033813477,True,-1.0,True,0.02015586383640766,0.020641738548874855,0.24676699936389923,0.24954676628112793,1.372308373451233,0.0027797669172286987,0.17015571892261505,0.17067521810531616,0.47663044929504395,0.0005194991827011108,0.016964957118034363,0.02054578810930252,0.9237346649169922,0.003580830991268158,-2.1430611610412598,-2.0962491035461426,1.6710366010665894,0.04681205749511719,-0.0509616881608963,-0.049661874771118164,-0.6864864230155945,0.0012998133897781372,2.3487205505371094,2.310746431350708,-1.0373597145080566,0.03797411918640137,0.9212898015975952,0.9429384469985962,0.8318541049957275,0.021648645401000977,-1.0017696619033813,-1.0,-0.7383269667625427,0.0017696619033813477
144,early_20pct,41,29781,205,0.01593967154622078,0.02699996531009674,0.016525208950042725,1.0107078552246094,1.0,0.010707855224609375,True,1.0,True,0.03999999910593033,0.039998795837163925,-0.023303188383579254,-0.015463845804333687,-0.37500864267349243,0.007839342579245567,0.04531511664390564,0.040849052369594574,-0.09582805633544922,0.004466064274311066,-0.27254050970077515,-0.26504427194595337,-0.9953145384788513,0.007496237754821777,-2.464761972427368,-2.462400197982788,0.10425536334514618,0.002361774444580078,0.11742512881755829,0.10431603342294693,0.11057420819997787,0.013109095394611359,2.5547173023223877,2.5428473949432373,-0.181406632065773,0.01186990737915039,0.3727988600730896,0.3893240690231323,-0.3798587918281555,0.016525208950042725,1.0107078552246094,1.0,1.3690340518951416,0.010707855224609375
144,mid_50pct,102,29842,205,0.01593967154622078,0.007294542621821165,0.005711793899536133,-1.0049997568130493,-1.0,0.004999756813049316,True,-1.0,True,0.020136315375566483,0.02059089206159115,-0.13654489815235138,-0.13420431315898895,-1.1076669692993164,0.0023405849933624268,0.2947138845920563,0.2923027575016022,1.0477938652038574,0.0024111270904541016,-0.1225161924958229,-0.12157052755355835,-0.0008460730314254761,0.0009456649422645569,-2.4387354850769043,-2.43999981880188,0.2310127168893814,0.001264333724975586,0.3084930181503296,0.3071492314338684,1.01499605178833,0.0013437867164611816,2.734686851501465,2.740398645401001,0.5663982629776001,0.005711793899536133,0.0016515254974365234,-0.0005834922194480896,-1.1997883319854736,0.002235017716884613,-1.0049997568130493,-1.0,-0.7417094111442566,0.004999756813049316
144,late_80pct,163,29903,205,0.01593967154622078,0.047648072242736816,0.0350041389465332,-0.9994223117828369,-1.0,0.0005776882171630859,True,-1.0,True,0.02014499343931675,0.020581306889653206,0.13604357838630676,0.1305076628923416,0.6559430360794067,0.005535915493965149,0.08624066412448883,0.09597933292388916,0.09183664619922638,0.00973866879940033,0.05565193295478821,0.055918242782354355,1.1801795959472656,0.00026630982756614685,-2.2387900352478027,-2.2037858963012695,1.2048084735870361,0.0350041389465332,0.08978094905614853,0.0858721137046814,-0.020279783755540848,0.003908835351467133,2.3792574405670166,2.350539445877075,-0.9104742407798767,0.028717994689941406,0.6476185917854309,0.6565341949462891,0.22726623713970184,0.008915603160858154,-0.9994223117828369,-1.0,-0.7358689904212952,0.0005776882171630859
145,early_20pct,41,29986,207,0.01593967154622078,0.03818897157907486,0.03502202033996582,0.9840755462646484,1.0,0.015924453735351562,True,1.0,True,0.03999999910593033,0.03999984636902809,-0.03676997125148773,-0.033555299043655396,-0.4621368646621704,0.0032146722078323364,-0.34856730699539185,-0.33607617020606995,-1.901982069015503,0.0124911367893219,-0.19566744565963745,-0.1899980753660202,-0.485744833946228,0.0056693702936172485,-2.8726415634155273,-2.8677799701690674,-1.8822427988052368,0.004861593246459961,-0.030033841729164124,-0.033109135925769806,-0.5874242782592773,0.0030752941966056824,2.6078763008117676,2.607367753982544,0.03947839140892029,0.0005085468292236328,0.6225847005844116,0.6576067209243774,0.17196202278137207,0.03502202033996582,0.9840755462646484,1.0,1.3411461114883423,0.015924453735351562
145,mid_50pct,103,30048,207,0.01593967154622078,0.3063206374645233,0.18997743725776672,-0.9956929683685303,-1.0,0.0043070316314697266,True,-1.0,True,0.020523250102996826,0.02089785784482956,0.06638507544994354,0.1671345829963684,0.20526209473609924,0.10074950754642487,0.21053487062454224,0.11628389358520508,0.6617897152900696,0.09425097703933716,-0.12220636755228043,-0.2606002688407898,0.0012076590210199356,0.13839390873908997,-2.809539318084717,-2.847841501235962,-1.5749155282974243,0.03830218315124512,0.6504639387130737,0.460486501455307,2.633718729019165,0.18997743725776672,3.0906589031219482,3.0323050022125244,2.0455257892608643,0.05835390090942383,0.6060835719108582,0.7272531986236572,0.13550810515880585,0.12116962671279907,-0.9956929683685303,-1.0,-0.7319638133049011,0.0043070316314697266
145,late_80pct,165,30110,207,0.01593967154622078,0.03548934683203697,0.02407693862915039,-1.0008623600006104,-1.0,0.0008623600006103516,True,-1.0,True,0.02046397514641285,0.020960917696356773,0.32468146085739136,0.3146723210811615,1.8764041662216187,0.010009139776229858,0.15905676782131195,0.14499348402023315,0.42573603987693787,0.014063283801078796,-0.12037058919668198,-0.12223031371831894,0.013376519083976746,0.0018597245216369629,-2.156622886657715,-2.139742851257324,1.6049869060516357,0.016880035400390625,0.013512469828128815,0.019756481051445007,-0.38129737973213196,0.006244011223316193,2.3839049339294434,2.359827995300293,-0.8911623358726501,0.02407693862915039,1.44746994972229,1.4548492431640625,1.9942784309387207,0.007379293441772461,-1.0008623600006104,-1.0,-0.737376868724823,0.0008623600006103516
146,early_20pct,41,30193,207,0.01593967154622078,0.026526544243097305,0.01487874984741211,0.9909799098968506,1.0,0.009020090103149414,True,1.0,True,0.03999999910593033,0.03999921679496765,-0.05103301256895065,-0.03721405938267708,-0.5544167757034302,0.013818953186273575,-0.2235008180141449,-0.21212726831436157,-1.3284876346588135,0.011373549699783325,-0.2819840908050537,-0.27624714374542236,-1.0579131841659546,0.005736947059631348,-2.7720589637756348,-2.7725210189819336,-1.3923749923706055,0.0004620552062988281,-0.06356720626354218,-0.06348279863595963,-0.74615478515625,8.440762758255005e-05,2.5864815711975098,2.601360321044922,-0.04942110925912857,0.01487874984741211,0.5133426189422607,0.5246927738189697,-0.06937293708324432,0.011350154876708984,0.9909799098968506,1.0,1.3483760356903076,0.009020090103149414
146,mid_50pct,103,30255,207,0.01593967154622078,0.029640113934874535,0.01684802770614624,-0.9875626564025879,-1.0,0.01243734359741211,True,-1.0,True,0.02020779438316822,0.020563360303640366,0.07145252823829651,0.07898968458175659,0.23804783821105957,0.007537156343460083,0.041449256241321564,0.058297283947467804,-0.11355502158403397,0.01684802770614624,-0.3569033145904541,-0.34950095415115356,-1.5545313358306885,0.007402360439300537,-2.788677215576172,-2.7800049781799316,-1.4733097553253174,0.008672237396240234,0.13911518454551697,0.1426199972629547,0.21324428915977478,0.003504812717437744,2.8669209480285645,2.8810293674468994,1.1158552169799805,0.014108419418334961,0.5781391263008118,0.592158317565918,0.07377400994300842,0.014019191265106201,-0.9875626564025879,-1.0,-0.7234501838684082,0.01243734359741211
146,late_80pct,165,30317,207,0.021568316966295242,0.03837514668703079,0.025907203555107117,-1.0167163610458374,-1.0,0.016716361045837402,True,-1.0,True,0.020148789510130882,0.02062717080116272,0.24247588217258453,0.24389013648033142,1.3445454835891724,0.0014142543077468872,0.049897223711013794,0.023990020155906677,-0.0748167335987091,0.025907203555107117,-0.0478152334690094,-0.043270282447338104,0.49432530999183655,0.004544951021671295,-2.280688524246216,-2.280694007873535,1.0007495880126953,5.4836273193359375e-06,0.0009951218962669373,-0.004746067337691784,-0.4405483901500702,0.005741189233958721,2.373002767562866,2.3525002002716064,-0.9364635348320007,0.020502567291259766,1.1825411319732666,1.2005826234817505,1.4090042114257812,0.018041491508483887,-1.0167163610458374,-1.0,-0.7539783716201782,0.016716361045837402
147,early_20pct,41,30400,206,0.021568316966295242,0.033777739852666855,0.02720785140991211,1.000028133392334,1.0,2.8133392333984375e-05,True,1.0,True,0.03999999910593033,0.03999890014529228,-0.09837506711483002,-0.09444279968738556,-0.8607134222984314,0.003932267427444458,-0.17973628640174866,-0.16505953669548035,-1.1278047561645508,0.01467674970626831,-0.3184130787849426,-0.3128131330013275,-1.2993906736373901,0.005599945783615112,-2.6844701766967773,-2.6890625953674316,-0.9657900333404541,0.004592418670654297,-0.06143978238105774,-0.05967266857624054,-0.7360846400260925,0.0017671138048171997,2.5024192333221436,2.5296270847320557,-0.39871442317962646,0.02720785140991211,0.4111514687538147,0.4004637897014618,-0.2951311469078064,0.010687679052352905,1.000028133392334,1.0,1.3578507900238037,2.8133392333984375e-05
147,mid_50pct,102,30461,206,0.021568316966295242,0.11976388841867447,0.069091796875,-0.9959150552749634,-1.0,0.004084944725036621,True,-1.0,True,0.020156733691692352,0.020530369132757187,-0.05061616748571396,-0.02051977813243866,-0.5517198443412781,0.0300963893532753,0.24388056993484497,0.18081782758235931,0.8146968483924866,0.06306274235248566,-0.2970079183578491,-0.33545801043510437,-1.1575019359588623,0.03845009207725525,-2.6637349128723145,-2.6755475997924805,-0.8648030161857605,0.011812686920166016,0.2436726987361908,0.1745809018611908,0.7081683874130249,0.069091796875,2.8834424018859863,2.8301353454589844,1.1845051050186157,0.05330705642700195,0.43163061141967773,0.446711003780365,-0.2498890608549118,0.015080392360687256,-0.9959150552749634,-1.0,-0.7321962714195251,0.004084944725036621
147,late_80pct,164,30523,206,0.021568316966295242,0.028602000325918198,0.0218818336725235,-1.0013794898986816,-1.0,0.0013794898986816406,True,-1.0,True,0.02009171061217785,0.020600730553269386,0.28252068161964417,0.28476449847221375,1.6036298274993896,0.00224381685256958,0.09404733777046204,0.11592917144298553,0.12763427197933197,0.0218818336725235,-0.06319490075111389,-0.05475979298353195,0.3923778533935547,0.00843510776758194,-2.193660259246826,-2.185336112976074,1.4246042966842651,0.008324146270751953,0.015309087932109833,0.014090314507484436,-0.3727930784225464,0.0012187734246253967,2.268113613128662,2.2790589332580566,-1.3722959756851196,0.010945320129394531,1.1748838424682617,1.1833983659744263,1.3920878171920776,0.00851452350616455,-1.0013794898986816,-1.0,-0.7379183769226074,0.0013794898986816406
148,early_20pct,42,30607,209,0.021568316966295242,0.04332926496863365,0.03351941704750061,1.0181617736816406,1.0,0.018161773681640625,True,1.0,True,0.03999999910593033,0.039998676627874374,-0.06735563278198242,-0.065433070063591,-0.6600219011306763,0.0019225627183914185,-0.0252593532204628,-0.010073047131299973,-0.4194484055042267,0.015186306089162827,-0.32883167266845703,-0.32370686531066895,-1.3684524297714233,0.005124807357788086,-2.5396153926849365,-2.541661500930786,-0.2603033781051636,0.0020461082458496094,0.07267635315656662,0.0675145760178566,-0.10124453902244568,0.005161777138710022,2.5679214000701904,2.589426279067993,-0.12654167413711548,0.021504878997802734,0.32090604305267334,0.35442546010017395,-0.4944990575313568,0.03351941704750061,1.0181617736816406,1.0,1.3768393993377686,0.018161773681640625
148,mid_50pct,104,30669,209,0.021568316966295242,0.09842056035995483,0.0608765184879303,-1.0019184350967407,-1.0,0.0019184350967407227,True,-1.0,True,0.020035235211253166,0.02045094221830368,-0.13517853617668152,-0.1116550862789154,-1.0988267660140991,0.023523449897766113,0.2902281880378723,0.22935166954994202,1.0272246599197388,0.0608765184879303,-0.2125573605298996,-0.2402316778898239,-0.5977032780647278,0.027674317359924316,-2.523127317428589,-2.531632900238037,-0.1800014078617096,0.008505582809448242,0.35653263330459595,0.31008175015449524,1.2423919439315796,0.04645088315010071,2.829129457473755,2.7926719188690186,0.958824634552002,0.03645753860473633,0.13937240839004517,0.17257261276245117,-0.8955387473106384,0.033200204372406006,-1.0019184350967407,-1.0,-0.7384827733039856,0.0019184350967407227
148,late_80pct,166,30731,209,0.021568316966295242,0.020916888490319252,0.014483395963907242,-0.9972540140151978,-1.0,0.002745985984802246,True,-1.0,True,0.020022638142108917,0.020463507622480392,0.19856691360473633,0.1949802190065384,1.0604604482650757,0.003586694598197937,0.040397800505161285,0.025914404541254044,-0.11837649345397949,0.014483395963907242,0.04770094156265259,0.046287428587675095,1.1274747848510742,0.0014135129749774933,-2.2873899936676025,-2.280595541000366,0.9681112170219421,0.006794452667236328,0.017316065728664398,0.018937598913908005,-0.36329302191734314,0.0016215331852436066,2.3869848251342773,2.3741769790649414,-0.8783647418022156,0.012807846069335938,1.0310847759246826,1.0308607816696167,1.074410319328308,0.00022399425506591797,-0.9972540140151978,-1.0,-0.7335984110832214,0.002745985984802246
149,early_20pct,40,30814,203,0.021568316966295242,0.04296034947037697,0.04057469964027405,1.0065605640411377,1.0,0.006560564041137695,True,1.0,True,0.03999999910593033,0.039998676627874374,-0.0967130959033966,-0.09287198632955551,-0.8499606847763062,0.003841109573841095,0.13152919709682465,0.13023418188095093,0.2995079457759857,0.0012950152158737183,-0.25080397725105286,-0.2468581199645996,-0.8512292504310608,0.003945857286453247,-2.3230643272399902,-2.3169336318969727,0.7943667769432068,0.006130695343017578,0.07080089300870895,0.05954612046480179,-0.11012206971645355,0.011254772543907166,2.420628309249878,2.4188878536224365,-0.738570511341095,0.0017404556274414062,0.33531755208969116,0.3758922517299652,-0.4626615643501282,0.04057469964027405,1.0065605640411377,1.0,1.3646912574768066,0.006560564041137695
149,mid_50pct,101,30875,203,0.014006458222866058,0.03303268179297447,0.029672108590602875,-0.9857059717178345,-1.0,0.014294028282165527,True,-1.0,True,0.019990231841802597,0.020440900698304176,-0.19784484803676605,-0.1881818026304245,-1.5042692422866821,0.009663045406341553,0.3668985962867737,0.358490526676178,1.378798007965088,0.008408069610595703,-0.14013367891311646,-0.14108684659004211,-0.11762730777263641,0.0009531676769256592,-2.296780586242676,-2.2999649047851562,0.9223759174346924,0.0031843185424804688,0.15381468832492828,0.15390020608901978,0.2828245460987091,8.55177640914917e-05,2.6019678115844727,2.6079342365264893,0.014927417039871216,0.0059664249420166016,0.03320503234863281,0.06287714093923569,-1.1300811767578125,0.029672108590602875,-0.9857059717178345,-1.0,-0.721505880355835,0.014294028282165527
149,late_80pct,162,30936,203,0.014006458222866058,0.022914452478289604,0.01776719093322754,-0.9978255033493042,-1.0,0.0021744966506958008,True,-1.0,True,0.019979149103164673,0.020456651225686073,0.12109021842479706,0.11994803696870804,0.5591968894004822,0.0011421814560890198,0.09048370271921158,0.0911870077252388,0.11129317432641983,0.0007033050060272217,0.08408643305301666,0.07964754849672318,1.3686637878417969,0.0044388845562934875,-2.2083024978637695,-2.1967179775238037,1.3532917499542236,0.01158452033996582,0.057108890265226364,0.052359580993652344,-0.1749332994222641,0.00474930927157402,2.2759578227996826,2.258190631866455,-1.3397021293640137,0.01776719093322754,0.6743437051773071,0.679923951625824,0.2863066792488098,0.005580246448516846,-0.9978255033493042,-1.0,-0.7341968417167664,0.0021744966506958008
150,early_20pct,40,31017,199,0.014006458222866058,0.07517815381288528,0.06585001945495605,0.9855114221572876,1.0,0.014488577842712402,True,1.0,True,0.03999999910593033,0.03999937325716019,0.04113154485821724,0.04433552920818329,0.041875243186950684,0.003203984349966049,-0.09922771900892258,-0.07863996177911758,-0.7586314678192139,0.020587757229804993,-0.19149000942707062,-0.18007749319076538,-0.4580538272857666,0.011412516236305237,-2.6314709186553955,-2.62888765335083,-0.7076677083969116,0.0025832653045654297,0.04400823637843132,0.0478716641664505,-0.23694537580013275,0.0038634277880191803,2.596491813659668,2.623502254486084,-0.007826045155525208,0.027010440826416016,0.5108861327171326,0.5767361521720886,-0.07479977607727051,0.06585001945495605,0.9855114221572876,1.0,1.3426496982574463,0.014488577842712402
150,mid_50pct,99,31076,199,0.014006458222866058,0.09047475457191467,0.05339622497558594,-0.9985365867614746,-1.0,0.0014634132385253906,True,-1.0,True,0.020135261118412018,0.020525813102722168,0.040881019085645676,0.06047463044524193,0.04025436192750931,0.019593611359596252,0.29413577914237976,0.24226385354995728,1.0451428890228271,0.051871925592422485,-0.12471365928649902,-0.15542109310626984,-0.01541242003440857,0.030707433819770813,-2.6060338020324707,-2.610799789428711,-0.5837817192077637,0.004765987396240234,0.23270876705646515,0.2039303332567215,0.656270444393158,0.028778433799743652,2.9584875106811523,2.9050912857055664,1.4963303804397583,0.05339622497558594,0.440242737531662,0.46183112263679504,-0.23086339235305786,0.021588385105133057,-0.9985365867614746,-1.0,-0.7349414825439453,0.0014634132385253906
150,late_80pct,158,31135,199,0.014006458222866058,0.07905669510364532,0.05331629514694214,-1.0039868354797363,-1.0,0.003986835479736328,True,-1.0,True,0.020170100033283234,0.020603228360414505,0.26036226749420166,0.2740614414215088,1.4602680206298828,0.013699173927307129,0.006082415580749512,0.02370482124388218,-0.2757302224636078,0.017622405663132668,-0.034334175288677216,-0.015065643936395645,0.5836873650550842,0.01926853135228157,-2.291839599609375,-2.2472457885742188,0.9464408159255981,0.04459381103515625,-0.007649324834346771,-0.010829978622496128,-0.48146694898605347,0.003180653788149357,2.3433544635772705,2.3201355934143066,-1.0596572160720825,0.023218870162963867,0.9643405079841614,1.0176568031311035,0.9269605875015259,0.05331629514694214,-1.0039868354797363,-1.0,-0.7406486868858337,0.003986835479736328
151,early_20pct,40,31216,203,0.014006458222866058,0.03226792439818382,0.02019953727722168,0.991925835609436,1.0,0.008074164390563965,True,1.0,True,0.03999999910593033,0.039999186992645264,-0.05786244571208954,-0.0557134635746479,-0.598602294921875,0.002148982137441635,0.009229689836502075,0.026282960548996925,-0.26129835844039917,0.01705327071249485,-0.2616899609565735,-0.26017311215400696,-0.9233893752098083,0.0015168488025665283,-2.474574089050293,-2.479696035385132,0.05646802484989166,0.005121946334838867,0.043521031737327576,0.04965713620185852,-0.23925155401229858,0.006136104464530945,2.505913496017456,2.5261130332946777,-0.38419580459594727,0.02019953727722168,0.4306527078151703,0.4471323490142822,-0.25204944610595703,0.01647964119911194,0.991925835609436,1.0,1.349366545677185,0.008074164390563965
151,mid_50pct,101,31277,203,0.014006458222866058,0.050454843789339066,0.04452347755432129,-0.9948393106460571,-1.0,0.005160689353942871,True,-1.0,True,0.020154766738414764,0.02047308161854744,-0.0016048811376094818,-0.008621379733085632,-0.23462358117103577,0.0070164985954761505,0.28237664699554443,0.2953698933124542,0.9912213087081909,0.01299324631690979,-0.2811121344566345,-0.27331849932670593,-1.0521332025527954,0.007793635129928589,-2.463192939758301,-2.4580535888671875,0.11189743131399155,0.005139350891113281,0.24814820289611816,0.2527513802051544,0.7293531894683838,0.004603177309036255,2.7474935054779053,2.7628867626190186,0.6196129322052002,0.015393257141113281,0.70988529920578,0.6653618216514587,0.3648243844509125,0.04452347755432129,-0.9948393106460571,-1.0,-0.7310699224472046,0.005160689353942871
151,late_80pct,162,31338,203,0.014006458222866058,0.031225847080349922,0.021250292658805847,-0.9925473928451538,-1.0,0.007452607154846191,True,-1.0,True,0.020071053877472878,0.020563382655382156,0.29638350009918213,0.2993624210357666,1.6933205127716064,0.0029789209365844727,0.10331304371356964,0.12456333637237549,0.17012232542037964,0.021250292658805847,-0.11357162892818451,-0.11356127262115479,0.05844490975141525,1.0356307029724121e-05,-2.1868557929992676,-2.166156768798828,1.4577443599700928,0.020699024200439453,0.016754895448684692,0.02181037701666355,-0.3659493327140808,0.005055481567978859,2.320279121398926,2.315293788909912,-1.1555391550064087,0.004985332489013672,1.338036060333252,1.3440146446228027,1.7525196075439453,0.005978584289550781,-0.9925473928451538,-1.0,-0.7286699414253235,0.007452607154846191
152,early_20pct,41,31420,207,0.013383862562477589,0.042947228997945786,0.04125329852104187,1.0096515417099,1.0,0.009651541709899902,True,1.0,True,0.03999999910593033,0.03999893739819527,-0.07195019721984863,-0.0695711076259613,-0.6897481083869934,0.002379089593887329,-0.14780351519584656,-0.1556319296360016,-0.9813765287399292,0.00782841444015503,-0.25843480229377747,-0.2515852749347687,-0.9018117785453796,0.006849527359008789,-2.6886115074157715,-2.692195177078247,-0.9859595894813538,0.003583669662475586,0.03298259153962135,0.029003631323575974,-0.2891353666782379,0.00397896021604538,2.5704846382141113,2.5707924365997314,-0.11589080840349197,0.0003077983856201172,0.4220317602157593,0.46328505873680115,-0.2710946202278137,0.04125329852104187,1.0096515417099,1.0,1.3679279088974,0.009651541709899902
152,mid_50pct,103,31482,207,0.013383862562477589,0.029836924746632576,0.020121008157730103,-0.9970223903656006,-1.0,0.002977609634399414,True,-1.0,True,0.020190784707665443,0.020621249452233315,-0.07601194083690643,-0.0745096355676651,-0.716027021408081,0.001502305269241333,0.14164593815803528,0.1270398050546646,0.34589844942092896,0.014606133103370667,-0.20054128766059875,-0.1974119395017624,-0.5180521607398987,0.0031293481588363647,-2.696284294128418,-2.6942026615142822,-1.0233283042907715,0.002081632614135742,0.29619622230529785,0.2807002365589142,0.9567888975143433,0.015495985746383667,2.8474700450897217,2.8435280323028564,1.0350327491760254,0.003942012786865234,0.12240725755691528,0.14252826571464539,-0.9330177307128906,0.020121008157730103,-0.9970223903656006,-1.0,-0.7333558201789856,0.002977609634399414
152,late_80pct,165,31544,207,0.013383862562477589,0.028656264767050743,0.01704806089401245,-0.9899678230285645,-1.0,0.010032176971435547,True,-1.0,True,0.020192822441458702,0.020618174225091934,0.1514064520597458,0.14167173206806183,0.755338728427887,0.00973471999168396,0.0073421187698841095,0.009112529456615448,-0.2699538469314575,0.0017704106867313385,0.0754157155752182,0.06620584428310394,1.3111881017684937,0.009209871292114258,-2.324516534805298,-2.3377387523651123,0.7872934937477112,0.013222217559814453,0.05302710086107254,0.05178382620215416,-0.19425448775291443,0.0012432746589183807,2.386627674102783,2.399721622467041,-0.8798495531082153,0.013093948364257812,0.8629046678543091,0.8458566069602966,0.7028709650039673,0.01704806089401245,-0.9899678230285645,-1.0,-0.7259687185287476,0.010032176971435547
153,early_20pct,41,31627,207,0.013383862562477589,0.05809547379612923,0.05757024884223938,0.9976247549057007,1.0,0.0023752450942993164,True,1.0,True,0.03999999910593033,0.03999931365251541,-0.042386673390865326,-0.04193708300590515,-0.49847617745399475,0.00044959038496017456,-0.20642423629760742,-0.20665015280246735,-1.2501827478408813,0.00022591650485992432,-0.2781338691711426,-0.27144384384155273,-1.0323913097381592,0.006690025329589844,-2.7495956420898438,-2.75191593170166,-1.282970905303955,0.0023202896118164062,-0.04218241572380066,-0.03898794576525688,-0.6449297070503235,0.0031944699585437775,2.5493688583374023,2.5497591495513916,-0.20363087952136993,0.0003902912139892578,0.4629147946834564,0.5204850435256958,-0.18077684938907623,0.05757024884223938,0.9976247549057007,1.0,1.3553341627120972,0.0023752450942993164
153,mid_50pct,103,31689,207,0.013383862562477589,0.016423359513282776,0.011770680546760559,-1.0005271434783936,-1.0,0.0005271434783935547,True,-1.0,True,0.019960902631282806,0.02042766660451889,-0.0474548414349556,-0.04574357345700264,-0.5312665104866028,0.0017112679779529572,0.09089556336402893,0.08159446716308594,0.11318178474903107,0.009301096200942993,-0.22156313061714172,-0.2202998846769333,-0.6574000120162964,0.001263245940208435,-2.7618510723114014,-2.7611472606658936,-1.3426593542099,0.0007038116455078125,0.1665436029434204,0.15477292239665985,0.3430769741535187,0.011770680546760559,2.8574092388153076,2.855081796646118,1.0763323307037354,0.002327442169189453,0.0230596661567688,0.028910379856824875,-1.1524940729141235,0.005850713700056076,-1.0005271434783936,-1.0,-0.7370258569717407,0.0005271434783935547
153,late_80pct,165,31751,207,0.013383862562477589,0.025925684720277786,0.015034124255180359,-1.0073745250701904,-1.0,0.00737452507019043,True,-1.0,True,0.01996416039764881,0.02042273059487343,0.15650516748428345,0.16341081261634827,0.7883266806602478,0.006905645132064819,0.010432671755552292,-0.004601452499628067,-0.2557820677757263,0.015034124255180359,0.08947975933551788,0.0991353690624237,1.4044146537780762,0.009655609726905823,-2.324105739593506,-2.331589460372925,0.7892948389053345,0.007483720779418945,0.02522900700569153,0.022592291235923767,-0.32583704590797424,0.0026367157697677612,2.362290859222412,2.3516876697540283,-0.9809733033180237,0.010603189468383789,0.6733277440071106,0.6847212314605713,0.28406229615211487,0.011393487453460693,-1.0073745250701904,-1.0,-0.7441961169242859,0.00737452507019043
154,early_20pct,42,31835,213,0.013383862562477589,0.013942345976829529,0.010856464505195618,1.0054441690444946,1.0,0.005444169044494629,True,1.0,True,0.03999999910593033,0.039999064058065414,-0.060607440769672394,-0.05663332715630531,-0.6163620352745056,0.003974113613367081,-0.19968971610069275,-0.19442452490329742,-1.219301462173462,0.005265191197395325,-0.30520546436309814,-0.30840742588043213,-1.211841106414795,0.0032019615173339844,-2.7433247566223145,-2.7436046600341797,-1.2524298429489136,0.0002799034118652344,-0.019751429557800293,-0.03060789406299591,-0.5387523770332336,0.010856464505195618,2.6161158084869385,2.6174590587615967,0.07371466606855392,0.0013432502746582031,0.4687153697013855,0.4641464352607727,-0.16796234250068665,0.004568934440612793,1.0054441690444946,1.0,1.3635221719741821,0.005444169044494629
154,mid_50pct,106,31899,213,0.013383862562477589,0.050485942512750626,0.037624239921569824,-0.9897218942642212,-1.0,0.010278105735778809,True,-1.0,True,0.02023525908589363,0.020645281299948692,0.02302338369190693,0.015152562409639359,-0.07528208196163177,0.00787082128226757,0.1397857964038849,0.11296914517879486,0.3373687267303467,0.026816651225090027,-0.3116985559463501,-0.3016422986984253,-1.2548819780349731,0.010056257247924805,-2.740546226501465,-2.7442386150360107,-1.238897442817688,0.0036923885345458984,0.3916500508785248,0.35402581095695496,1.4086205959320068,0.037624239921569824,2.9321694374084473,2.919370174407959,1.3869740962982178,0.012799263000488281,0.35349786281585693,0.3620758056640625,-0.42249801754951477,0.008577942848205566,-0.9897218942642212,-1.0,-0.7257111668586731,0.010278105735778809
154,late_80pct,170,31963,213,0.015605369582772255,0.06816188991069794,0.04860520362854004,-1.0012633800506592,-1.0,0.0012633800506591797,True,-1.0,True,0.02021922543644905,0.020661989226937294,0.23255786299705505,0.2274066060781479,1.2803772687911987,0.0051512569189071655,0.10610199719667435,0.06344165652990341,0.18291111290454865,0.042660340666770935,0.04274474084377289,0.04176869988441467,1.0946215391159058,0.0009760409593582153,-2.302231788635254,-2.2865374088287354,0.8958275318145752,0.015694379806518555,-0.012440688908100128,-0.010228968225419521,-0.504146933555603,0.002211720682680607,2.485917568206787,2.437312364578247,-0.4672817885875702,0.04860520362854004,1.2750664949417114,1.2614657878875732,1.6134088039398193,0.013600707054138184,-1.0012633800506592,-1.0,-0.7377968430519104,0.0012633800506591797
155,early_20pct,41,32047,207,0.015605369582772255,0.04125722870230675,0.03235292434692383,1.016420841217041,1.0,0.016420841217041016,True,1.0,True,0.03999999910593033,0.03999932110309601,-0.02574077621102333,-0.02057136967778206,-0.3907794952392578,0.005169406533241272,0.03893868252635002,0.04364662989974022,-0.1250673085451126,0.004707947373390198,-0.23533761501312256,-0.2316274344921112,-0.7487071752548218,0.0037101805210113525,-2.436285972595215,-2.44907546043396,0.24294231832027435,0.012789487838745117,0.03256416320800781,0.033482249826192856,-0.29111599922180176,0.0009180866181850433,2.4727938175201416,2.4934911727905273,-0.5218134522438049,0.020697355270385742,0.4673188328742981,0.4996717572212219,-0.17104753851890564,0.03235292434692383,1.016420841217041,1.0,1.375016450881958,0.016420841217041016
155,mid_50pct,103,32109,207,0.015605369582772255,0.020997626706957817,0.01270294189453125,-1.0051769018173218,-1.0,0.005176901817321777,True,-1.0,True,0.019974220544099808,0.020319821313023567,-0.015825863927602768,-0.013130511157214642,-0.3266313672065735,0.0026953527703881264,0.27249675989151,0.2829110026359558,0.9459169507026672,0.0104142427444458,-0.22952304780483246,-0.22101207077503204,-0.7101640105247498,0.008510977029800415,-2.4222280979156494,-2.4257936477661133,0.31140920519828796,0.003565549850463867,0.14210346341133118,0.13963092863559723,0.22738933563232422,0.0024725347757339478,2.6656088829040527,2.678311824798584,0.27936702966690063,0.01270294189453125,0.5195571780204773,0.5110394954681396,-0.055643804371356964,0.008517682552337646,-1.0051769018173218,-1.0,-0.7418949007987976,0.005176901817321777
155,late_80pct,165,32171,207,0.015605369582772255,0.06425511091947556,0.048794224858284,-0.986435055732727,-1.0,0.01356494426727295,True,-1.0,True,0.019893838092684746,0.02040739730000496,0.24849940836429596,0.23700179159641266,1.383516788482666,0.0114976167678833,0.257794052362442,0.20899982750415802,0.8784974217414856,0.048794224858284,-0.0681535005569458,-0.06916951388120651,0.359508752822876,0.0010160133242607117,-1.9778151512145996,-2.0074727535247803,2.4758358001708984,0.029657602310180664,0.03943202644586563,0.029337957501411438,-0.2586069107055664,0.010094068944454193,2.2105205059051514,2.191527843475342,-1.6116061210632324,0.01899266242980957,1.0287998914718628,1.0122944116592407,1.069362759590149,0.01650547981262207,-0.986435055732727,-1.0,-0.7222694158554077,0.01356494426727295
156,early_20pct,41,32254,208,0.015605369582772255,0.039159756153821945,0.02806985378265381,0.9799002408981323,1.0,0.020099759101867676,True,1.0,True,0.03999999910593033,0.039999451488256454,-0.0017796754837036133,-0.0009664063691161573,-0.23575447499752045,0.000813269114587456,-0.2218608856201172,-0.20802544057369232,-1.3209677934646606,0.013835445046424866,-0.1675305813550949,-0.15914136171340942,-0.299233615398407,0.008389219641685486,-2.742490530014038,-2.746478796005249,-1.2483669519424438,0.0039882659912109375,-0.04616577923297882,-0.044732820242643356,-0.6637849807739258,0.0014329589903354645,2.56561017036438,2.5871775150299072,-0.1361452043056488,0.021567344665527344,0.5542014241218567,0.5822712779045105,0.020891427993774414,0.02806985378265381,0.9799002408981323,1.0,1.3367739915847778,0.020099759101867676
156,mid_50pct,104,32317,208,0.015605369582772255,0.1149149090051651,0.066429503262043,-1.0086573362350464,-1.0,0.008657336235046387,True,-1.0,True,0.020194487646222115,0.020624317228794098,-0.00744904950261116,0.010022160597145557,-0.2724345326423645,0.017471209168434143,0.17883235216140747,0.11240284889936447,0.5164172649383545,0.066429503262043,-0.11339432001113892,-0.14330701529979706,0.05962025374174118,0.029912695288658142,-2.741431713104248,-2.7493014335632324,-1.2432098388671875,0.007869720458984375,0.07739991694688797,0.04702962934970856,-0.0788855254650116,0.030370287597179413,2.9882044792175293,2.9259819984436035,1.6198091506958008,0.06222248077392578,0.2606818675994873,0.3129945993423462,-0.6275448799133301,0.05231273174285889,-1.0086573362350464,-1.0,-0.7455394268035889,0.008657336235046387
156,late_80pct,166,32379,208,0.015605369582772255,0.0394960455596447,0.0314076691865921,-0.9893174171447754,-1.0,0.01068258285522461,True,-1.0,True,0.020180488005280495,0.020639393478631973,0.1851869374513626,0.17790156602859497,0.9738938808441162,0.007285371422767639,0.14076033234596252,0.10935266315937042,0.34183746576309204,0.0314076691865921,0.06303131580352783,0.06235874444246292,1.229095458984375,0.0006725713610649109,-2.194334030151367,-2.196509838104248,1.4213224649429321,0.0021758079528808594,-0.05213060975074768,-0.04917927086353302,-0.692019522190094,0.0029513388872146606,2.3796544075012207,2.357227087020874,-0.9088243246078491,0.02242732048034668,0.7575215101242065,0.7594023942947388,0.4700610935688019,0.0018808841705322266,-0.9893174171447754,-1.0,-0.725287675857544,0.01068258285522461
157,early_20pct,39,32460,197,0.015605369582772255,0.025668978691101074,0.020285815000534058,1.0341880321502686,1.0,0.034188032150268555,True,1.0,True,0.03999999910593033,0.03999881446361542,-0.06585291028022766,-0.06384755671024323,-0.6502994894981384,0.002005353569984436,0.051666662096977234,0.041117727756500244,-0.0667029619216919,0.01054893434047699,-0.28502321243286133,-0.2800769805908203,-1.0780587196350098,0.004946231842041016,-2.4211318492889404,-2.424952745437622,0.3167475163936615,0.0038208961486816406,0.0834725946187973,0.07620400190353394,-0.05014043301343918,0.007268592715263367,2.5084145069122314,2.502075433731079,-0.37380334734916687,0.006339073181152344,0.39375758171081543,0.4140433967113495,-0.33355721831321716,0.020285815000534058,1.0341880321502686,1.0,1.3936212062835693,0.034188032150268555
157,mid_50pct,98,32519,197,0.02761310525238514,0.053097255527973175,0.03608343005180359,-1.0028088092803955,-1.0,0.002808809280395508,True,-1.0,True,0.019854849204421043,0.020469453185796738,-0.10847757756710052,-0.09691949188709259,-0.9260752201080322,0.011558085680007935,0.40631774067878723,0.37023431062698364,1.5595550537109375,0.03608343005180359,-0.18964169919490814,-0.20616865158081055,-0.44580191373825073,0.016526952385902405,-2.4001400470733643,-2.4072468280792236,0.41898399591445923,0.007106781005859375,0.3101588487625122,0.29123011231422424,1.022881269454956,0.018928736448287964,2.8352227210998535,2.808833599090576,0.9841428995132446,0.026389122009277344,0.3308808505535126,0.3285600543022156,-0.4724629819393158,0.002320796251296997,-1.0028088092803955,-1.0,-0.7394151091575623,0.002808809280395508
157,late_80pct,157,32578,197,0.02761310525238514,0.05398602783679962,0.03365588188171387,-1.0108580589294434,-1.0,0.01085805892944336,True,-1.0,True,0.01995093561708927,0.020374618470668793,0.23651517927646637,0.25076204538345337,1.3059805631637573,0.014246866106987,0.05619344115257263,0.07598710060119629,-0.04594533517956734,0.019793659448623657,-0.072691410779953,-0.056406497955322266,0.32942819595336914,0.016284912824630737,-2.257814645767212,-2.2295093536376953,1.1121522188186646,0.0283052921295166,0.004948146641254425,0.004161294549703598,-0.4218366742134094,0.000786852091550827,2.357356548309326,2.3464019298553467,-1.0014755725860596,0.010954618453979492,1.0489907264709473,1.0826466083526611,1.1139678955078125,0.03365588188171387,-1.0108580589294434,-1.0,-0.7478439211845398,0.01085805892944336
158,early_20pct,42,32660,212,0.02761310525238514,0.02158677577972412,0.018928885459899902,1.0121145248413086,1.0,0.012114524841308594,True,1.0,True,0.03999999910593033,0.03999908268451691,-0.09962229430675507,-0.09810438752174377,-0.8687827587127686,0.0015179067850112915,-0.0917736366391182,-0.08944381028413773,-0.7244507074356079,0.0023298263549804688,-0.2835887670516968,-0.2756299376487732,-1.0685501098632812,0.007958829402923584,-2.6117799282073975,-2.6118268966674805,-0.6117662191390991,4.696846008300781e-05,0.014006249606609344,0.016625311225652695,-0.3789600729942322,0.0026190616190433502,2.5489518642425537,2.55440616607666,-0.20536357164382935,0.005454301834106445,0.3531154990196228,0.3720443844795227,-0.423342764377594,0.018928885459899902,1.0121145248413086,1.0,1.370507001876831,0.012114524841308594
158,mid_50pct,106,32724,212,0.02761310525238514,0.02317306026816368,0.01923041045665741,-0.9903385639190674,-1.0,0.009661436080932617,True,-1.0,True,0.020118722692131996,0.02062498964369297,-0.1711045503616333,-0.16775397956371307,-1.3312631845474243,0.003350570797920227,0.18553504347801208,0.1745133399963379,0.547152578830719,0.011021703481674194,-0.17131516337394714,-0.17542697489261627,-0.32432055473327637,0.004111811518669128,-2.615926742553711,-2.61594820022583,-0.6319630742073059,2.1457672119140625e-05,0.17954280972480774,0.17544274032115936,0.40460893511772156,0.0041000694036483765,2.8318448066711426,2.8309731483459473,0.9701076745986938,0.0008716583251953125,-0.11711990833282471,-0.0978894978761673,-1.4621753692626953,0.01923041045665741,-0.9903385639190674,-1.0,-0.7263569235801697,0.009661436080932617
158,late_80pct,169,32787,212,0.02761310525238514,0.028844071552157402,0.021302461624145508,-0.9799973964691162,-1.0,0.02000260353088379,True,-1.0,True,0.020131200551986694,0.02061120606958866,0.12607938051223755,0.1159864068031311,0.5914760231971741,0.010092973709106445,0.13884028792381287,0.12992586195468903,0.33303308486938477,0.00891442596912384,0.09039300680160522,0.08003147691488266,1.410468339920044,0.010361529886722565,-2.1501598358154297,-2.1572883129119873,1.6364648342132568,0.007128477096557617,-0.021067261695861816,-0.019395872950553894,-0.5449808835983276,0.0016713887453079224,2.341778039932251,2.3357880115509033,-1.066207766532898,0.005990028381347656,0.6312267184257507,0.6099242568016052,0.19105380773544312,0.021302461624145508,-0.9799973964691162,-1.0,-0.7155281901359558,0.02000260353088379
159,early_20pct,42,32872,210,0.02761310525238514,0.03936957195401192,0.03241473436355591,0.9932657480239868,1.0,0.006734251976013184,True,1.0,True,0.03999999910593033,0.03999828174710274,-0.06055617332458496,-0.0526212602853775,-0.6160303354263306,0.007934913039207458,-0.14250025153160095,-0.12917520105838776,-0.957058310508728,0.013325050473213196,-0.3443845510482788,-0.3387641906738281,-1.4715481996536255,0.005620360374450684,-2.710981607437134,-2.7110984325408936,-1.0949093103408813,0.00011682510375976562,0.052640046924352646,0.044136613607406616,-0.1960866004228592,0.00850343331694603,2.6919476985931396,2.704390287399292,0.3888099789619446,0.012442588806152344,0.26774662733078003,0.30016136169433594,-0.6119375824928284,0.03241473436355591,0.9932657480239868,1.0,1.3507696390151978,0.006734251976013184
159,mid_50pct,104,32934,210,0.02761310525238514,0.192632794380188,0.11381181329488754,-1.004559874534607,-1.0,0.004559874534606934,True,-1.0,True,0.02010568231344223,0.020629247650504112,-0.08651261776685715,-0.043533675372600555,-0.783964991569519,0.04297894239425659,0.21002832055091858,0.13314510881900787,0.6594668626785278,0.0768832117319107,-0.2049058973789215,-0.2695196866989136,-0.5469839572906494,0.06461378931999207,-2.68705677986145,-2.6950013637542725,-0.9783883094787598,0.007944583892822266,0.5301393866539001,0.4270297884941101,2.0641613006591797,0.10310959815979004,2.9534788131713867,2.914409637451172,1.4755178689956665,0.039069175720214844,-0.19270098209381104,-0.07888916879892349,-1.6291471719741821,0.11381181329488754,-1.004559874534607,-1.0,-0.7412487268447876,0.004559874534606934
159,late_80pct,167,32997,210,0.02761310525238514,0.0160243958234787,0.009669601917266846,-0.9889843463897705,-1.0,0.011015653610229492,True,-1.0,True,0.020161695778369904,0.0205676406621933,0.17935900390148163,0.17179064452648163,0.9361879229545593,0.007568359375,-0.028804995119571686,-0.029858944937586784,-0.4357070028781891,0.0010539498180150986,0.08116012811660767,0.07803448289632797,1.3492661714553833,0.0031256452202796936,-2.393735647201538,-2.3851985931396484,0.450175404548645,0.008537054061889648,-0.015237994492053986,-0.010696567595005035,-0.5173879861831665,0.00454142689704895,2.4791343212127686,2.4778640270233154,-0.49546724557876587,0.001270294189453125,0.904125988483429,0.8944563865661621,0.7939361929893494,0.009669601917266846,-0.9889843463897705,-1.0,-0.7249388694763184,0.011015653610229492
160,early_20pct,42,33082,213,0.014604850672185421,0.028303099796175957,0.021053075790405273,1.0249296426773071,1.0,0.02492964267730713,True,1.0,True,0.03999999910593033,0.03999948874115944,-0.0015425235033035278,0.006186724174767733,-0.23422011733055115,0.0077292476780712605,0.007492393255233765,0.011507505550980568,-0.26926475763320923,0.004015112295746803,-0.18486899137496948,-0.18073461949825287,-0.41416501998901367,0.004134371876716614,-2.4788661003112793,-2.4914801120758057,0.03556390851736069,0.012614011764526367,0.050231557339429855,0.04943130165338516,-0.20748721063137054,0.000800255686044693,2.5083136558532715,2.5293667316436768,-0.3742218017578125,0.021053075790405273,0.5649738311767578,0.5547208189964294,0.044689521193504333,0.01025301218032837,1.0249296426773071,1.0,1.3839263916015625,0.02492964267730713
160,mid_50pct,106,33146,213,0.014604850672185421,0.12084796279668808,0.0772513747215271,-0.9952573776245117,-1.0,0.004742622375488281,True,-1.0,True,0.020226560533046722,0.020543772727251053,-0.023095693439245224,-0.003929676488041878,-0.3736661672592163,0.019166016951203346,0.3319982886314392,0.2547469139099121,1.2187620401382446,0.0772513747215271,-0.12434038519859314,-0.1506786346435547,-0.012938115745782852,0.026338249444961548,-2.4706592559814453,-2.4801690578460693,0.07553446292877197,0.009509801864624023,0.27704405784606934,0.23059874773025513,0.8661320209503174,0.04644531011581421,2.8289074897766113,2.7666497230529785,0.9579020142555237,0.06225776672363281,0.5484572649002075,0.586559534072876,0.008201465010643005,0.03810226917266846,-0.9952573776245117,-1.0,-0.7315075993537903,0.004742622375488281
160,late_80pct,170,33210,213,0.014604850672185421,0.03182061016559601,0.022803306579589844,-1.008075475692749,-1.0,0.008075475692749023,True,-1.0,True,0.020168598741292953,0.020606396719813347,0.22163771092891693,0.22206531465053558,1.2097253799438477,0.00042760372161865234,-0.02540528029203415,-0.04674486815929413,-0.4201175570487976,0.02133958786725998,0.03536631166934967,0.03416122868657112,1.0457119941711426,0.0012050829827785492,-2.3830766677856445,-2.3790247440338135,0.5020877122879028,0.004051923751831055,0.04394596442580223,0.042724303901195526,-0.23724013566970825,0.0012216605246067047,2.4058539867401123,2.3830506801605225,-0.7999607920646667,0.022803306579589844,1.1774299144744873,1.1732302904129028,1.3977123498916626,0.004199624061584473,-1.008075475692749,-1.0,-0.74493008852005,0.008075475692749023
161,early_20pct,41,33294,206,0.014604850672185421,0.03623594716191292,0.02790379524230957,1.0095996856689453,1.0,0.009599685668945312,True,1.0,True,0.03999999910593033,0.03999895602464676,-0.07936585694551468,-0.06792722642421722,-0.7377263903617859,0.011438630521297455,-0.313681036233902,-0.3025713860988617,-1.742010474205017,0.011109650135040283,-0.22055616974830627,-0.22107721865177155,-0.6507251262664795,0.000521048903465271,-2.8242554664611816,-2.8344810009002686,-1.6465879678726196,0.010225534439086914,-0.08124473690986633,-0.0834023728966713,-0.8298315405845642,0.002157635986804962,2.5485994815826416,2.576503276824951,-0.20682761073112488,0.02790379524230957,0.4952867925167084,0.4822228252887726,-0.1092613935470581,0.013063967227935791,1.0095996856689453,1.0,1.3678736686706543,0.009599685668945312
161,mid_50pct,102,33355,206,0.014604850672185421,0.16973179578781128,0.08311289548873901,-1.0029993057250977,-1.0,0.0029993057250976562,True,-1.0,True,0.019994573667645454,0.02045692689716816,-0.05004165321588516,-0.0024684183299541473,-0.5480028390884399,0.047573234885931015,0.20460215210914612,0.12728393077850342,0.6345850825309753,0.0773182213306427,-0.15341466665267944,-0.21761970221996307,-0.2056632786989212,0.06420503556728363,-2.7904505729675293,-2.80497407913208,-1.4819473028182983,0.014523506164550781,0.28488361835479736,0.20177072286605835,0.9032406806945801,0.08311289548873901,3.0164132118225098,2.9505419731140137,1.7370225191116333,0.0658712387084961,0.16006845235824585,0.23069119453430176,-0.8498175740242004,0.07062274217605591,-1.0029993057250977,-1.0,-0.7396146059036255,0.0029993057250976562
161,late_80pct,164,33417,206,0.014604850672185421,0.04026691988110542,0.03266477584838867,-0.9883894920349121,-1.0,0.01161050796508789,True,-1.0,True,0.01999496854841709,0.02045837976038456,0.22111840546131134,0.2317837029695511,1.2063654661178589,0.010665297508239746,0.05907994881272316,0.053305480629205704,-0.032709211111068726,0.005774468183517456,0.031067267060279846,0.04745578020811081,1.0172148942947388,0.016388513147830963,-2.237405776977539,-2.229445695877075,1.2115497589111328,0.007960081100463867,-0.0027918294072151184,-0.0008893035119399428,-0.45847395062446594,0.0019025258952751756,2.3078932762145996,2.2994210720062256,-1.2070049047470093,0.008472204208374023,0.8918161392211914,0.9244809150695801,0.7667415142059326,0.03266477584838867,-0.9883894920349121,-1.0,-0.7243159413337708,0.01161050796508789
162,early_20pct,42,33501,212,0.014604850672185421,0.026131441816687584,0.02040553092956543,1.007773518562317,1.0,0.0077735185623168945,True,1.0,True,0.03999999910593033,0.039999719709157944,0.012604858726263046,0.01878538355231285,-0.14268851280212402,0.006180524826049805,-0.041616588830947876,-0.03612735494971275,-0.4944547414779663,0.005489233881235123,-0.2168460190296173,-0.21239307522773743,-0.6261316537857056,0.004452943801879883,-2.549121141433716,-2.5503756999969482,-0.3065987229347229,0.0012545585632324219,0.044324930757284164,0.048636890947818756,-0.2354462891817093,0.004311960190534592,2.5661492347717285,2.5787246227264404,-0.13390526175498962,0.012575387954711914,0.548561692237854,0.5281561613082886,0.0084321778267622,0.02040553092956543,1.007773518562317,1.0,1.3659613132476807,0.0077735185623168945
162,mid_50pct,106,33565,212,0.014604850672185421,0.017912669107317924,0.012394368648529053,-0.9973623752593994,-1.0,0.002637624740600586,True,-1.0,True,0.020301438868045807,0.020626600831747055,0.14958645403385162,0.15037378668785095,0.7435635924339294,0.0007873326539993286,0.22696006298065186,0.22364862263202667,0.7371076345443726,0.003311440348625183,-0.30098822712898254,-0.3090443015098572,-1.1838862895965576,0.008056074380874634,-2.533625364303589,-2.538748025894165,-0.23113007843494415,0.005122661590576172,0.1918359100818634,0.1915241926908493,0.4627983570098877,0.0003117173910140991,2.814642906188965,2.82266902923584,0.8986302614212036,0.008026123046875,0.8011431694030762,0.7887488007545471,0.566429078578949,0.012394368648529053,-0.9973623752593994,-1.0,-0.7337118983268738,0.002637624740600586
162,late_80pct,169,33628,212,0.028401469811797142,0.0312376506626606,0.01844770461320877,-0.9958593845367432,-1.0,0.004140615463256836,True,-1.0,True,0.020225178450345993,0.020709507167339325,0.38896942138671875,0.3818177580833435,2.2923383712768555,0.007151663303375244,0.13735273480415344,0.11890503019094467,0.3262118995189667,0.01844770461320877,-0.17074662446975708,-0.18086691200733185,-0.3205518424510956,0.010120287537574768,-2.1756813526153564,-2.186025619506836,1.5121663808822632,0.010344266891479492,-0.01628650724887848,-0.014671721495687962,-0.5223511457443237,0.0016147857531905174,2.3741307258605957,2.3637735843658447,-0.931776225566864,0.010357141494750977,1.3448987007141113,1.328619122505188,1.767680287361145,0.01627957820892334,-0.9958593845367432,-1.0,-0.7321380376815796,0.004140615463256836
163,early_20pct,42,33713,210,0.028401469811797142,0.033619072288274765,0.027814239263534546,0.997207760810852,1.0,0.0027922391891479492,True,1.0,True,0.03999999910593033,0.039999157190322876,-0.035780973732471466,-0.029570452868938446,-0.45573821663856506,0.00621052086353302,-0.1333581507205963,-0.13359081745147705,-0.9151370525360107,0.0002326667308807373,-0.27041155099868774,-0.25316742062568665,-0.9812021851539612,0.0172441303730011,-2.6862828731536865,-2.6853935718536377,-0.9746181964874268,0.0008893013000488281,0.01829540729522705,0.01546728890389204,-0.3586573004722595,0.0028281183913350105,2.592207193374634,2.5956475734710693,-0.025629229843616486,0.003440380096435547,0.4157533049583435,0.44356754422187805,-0.28496479988098145,0.027814239263534546,0.997207760810852,1.0,1.3548974990844727,0.0027922391891479492
163,mid_50pct,104,33775,210,0.028401469811797142,0.021271206438541412,0.019021719694137573,-1.0070332288742065,-1.0,0.007033228874206543,True,-1.0,True,0.020047634840011597,0.020441729575395584,0.03669031709432602,0.0400528758764267,0.01314111053943634,0.0033625587821006775,0.1391821801662445,0.1358374059200287,0.3346008062362671,0.0033447742462158203,-0.2898242473602295,-0.28484392166137695,-1.109883427619934,0.004980325698852539,-2.677056312561035,-2.6754205226898193,-0.9296823143959045,0.0016357898712158203,0.1525983363389969,0.14639243483543396,0.2770669460296631,0.006205901503562927,2.8316650390625,2.833131790161133,0.9693601131439209,0.0014667510986328125,0.3166683316230774,0.33569005131721497,-0.5038608908653259,0.019021719694137573,-1.0070332288742065,-1.0,-0.7438386678695679,0.007033228874206543
163,late_80pct,167,33838,210,0.028401469811797142,0.017819058150053024,0.009791933000087738,-0.998416543006897,-1.0,0.0015834569931030273,True,-1.0,True,0.020015588030219078,0.020476290956139565,0.2632395625114441,0.257754385471344,1.4788836240768433,0.005485177040100098,-0.008539505302906036,-0.018331438302993774,-0.342779278755188,0.009791933000087738,-0.0195901021361351,-0.02302003838121891,0.6814216375350952,0.003429936245083809,-2.3467178344726562,-2.350184440612793,0.6791665554046631,0.0034666061401367188,-0.005041204392910004,-0.010446460917592049,-0.46912139654159546,0.005405256524682045,2.3640530109405518,2.356602907180786,-0.9736513495445251,0.007450103759765625,0.9628639817237854,0.9537509679794312,0.9236987233161926,0.009113013744354248,-0.998416543006897,-1.0,-0.7348157167434692,0.0015834569931030273
164,early_20pct,40,33921,200,0.028401469811797142,0.004455159418284893,0.00334843248128891,0.9941296577453613,1.0,0.005870342254638672,True,1.0,True,0.03999999910593033,0.039999160915613174,-0.10760863125324249,-0.10426019877195358,-0.9204532504081726,0.00334843248128891,-0.2392837405204773,-0.24014417827129364,-1.4008605480194092,0.0008604377508163452,-0.2837626039981842,-0.28305020928382874,-1.0697025060653687,0.0007123947143554688,-2.7887308597564697,-2.791426420211792,-1.4735713005065918,0.0026955604553222656,-0.041140228509902954,-0.04118508845567703,-0.6399964690208435,4.485994577407837e-05,2.6078169345855713,2.6078217029571533,0.03923160210251808,4.76837158203125e-06,0.45021143555641174,0.44986429810523987,-0.20884078741073608,0.000347137451171875,0.9941296577453613,1.0,1.351674199104309,0.005870342254638672
164,mid_50pct,100,33981,200,0.028401469811797142,0.2343934178352356,0.14968489110469818,-0.9893193244934082,-1.0,0.010680675506591797,True,-1.0,True,0.020407449454069138,0.020841961726546288,-0.014314930886030197,0.055691540241241455,-0.31685584783554077,0.07000647485256195,0.19723305106163025,0.10551486164331436,0.6007939577102661,0.09171818941831589,-0.26682573556900024,-0.36916041374206543,-0.957432746887207,0.10233467817306519,-2.7686145305633545,-2.7905986309051514,-1.3755992650985718,0.021984100341796875,0.36984336376190186,0.22015847265720367,1.3053984642028809,0.14968489110469818,2.9966537952423096,2.938023805618286,1.6549177169799805,0.05862998962402344,0.2771616280078888,0.3466483950614929,-0.5911381840705872,0.06948676705360413,-0.9893193244934082,-1.0,-0.7252895832061768,0.010680675506591797
164,late_80pct,159,34040,200,0.028401469811797142,0.029391910880804062,0.02381265163421631,-1.0071401596069336,-1.0,0.007140159606933594,True,-1.0,True,0.02039770781993866,0.02085271291434765,0.253446489572525,0.2615950405597687,1.4155237674713135,0.008148550987243652,-0.0347374826669693,-0.03523328900337219,-0.4629105031490326,0.0004958063364028931,-0.07003217935562134,-0.057872116565704346,0.3470555245876312,0.012160062789916992,-2.382791042327881,-2.391251802444458,0.5034787654876709,0.008460760116577148,-0.02969767153263092,-0.032926302403211594,-0.5858330130577087,0.0032286308705806732,2.4020707607269287,2.401503562927246,-0.8156808614730835,0.0005671977996826172,1.0761699676513672,1.0999826192855835,1.1740113496780396,0.02381265163421631,-1.0071401596069336,-1.0,-0.7439507246017456,0.007140159606933594
165,early_20pct,40,34121,203,0.028401469811797142,0.06517869234085083,0.045767009258270264,0.9937671422958374,1.0,0.006232857704162598,True,1.0,True,0.03999999910593033,0.039999593049287796,-0.031145960092544556,-0.022861585021018982,-0.4257503151893616,0.008284375071525574,-0.3369755744934082,-0.2997065484523773,-1.8488279581069946,0.037269026041030884,-0.16916745901107788,-0.15683327615261078,-0.31008395552635193,0.012334182858467102,-2.816671371459961,-2.8030879497528076,-1.6096502542495728,0.01358342170715332,-0.05510096251964569,-0.05119623988866806,-0.7060797214508057,0.0039047226309776306,2.5173323154449463,2.5358834266662598,-0.33674806356430054,0.018551111221313477,0.6085498929023743,0.6543169021606445,0.14095668494701385,0.045767009258270264,0.9937671422958374,1.0,1.3512946367263794,0.006232857704162598
165,mid_50pct,101,34182,203,0.0265620369464159,0.12254618108272552,0.06165677309036255,-1.0120198726654053,-1.0,0.012019872665405273,True,-1.0,True,0.020149890333414078,0.0206031184643507,-0.10935990512371063,-0.06814267486333847,-0.9317837953567505,0.04121723026037216,0.21649247407913208,0.16211877763271332,0.6891084313392639,0.05437369644641876,0.009932652115821838,-0.04141531139612198,0.8771195411682129,0.05134796351194382,-2.7857632637023926,-2.7968990802764893,-1.4591186046600342,0.01113581657409668,0.31544193625450134,0.27566367387771606,1.0478887557983398,0.03977826237678528,3.061265707015991,3.0141730308532715,1.9233918190002441,0.04709267616271973,0.24551045894622803,0.3071672320365906,-0.66106116771698,0.06165677309036255,-1.0120198726654053,-1.0,-0.7490605115890503,0.012019872665405273
165,late_80pct,162,34243,203,0.0265620369464159,0.042284220457077026,0.03179216384887695,-1.0033081769943237,-1.0,0.0033081769943237305,True,-1.0,True,0.02015770971775055,0.020595118403434753,0.0993741974234581,0.09884650260210037,0.41869720816612244,0.000527694821357727,0.014033321291208267,-0.012201916426420212,-0.23927122354507446,0.02623523771762848,0.1368284970521927,0.13924823701381683,1.7182759046554565,0.0024197399616241455,-2.324463367462158,-2.3153741359710693,0.7875527143478394,0.009089231491088867,0.017481081187725067,0.017351534217596054,-0.36251190304756165,0.00012954697012901306,2.3896219730377197,2.3578298091888428,-0.8674071431159973,0.03179216384887695,0.9138020277023315,0.9142038226127625,0.8153121471405029,0.0004017949104309082,-1.0033081769943237,-1.0,-0.7399380207061768,0.0033081769943237305
166,early_20pct,41,34325,204,0.0265620369464159,0.055256422609090805,0.050511717796325684,0.9695250988006592,1.0,0.03047490119934082,True,1.0,True,0.03999999910593033,0.03999894857406616,-0.04045020788908005,-0.04147142171859741,-0.48594751954078674,0.0010212138295173645,-0.2672414779663086,-0.2701929211616516,-1.529061198234558,0.0029514431953430176,-0.28540730476379395,-0.26932331919670105,-1.080604910850525,0.016083985567092896,-2.816011428833008,-2.814014196395874,-1.6064364910125732,0.001997232437133789,0.03666350990533829,0.02285592630505562,-0.27171170711517334,0.013807583600282669,2.6535167694091797,2.647291660308838,0.229122132062912,0.006225109100341797,0.32610249519348145,0.37661421298980713,-0.48301923274993896,0.050511717796325684,0.9695250988006592,1.0,1.3259096145629883,0.03047490119934082
166,mid_50pct,102,34386,204,0.0265620369464159,0.061794791370630264,0.04654288291931152,-1.0193876028060913,-1.0,0.01938760280609131,True,-1.0,True,0.020007336512207985,0.020602624863386154,-0.061107292771339417,-0.05695926025509834,-0.619596004486084,0.004148032516241074,0.17091351747512817,0.1460842788219452,0.48010537028312683,0.024829238653182983,-0.10884469747543335,-0.11592890322208405,0.08977837860584259,0.007084205746650696,-2.738511323928833,-2.746577024459839,-1.228987693786621,0.00806570053100586,0.7850938439369202,0.7385509610176086,3.2709906101226807,0.04654288291931152,2.957274913787842,2.9485599994659424,1.4912922382354736,0.008714914321899414,-0.6118423342704773,-0.5830765962600708,-2.5551040172576904,0.028765738010406494,-1.0193876028060913,-1.0,-0.7567755579948425,0.01938760280609131
166,late_80pct,162,34446,204,0.0265620369464159,0.07257234305143356,0.050951242446899414,-0.9917120933532715,-1.0,0.008287906646728516,True,-1.0,True,0.020094621926546097,0.02050691284239292,0.06982029229402542,0.07324140518903732,0.2274874895811081,0.003421112895011902,0.06775583326816559,0.10230289399623871,0.007074177265167236,0.03454706072807312,0.10706663131713867,0.11170875281095505,1.5209929943084717,0.004642121493816376,-2.267589807510376,-2.2166385650634766,1.0645440816879272,0.050951242446899414,0.10501498728990555,0.09392742812633514,0.0518307089805603,0.011087559163570404,2.4572246074676514,2.4483871459960938,-0.5865067839622498,0.008837461471557617,0.3871939182281494,0.42244911193847656,-0.34805750846862793,0.03525519371032715,-0.9917120933532715,-1.0,-0.7277951836585999,0.008287906646728516
167,early_20pct,42,34530,210,0.0265620369464159,0.02366609312593937,0.017510414123535156,1.002933382987976,1.0,0.0029333829879760742,True,1.0,True,0.03999999910593033,0.03999895229935646,-0.040392108261585236,-0.03383135050535202,-0.48557162284851074,0.006560757756233215,-0.03479313850402832,-0.02665393427014351,-0.4631657004356384,0.008139204233884811,-0.22456470131874084,-0.22103339433670044,-0.6772965788841248,0.0035313069820404053,-2.5401735305786133,-2.5486481189727783,-0.2630210816860199,0.008474588394165039,0.02124561369419098,0.017146967351436615,-0.3446924686431885,0.004098646342754364,2.540234327316284,2.5577447414398193,-0.24158649146556854,0.017510414123535156,0.4103690981864929,0.41693350672721863,-0.2968595325946808,0.006564408540725708,1.002933382987976,1.0,1.3608930110931396,0.0029333829879760742
167,mid_50pct,104,34592,210,0.0265620369464159,0.04241632670164108,0.026859402656555176,-1.0018925666809082,-1.0,0.0018925666809082031,True,-1.0,True,0.019900167360901833,0.02034718729555607,-0.1327187418937683,-0.12453283369541168,-1.0829122066497803,0.008185908198356628,0.24149015545845032,0.21463075280189514,0.803735613822937,0.026859402656555176,-0.1055571585893631,-0.11423702538013458,0.11157050728797913,0.008679866790771484,-2.5252435207366943,-2.532554864883423,-0.19030731916427612,0.007311344146728516,0.14780737459659576,0.13878537714481354,0.2543888986110687,0.009021997451782227,2.7722742557525635,2.7569897174835205,0.7225810289382935,0.015284538269042969,0.0014069080352783203,0.025216542184352875,-1.2003288269042969,0.023809634149074554,-1.0018925666809082,-1.0,-0.7384557127952576,0.0018925666809082031
167,late_80pct,167,34655,210,0.0265620369464159,0.028175825253129005,0.018320798873901367,-0.9992396831512451,-1.0,0.0007603168487548828,True,-1.0,True,0.01989751122891903,0.020349757745862007,0.12683844566345215,0.12347346544265747,0.5963871479034424,0.0033649802207946777,0.07723509520292282,0.07743609696626663,0.050541505217552185,0.00020100176334381104,0.1282990723848343,0.1263314187526703,1.6617367267608643,0.0019676536321640015,-2.2565009593963623,-2.238180160522461,1.118550181388855,0.018320798873901367,0.014388225972652435,0.01344397570937872,-0.3771519660949707,0.000944250263273716,2.3534598350524902,2.3353209495544434,-1.0176676511764526,0.018138885498046875,0.6130049824714661,0.6236388683319092,0.1507987380027771,0.010633885860443115,-0.9992396831512451,-1.0,-0.7356776595115662,0.0007603168487548828
168,early_20pct,41,34739,206,0.0501873716711998,0.04229211062192917,0.027131378650665283,0.998426079750061,1.0,0.0015739202499389648,True,1.0,True,0.03999999910593033,0.03999922052025795,0.006671665236353874,0.017133405432105064,-0.18107545375823975,0.01046174019575119,-0.02618422359228134,-0.01511584222316742,-0.4236893951892853,0.011068381369113922,-0.16074158251285553,-0.15078532695770264,-0.2542312741279602,0.009956255555152893,-2.5101332664489746,-2.5221340656280518,-0.1167161837220192,0.012000799179077148,0.009932667016983032,0.012630484998226166,-0.39824241399765015,0.0026978179812431335,2.496948003768921,2.5208253860473633,-0.42144837975502014,0.023877382278442383,0.49843043088912964,0.5255618095397949,-0.10231651365756989,0.027131378650665283,0.998426079750061,1.0,1.3561732769012451,0.0015739202499389648
168,mid_50pct,102,34800,206,0.0501873716711998,0.060811493545770645,0.043158531188964844,-1.0177068710327148,-1.0,0.017706871032714844,True,-1.0,True,0.02010533958673477,0.02050076797604561,-0.04791133850812912,-0.043768737465143204,-0.5342199802398682,0.004142601042985916,0.3080899119377136,0.2649313807487488,1.1091299057006836,0.043158531188964844,-0.058645427227020264,-0.07004459202289581,0.4225350320339203,0.01139916479587555,-2.5019373893737793,-2.5085809230804443,-0.07680008560419083,0.006643533706665039,0.12638787925243378,0.12202616035938263,0.15299947559833527,0.0043617188930511475,2.818784475326538,2.7796640396118164,0.915839433670044,0.03912043571472168,0.27177694439888,0.2815087139606476,-0.6030339002609253,0.009731769561767578,-1.0177068710327148,-1.0,-0.7550155520439148,0.017706871032714844
168,late_80pct,164,34862,206,0.0501873716711998,0.03223200514912605,0.019990921020507812,-0.9886074066162109,-1.0,0.011392593383789062,True,-1.0,True,0.020068710669875145,0.020541412755846977,0.15358471870422363,0.16069158911705017,0.7694318294525146,0.007106870412826538,0.11104453355073929,0.09632933139801025,0.20557519793510437,0.014715202152729034,0.08911889791488647,0.09637375921010971,1.4020226001739502,0.007254861295223236,-2.2007553577423096,-2.1940126419067383,1.3900487422943115,0.006742715835571289,0.017182230949401855,0.016738399863243103,-0.3639265298843384,0.00044383108615875244,2.3200502395629883,2.3000593185424805,-1.1564898490905762,0.019990921020507812,0.7314298748970032,0.7479805946350098,0.4124200940132141,0.016550719738006592,-0.9886074066162109,-1.0,-0.7245441675186157,0.011392593383789062
169,early_20pct,43,34947,216,0.0501873716711998,0.030455756932497025,0.020686984062194824,0.9957550764083862,1.0,0.0042449235916137695,True,1.0,True,0.03999999910593033,0.03999932482838631,-0.032084397971630096,-0.018846048042178154,-0.43182188272476196,0.013238349929451942,-0.20134824514389038,-0.18066126108169556,-1.226906657218933,0.020686984062194824,-0.27672266960144043,-0.2704356014728546,-1.0230367183685303,0.006287068128585815,-2.7750906944274902,-2.76318621635437,-1.407139539718628,0.011904478073120117,-0.002144463360309601,0.0012323502451181412,-0.45540961623191833,0.003376813605427742,2.70348858833313,2.707282781600952,0.43676406145095825,0.0037941932678222656,0.48072052001953125,0.469889760017395,-0.14144086837768555,0.01083076000213623,0.9957550764083862,1.0,1.3533762693405151,0.0042449235916137695
169,mid_50pct,108,35012,216,0.0501873716711998,0.07827767729759216,0.054440200328826904,-0.99906325340271,-1.0,0.0009367465972900391,True,-1.0,True,0.020981458947062492,0.021912362426519394,-0.5216602683067322,-0.5761004686355591,-3.5993106365203857,0.054440200328826904,0.5718177556991577,0.5577225089073181,2.318457841873169,0.0140952467918396,0.0941452831029892,0.10663720965385437,1.4353411197662354,0.012491926550865173,-2.5228588581085205,-2.528254747390747,-0.1786932796239853,0.0053958892822265625,-0.37797820568084717,-0.3492244482040405,-2.234422445297241,0.02875375747680664,3.9050045013427734,3.920881509780884,5.4292778968811035,0.01587700843811035,-0.5730939507484436,-0.6143366694450378,-2.4695019721984863,0.04124271869659424,-0.99906325340271,-1.0,-0.7354929447174072,0.0009367465972900391
169,late_80pct,172,35076,216,0.0501873716711998,1.005623459815979,0.6375772356987,-1.0260032415390015,-1.0,0.026003241539001465,True,-1.0,True,0.021069500595331192,0.021457020193338394,1.5776978731155396,1.0833545923233032,9.983248710632324,0.49434328079223633,0.3161754608154297,0.35416465997695923,1.146206259727478,0.03798919916152954,-1.3717256784439087,-0.7341484427452087,-8.281498908996582,0.6375772356987,-2.4815573692321777,-2.3981826305389404,0.022457633167505264,0.0833747386932373,0.058163903653621674,0.4668444097042084,-0.16993936896324158,0.4086804986000061,2.9444549083709717,3.2749574184417725,1.4380221366882324,0.3305025100708008,-2.2380616664886475,-1.9628300666809082,-6.147707939147949,0.27523159980773926,-1.0260032415390015,-1.0,-0.7637030482292175,0.026003241539001465
170,early_20pct,40,35160,202,0.0501873716711998,0.016134856268763542,0.010337352752685547,1.0034289360046387,1.0,0.003428936004638672,True,1.0,True,0.03999999910593033,0.03999888524413109,-0.07311268150806427,-0.06933571398258209,-0.6972692012786865,0.0037769675254821777,0.07453656941652298,0.07625045627355576,0.03816736117005348,0.0017138868570327759,-0.22794078290462494,-0.22551167011260986,-0.6996756196022034,0.0024291127920150757,-2.3685810565948486,-2.378918409347534,0.5726866722106934,0.010337352752685547,0.0873611643910408,0.08600474148988724,-0.031733863055706024,0.0013564229011535645,2.48117995262146,2.490605354309082,-0.4869677722454071,0.00942540168762207,0.3990098237991333,0.39270973205566406,-0.3219541609287262,0.006300091743469238,1.0034289360046387,1.0,1.3614119291305542,0.003428936004638672
170,mid_50pct,100,35220,202,0.0501873716711998,0.05463103950023651,0.03472238779067993,-1.0026899576187134,-1.0,0.002689957618713379,True,-1.0,True,0.019936591386795044,0.02054337039589882,-0.1283894181251526,-0.11975160986185074,-1.0549020767211914,0.00863780826330185,0.4254630506038666,0.39074066281318665,1.6473462581634521,0.03472238779067993,-0.12436839938163757,-0.140029639005661,-0.013123825192451477,0.015661239624023438,-2.3555855751037598,-2.358001232147217,0.6359782814979553,0.0024156570434570312,0.31012797355651855,0.29063984751701355,1.0227351188659668,0.019488126039505005,2.8479936122894287,2.8180336952209473,1.0372084379196167,0.029959917068481445,0.28166598081588745,0.2949249744415283,-0.5811873078346252,0.01325899362564087,-1.0026899576187134,-1.0,-0.739290714263916,0.002689957618713379
170,late_80pct,161,35281,202,0.008777768351137638,0.053871702402830124,0.033358097076416016,-1.0071346759796143,-1.0,0.007134675979614258,True,-1.0,True,0.02002616599202156,0.0204574316740036,0.22524134814739227,0.23617836833000183,1.2330403327941895,0.010937020182609558,0.17699097096920013,0.19697922468185425,0.5079736113548279,0.019988253712654114,-0.025640718638896942,-0.0154140405356884,0.6413138508796692,0.010226678103208542,-2.112633466720581,-2.079275369644165,1.8192293643951416,0.033358097076416016,0.009172551333904266,0.006702039856463671,-0.4018404185771942,0.0024705114774405956,2.369497299194336,2.3542399406433105,-0.95102858543396,0.01525735855102539,1.0022339820861816,1.0326769351959229,1.0106738805770874,0.03044295310974121,-1.0071346759796143,-1.0,-0.7439449429512024,0.007134675979614258
171,early_20pct,42,35364,209,0.008777768351137638,0.029612796381115913,0.028371751308441162,1.0112632513046265,1.0,0.011263251304626465,True,1.0,True,0.03999999910593033,0.03999898582696915,-0.014369480311870575,-0.010995766147971153,-0.31720876693725586,0.0033737141638994217,-0.00283069908618927,0.0024654045701026917,-0.3166014552116394,0.005296103656291962,-0.2826918959617615,-0.2788085341453552,-1.0626051425933838,0.00388336181640625,-2.540743350982666,-2.539685010910034,-0.2657969295978546,0.001058340072631836,0.08698511123657227,0.08458982408046722,-0.033513911068439484,0.0023952871561050415,2.5719857215881348,2.57524037361145,-0.10965336859226227,0.0032546520233154297,0.4015797972679138,0.429951548576355,-0.3162766098976135,0.028371751308441162,1.0112632513046265,1.0,1.3696156740188599,0.011263251304626465
171,mid_50pct,104,35426,209,0.008777768351137638,0.03239701688289642,0.030624568462371826,-0.9944572448730469,-1.0,0.005542755126953125,True,-1.0,True,0.02018103003501892,0.020567111670970917,-0.050765760242938995,-0.049558524042367935,-0.5526877045631409,0.0012072362005710602,0.2101941704750061,0.20633086562156677,0.6602274179458618,0.003863304853439331,-0.20759829878807068,-0.20468446612358093,-0.5648310780525208,0.002913832664489746,-2.5374860763549805,-2.533306360244751,-0.24993224442005157,0.004179716110229492,0.29588180780410767,0.2880519926548004,0.9553006291389465,0.007829815149307251,2.7879323959350586,2.7850944995880127,0.7876439690589905,0.0028378963470458984,0.25589025020599365,0.2865148186683655,-0.6381303668022156,0.030624568462371826,-0.9944572448730469,-1.0,-0.7306697368621826,0.005542755126953125
171,late_80pct,166,35488,209,0.008777768351137638,0.03026067465543747,0.02357427030801773,-1.0002660751342773,-1.0,0.00026607513427734375,True,-1.0,True,0.020160997286438942,0.02058820240199566,0.1862948089838028,0.18287396430969238,0.981061577796936,0.0034208446741104126,0.08992606401443481,0.06635179370641708,0.10873612761497498,0.02357427030801773,-0.003474801778793335,-0.0015396694652736187,0.7882453799247742,0.0019351323135197163,-2.232680559158325,-2.2458207607269287,1.234562635421753,0.013140201568603516,0.04317977651953697,0.04138922318816185,-0.24086688458919525,0.001790553331375122,2.399240255355835,2.388155937194824,-0.8274414539337158,0.011084318161010742,0.94703209400177,0.9537983536720276,0.8887231945991516,0.006766259670257568,-1.0002660751342773,-1.0,-0.7367525100708008,0.00026607513427734375
172,early_20pct,42,35573,209,0.008777768351137638,0.024516422301530838,0.01885390281677246,0.9958490133285522,1.0,0.004150986671447754,True,1.0,True,0.03999999910593033,0.03999897092580795,-0.09442585706710815,-0.0879245325922966,-0.8351625800132751,0.006501324474811554,-0.21806132793426514,-0.20526395738124847,-1.3035448789596558,0.012797370553016663,-0.3104100525379181,-0.3085516691207886,-1.2463408708572388,0.0018583834171295166,-2.7611653804779053,-2.765730619430542,-1.3393192291259766,0.004565238952636719,-0.04893800616264343,-0.04741387069225311,-0.6769073009490967,0.0015241354703903198,2.5867068767547607,2.605560779571533,-0.04848458245396614,0.01885390281677246,0.44077983498573303,0.44437530636787415,-0.22967684268951416,0.0035954713821411133,0.9958490133285522,1.0,1.3534746170043945,0.004150986671447754
172,mid_50pct,104,35635,209,0.008777768351137638,0.021907499060034752,0.015499264001846313,-0.9886747598648071,-1.0,0.011325240135192871,True,-1.0,True,0.02022922970354557,0.020649340003728867,-0.04541274160146713,-0.04981335997581482,-0.5180544257164001,0.004400618374347687,0.07066863030195236,0.08189854770898819,0.02043086290359497,0.011229917407035828,-0.3137388229370117,-0.2982395589351654,-1.2684062719345093,0.015499264001846313,-2.7538177967071533,-2.7496256828308105,-1.3035340309143066,0.0041921138763427734,0.2276555895805359,0.2309097796678543,0.6323512196540833,0.0032541900873184204,2.819575786590576,2.827699899673462,0.9191272854804993,0.008124113082885742,0.19952252507209778,0.19925779104232788,-0.762656569480896,0.00026473402976989746,-0.9886747598648071,-1.0,-0.7246146202087402,0.011325240135192871
172,late_80pct,166,35697,209,0.008777768351137638,0.019557183608412743,0.010236501693725586,-1.0045922994613647,-1.0,0.004592299461364746,True,-1.0,True,0.020206479355692863,0.020674115046858788,0.17707417905330658,0.18520957231521606,0.9214053750038147,0.008135393261909485,0.12525056302547455,0.11552126705646515,0.27071714401245117,0.0097292959690094,0.036244168877601624,0.043359749019145966,1.0515310764312744,0.007115580141544342,-2.1601786613464355,-2.154299020767212,1.5876696109771729,0.005879640579223633,0.04405873268842697,0.043616682291030884,-0.23670634627342224,0.00044205039739608765,2.3073842525482178,2.297147750854492,-1.2091199159622192,0.010236501693725586,0.9550999402999878,0.9607085585594177,0.9065465331077576,0.005608618259429932,-1.0045922994613647,-1.0,-0.7412827014923096,0.004592299461364746
173,early_20pct,41,35781,208,0.008777768351137638,0.013400771655142307,0.00850321352481842,1.003070592880249,1.0,0.0030705928802490234,True,1.0,True,0.03999999910593033,0.03999866545200348,-0.0886019766330719,-0.08552204072475433,-0.7974828481674194,0.003079935908317566,0.10822324454784393,0.09972003102302551,0.19263814389705658,0.00850321352481842,-0.2677000164985657,-0.2656016945838928,-0.9632282257080078,0.0020983219146728516,-2.371027946472168,-2.3729546070098877,0.5607692003250122,0.0019266605377197266,0.1344175636768341,0.1286194920539856,0.191008061170578,0.005798071622848511,2.5040786266326904,2.498690605163574,-0.39181986451148987,0.005388021469116211,0.3030133843421936,0.29781466722488403,-0.5340271592140198,0.00519871711730957,1.003070592880249,1.0,1.3610366582870483,0.0030705928802490234
173,mid_50pct,104,35844,208,0.018410328775644302,0.035642433911561966,0.026785820722579956,-1.0027226209640503,-1.0,0.002722620964050293,True,-1.0,True,0.019924920052289963,0.020317014306783676,-0.11200815439224243,-0.10388326644897461,-0.9489176273345947,0.008124887943267822,0.3669124245643616,0.3401266038417816,1.378861427307129,0.026785820722579956,-0.2072409987449646,-0.21567612886428833,-0.5624626874923706,0.00843513011932373,-2.351426601409912,-2.3589892387390137,0.6562332510948181,0.0075626373291015625,0.30624160170555115,0.2915426790714264,1.0043388605117798,0.014698922634124756,2.735123634338379,2.727299690246582,0.5682138800621033,0.007823944091796875,0.26508021354675293,0.25606513023376465,-0.6178281307220459,0.009015083312988281,-1.0027226209640503,-1.0,-0.7393248081207275,0.002722620964050293
173,late_80pct,166,35906,208,0.018410328775644302,0.018381856381893158,0.013482153415679932,-1.0055735111236572,-1.0,0.0055735111236572266,True,-1.0,True,0.01989944465458393,0.02034403383731842,0.2296205312013626,0.22906425595283508,1.2613730430603027,0.0005562752485275269,0.09159998595714569,0.08676080405712128,0.11641193181276321,0.004839181900024414,-0.06381362676620483,-0.05866565555334091,0.38827648758888245,0.005147971212863922,-2.2247040271759033,-2.2340548038482666,1.2734112739562988,0.009350776672363281,0.034371886402368546,0.03502447158098221,-0.2825591266155243,0.0006525851786136627,2.373612642288208,2.377859115600586,-0.9339288473129272,0.00424647331237793,0.9588518738746643,0.9723340272903442,0.9148352742195129,0.013482153415679932,-1.0055735111236572,-1.0,-0.7423101663589478,0.0055735111236572266
174,early_20pct,40,35988,203,0.018410328775644302,0.04821424558758736,0.028457194566726685,1.0006656646728516,1.0,0.0006656646728515625,True,1.0,True,0.03999999910593033,0.039998240768909454,-0.055674560368061066,-0.04690895602107048,-0.5844469666481018,0.008765604346990585,0.06840372085571289,0.04652170091867447,0.010045096278190613,0.02188201993703842,-0.2642180919647217,-0.2622801661491394,-0.9401475787162781,0.0019379258155822754,-2.4263317584991455,-2.425809383392334,0.29142293334007263,0.0005223751068115234,0.16579031944274902,0.14416258037090302,0.33951136469841003,0.02162773907184601,2.56640625,2.54433012008667,-0.13283728063106537,0.022076129913330078,0.25369003415107727,0.28214722871780396,-0.6429910659790039,0.028457194566726685,1.0006656646728516,1.0,1.358518362045288,0.0006656646728515625
174,mid_50pct,101,36049,203,0.018410328775644302,0.03976314142346382,0.03385917842388153,-1.0060465335845947,-1.0,0.0060465335845947266,True,-1.0,True,0.01986381597816944,0.02044602483510971,-0.16445039212703705,-0.15625889599323273,-1.288211703300476,0.008191496133804321,0.3743169605731964,0.36069345474243164,1.4128150939941406,0.01362350583076477,-0.09047369658946991,-0.10014160722494125,0.21155449748039246,0.009667910635471344,-2.394967794418335,-2.392449140548706,0.4441750645637512,0.0025186538696289062,0.43161725997924805,0.4255738854408264,1.5978058576583862,0.006043374538421631,2.8504889011383057,2.8437340259552,1.047576904296875,0.006754875183105469,-0.045195817947387695,-0.011336641386151314,-1.303282380104065,0.03385917842388153,-1.0060465335845947,-1.0,-0.742805540561676,0.0060465335845947266
174,late_80pct,162,36110,203,0.018410328775644302,0.05347269028425217,0.04481363296508789,-0.9969106912612915,-1.0,0.003089308738708496,True,-1.0,True,0.01996249333024025,0.02034388855099678,0.14794224500656128,0.16155260801315308,0.7329257726669312,0.013610363006591797,0.046769458800554276,0.04052213579416275,-0.08915916085243225,0.006247323006391525,0.017042726278305054,0.0385017953813076,0.9242502450942993,0.021459069103002548,-2.263404130935669,-2.2725465297698975,1.084930181503296,0.009142398834228516,0.05243285372853279,0.04950718581676483,-0.19706735014915466,0.0029256679117679596,2.4335432052612305,2.442154884338379,-0.6849066615104675,0.008611679077148438,0.761194109916687,0.8060077428817749,0.4781745970249176,0.04481363296508789,-0.9969106912612915,-1.0,-0.733238935470581,0.003089308738708496
175,early_20pct,41,36192,207,0.018410328775644302,0.049513958394527435,0.046830952167510986,0.9911302328109741,1.0,0.008869767189025879,True,1.0,True,0.03999999910593033,0.03999952971935272,-0.01704270765185356,-0.02021695300936699,-0.3345041871070862,0.0031742453575134277,-0.12160149961709976,-0.11340589821338654,-0.8612267971038818,0.008195601403713226,-0.19906654953956604,-0.19355475902557373,-0.5082765221595764,0.00551179051399231,-2.659458875656128,-2.657395124435425,-0.8439772725105286,0.002063751220703125,0.010317899286746979,0.010747693479061127,-0.39641889929771423,0.00042979419231414795,2.617812156677246,2.629912853240967,0.08076397329568863,0.012100696563720703,0.5232686996459961,0.5700996518135071,-0.04744449257850647,0.046830952167510986,0.9911302328109741,1.0,1.3485333919525146,0.008869767189025879
175,mid_50pct,103,36254,207,0.018410328775644302,0.09078472852706909,0.06022745370864868,-0.9965059757232666,-1.0,0.0034940242767333984,True,-1.0,True,0.020168624818325043,0.020543038845062256,0.04135895147919655,0.05866874381899834,0.043346527963876724,0.01730979233980179,0.23778599500656128,0.1775585412979126,0.7867501974105835,0.06022745370864868,-0.20766516029834747,-0.23465076088905334,-0.5652742981910706,0.02698560059070587,-2.642282724380493,-2.6492042541503906,-0.7603248953819275,0.006921529769897461,0.1838710606098175,0.14671824872493744,0.425096720457077,0.037152811884880066,2.9360435009002686,2.896540641784668,1.403071403503418,0.039502859115600586,0.5175715088844299,0.5420246124267578,-0.06003057211637497,0.02445310354232788,-0.9965059757232666,-1.0,-0.732815146446228,0.0034940242767333984
175,late_80pct,165,36316,207,0.018410328775644302,0.053127411752939224,0.03801298141479492,-1.0055217742919922,-1.0,0.0055217742919921875,True,-1.0,True,0.020113836973905563,0.020601915195584297,0.2875889539718628,0.28680625557899475,1.6364208459854126,0.000782698392868042,0.12818123400211334,0.10152403265237808,0.28415578603744507,0.02665720134973526,-0.050735317170619965,-0.049877315759658813,0.47496888041496277,0.0008580014109611511,-2.1963133811950684,-2.174131155014038,1.4116829633712769,0.022182226181030273,-0.03993476927280426,-0.04057709500193596,-0.6342903971672058,0.0006423257291316986,2.374929189682007,2.336916208267212,-0.928458571434021,0.03801298141479492,1.1024173498153687,1.1155747175216675,1.2319966554641724,0.013157367706298828,-1.0055217742919922,-1.0,-0.7422559261322021,0.0055217742919921875
176,early_20pct,41,36399,208,0.018557025119662285,0.04194837808609009,0.039323270320892334,1.0140880346298218,1.0,0.014088034629821777,True,1.0,True,0.03999999910593033,0.039998844265937805,-0.090153269469738,-0.08743081241846085,-0.8075194954872131,0.0027224570512771606,0.09670896083116531,0.10051117837429047,0.13983920216560364,0.0038022175431251526,-0.25681746006011963,-0.2575117349624634,-0.891090989112854,0.00069427490234375,-2.357987880706787,-2.3624300956726074,0.624278724193573,0.0044422149658203125,0.07311604917049408,0.06069891154766083,-0.0991632342338562,0.012417137622833252,2.467520236968994,2.4716527462005615,-0.5437264442443848,0.004132509231567383,0.30525267124176025,0.3445759415626526,-0.5290800929069519,0.039323270320892334,1.0140880346298218,1.0,1.3725736141204834,0.014088034629821777
176,mid_50pct,104,36462,208,0.018557025119662285,0.019719423726201057,0.01244664192199707,-0.9907652139663696,-1.0,0.009234786033630371,True,-1.0,True,0.019844986498355865,0.02035416290163994,-0.22936339676380157,-0.23650893568992615,-1.7081899642944336,0.007145538926124573,0.32479050755500793,0.3350794315338135,1.1857106685638428,0.010288923978805542,-0.09854837507009506,-0.09435776621103287,0.15802976489067078,0.004190608859062195,-2.36393141746521,-2.360701084136963,0.5953308343887329,0.0032303333282470703,0.17222167551517487,0.1731642186641693,0.3699542284011841,0.0009425431489944458,2.704986095428467,2.717432737350464,0.44298651814460754,0.01244664192199707,-0.15327239036560059,-0.146334707736969,-1.5420424938201904,0.006937682628631592,-0.9907652139663696,-1.0,-0.726803719997406,0.009234786033630371
176,late_80pct,166,36524,208,0.018557025119662285,0.04062604159116745,0.03401312232017517,-1.0228424072265625,-1.0,0.0228424072265625,True,-1.0,True,0.01987018994987011,0.020323719829320908,0.031899306923151016,0.03964124619960785,-0.01785607635974884,0.007741939276456833,-0.03532183915376663,-0.05122850462794304,-0.46559008955955505,0.015906665474176407,0.14228852093219757,0.13869218528270721,1.7544689178466797,0.0035963356494903564,-2.4036002159118652,-2.4077560901641846,0.40213245153427124,0.004155874252319336,0.045306410640478134,0.04429824650287628,-0.23080044984817505,0.0010081641376018524,2.407064437866211,2.394841432571411,-0.7949303388595581,0.012223005294799805,0.4426365792751312,0.4766497015953064,-0.22557495534420013,0.03401312232017517,-1.0228424072265625,-1.0,-0.7603932023048401,0.0228424072265625
177,early_20pct,41,36607,207,0.018557025119662285,0.051188498735427856,0.042085230350494385,0.9930143356323242,1.0,0.006985664367675781,True,1.0,True,0.03999999910593033,0.03999924287199974,-0.033369794487953186,-0.029853468760848045,-0.44013819098472595,0.0035163257271051407,-0.14782807230949402,-0.13150277733802795,-0.9814891219139099,0.016325294971466064,-0.2910749316215515,-0.28277748823165894,-1.1181739568710327,0.008297443389892578,-2.70611834526062,-2.71051025390625,-1.0712231397628784,0.004391908645629883,0.011966347694396973,0.01203613169491291,-0.3886159658432007,6.97840005159378e-05,2.6270411014556885,2.6489973068237305,0.11911139637231827,0.021956205368041992,0.41365206241607666,0.45573729276657104,-0.28960686922073364,0.042085230350494385,0.9930143356323242,1.0,1.35050630569458,0.006985664367675781
177,mid_50pct,103,36669,207,0.018557025119662285,0.05177125707268715,0.03941839933395386,-0.9983006715774536,-1.0,0.0016993284225463867,True,-1.0,True,0.02023625746369362,0.02058413065969944,0.22844021022319794,0.22907325625419617,1.2537366151809692,0.00063304603099823,0.11839819699525833,0.1179053783416748,0.23929552733898163,0.0004928186535835266,-0.5124590396881104,-0.4913594126701355,-2.5856659412384033,0.021099627017974854,-2.7151007652282715,-2.705719232559204,-1.1149710416793823,0.009381532669067383,0.1743822693824768,0.1568310707807541,0.3801814615726471,0.017551198601722717,2.895509958267212,2.878641128540039,1.234647274017334,0.01686882972717285,0.7093315720558167,0.7487499713897705,0.36360111832618713,0.03941839933395386,-0.9983006715774536,-1.0,-0.7346944808959961,0.0016993284225463867
177,late_80pct,165,36731,207,0.018557025119662285,0.029700882732868195,0.018091842532157898,-0.9988887310028076,-1.0,0.0011112689971923828,True,-1.0,True,0.02016589045524597,0.02066040225327015,0.4370501637458801,0.4355928599834442,2.603414297103882,0.001457303762435913,0.1548912525177002,0.1729830950498581,0.40663498640060425,0.018091842532157898,-0.22258847951889038,-0.22987625002861023,-0.664196789264679,0.007287770509719849,-2.15602445602417,-2.1429920196533203,1.6079022884368896,0.01303243637084961,-0.010879501700401306,-0.008520741946995258,-0.49675703048706055,0.002358759753406048,2.361818313598633,2.3648087978363037,-0.9829370379447937,0.0029904842376708984,1.3879542350769043,1.370199203491211,1.8627976179122925,0.01775503158569336,-0.9988887310028076,-1.0,-0.7353102564811707,0.0011112689971923828
178,early_20pct,40,36813,201,0.018557025119662285,0.0218269694596529,0.01612839102745056,0.9984784126281738,1.0,0.0015215873718261719,True,1.0,True,0.03999999910593033,0.03999999910593033,-0.007388480007648468,-0.005071719642728567,-0.2720426619052887,0.002316760364919901,-0.15369385480880737,-0.1375654637813568,-1.0083868503570557,0.01612839102745056,-0.19562307000160217,-0.1878667026758194,-0.48545077443122864,0.007756367325782776,-2.665128231048584,-2.657716751098633,-0.8715894222259521,0.007411479949951172,0.015000365674495697,0.015558097511529922,-0.37425440549850464,0.0005577318370342255,2.566852569580078,2.576352834701538,-0.13098296523094177,0.009500265121459961,0.6150221824645996,0.6173171401023865,0.15525507926940918,0.0022949576377868652,0.9984784126281738,1.0,1.356227993965149,0.0015215873718261719
178,mid_50pct,100,36873,201,0.018557025119662285,0.10353945195674896,0.05842851102352142,-0.9891825914382935,-1.0,0.010817408561706543,True,-1.0,True,0.02038879692554474,0.02072136476635933,0.09355675429105759,0.1251092404127121,0.3810591399669647,0.03155248612165451,0.2922641634941101,0.23383565247058868,1.0365606546401978,0.05842851102352142,-0.22371222078800201,-0.26135340332984924,-0.6716457009315491,0.03764118254184723,-2.6281638145446777,-2.6424272060394287,-0.6915607452392578,0.014263391494750977,0.3150930404663086,0.2620522975921631,1.0462372303009033,0.05304074287414551,2.9895198345184326,2.9485363960266113,1.6252753734588623,0.04098343849182129,0.8349423408508301,0.8490030169487,0.6410974264144897,0.014060676097869873,-0.9891825914382935,-1.0,-0.7251464128494263,0.010817408561706543
178,late_80pct,160,36933,201,0.023730825632810593,0.05098413676023483,0.03506612777709961,-1.0005909204483032,-1.0,0.0005909204483032227,True,-1.0,True,0.02032429166138172,0.020796582102775574,0.357582151889801,0.3649870455265045,2.0892670154571533,0.007404893636703491,0.045976147055625916,0.06619288772344589,-0.09279689192771912,0.020216740667819977,-0.19665859639644623,-0.1913144439458847,-0.4923149347305298,0.0053441524505615234,-2.2563493251800537,-2.221283197402954,1.1192893981933594,0.03506612777709961,-0.023440256714820862,-0.027169086039066315,-0.5562134981155396,0.003728829324245453,2.3650288581848145,2.3509769439697266,-0.9695963263511658,0.01405191421508789,1.4046032428741455,1.4304156303405762,1.899578332901001,0.025812387466430664,-1.0005909204483032,-1.0,-0.7370926141738892,0.0005909204483032227
179,early_20pct,41,37015,204,0.023730825632810593,0.04798471927642822,0.03960585594177246,1.0007988214492798,1.0,0.0007988214492797852,True,1.0,True,0.03999999910593033,0.039999380707740784,-0.03789542615413666,-0.03092293255031109,-0.46941840648651123,0.006972493603825569,-0.2164476215839386,-0.19871683418750763,-1.2961450815200806,0.01773078739643097,-0.2270803153514862,-0.21978382766246796,-0.6939718127250671,0.0072964876890182495,-2.7436015605926514,-2.7424991130828857,-1.253778338432312,0.001102447509765625,-0.003588832914829254,-0.0017500044777989388,-0.4622465670108795,0.0018388284370303154,2.6066949367523193,2.6243889331817627,0.03456926345825195,0.01769399642944336,0.5027081966400146,0.5423140525817871,-0.09286627918481827,0.03960585594177246,1.0007988214492798,1.0,1.3586578369140625,0.0007988214492797852
179,mid_50pct,102,37076,204,0.023730825632810593,0.20494259893894196,0.09740293025970459,-1.0062893629074097,-1.0,0.006289362907409668,True,-1.0,True,0.019972223788499832,0.020441154018044472,-0.09198009967803955,-0.0209726020693779,-0.819338858127594,0.07100749760866165,0.24411547183990479,0.1467125415802002,0.8157740235328674,0.09740293025970459,-0.06529403477907181,-0.15324938297271729,0.3784632980823517,0.08795534819364548,-2.7245728969573975,-2.7415990829467773,-1.1611024141311646,0.017026185989379883,0.41084927320480347,0.3171648681163788,1.4995003938674927,0.09368440508842468,3.0605666637420654,2.985060691833496,1.9204875230789185,0.07550597190856934,0.11749574542045593,0.18798062205314636,-0.9438681602478027,0.07048487663269043,-1.0062893629074097,-1.0,-0.7430598139762878,0.006289362907409668
179,late_80pct,162,37136,204,0.023730825632810593,0.03302080184221268,0.026743419468402863,-0.9965182542800903,-1.0,0.003481745719909668,True,-1.0,True,0.01999426633119583,0.020416494458913803,0.1819475293159485,0.18152494728565216,0.9529353380203247,0.0004225820302963257,-0.02058495581150055,-0.04732837527990341,-0.3980138897895813,0.026743419468402863,0.10510501265525818,0.10487746447324753,1.5079900026321411,0.00022754818201065063,-2.3884377479553223,-2.4020988941192627,0.4759785532951355,0.01366114616394043,-0.03157562017440796,-0.026392173022031784,-0.5947222709655762,0.005183447152376175,2.4670910835266113,2.4555578231811523,-0.5455093383789062,0.011533260345458984,0.9678777456283569,0.9732089042663574,0.9347749352455139,0.005331158638000488,-0.9965182542800903,-1.0,-0.7328279614448547,0.003481745719909668
180,early_20pct,40,37218,201,0.023730825632810593,0.0631355419754982,0.06169816851615906,1.0015490055084229,1.0,0.0015490055084228516,True,1.0,True,0.03999999910593033,0.03999881446361542,-0.06997969001531601,-0.07132940739393234,-0.6769992113113403,0.001349717378616333,-0.19281786680221558,-0.18445734679698944,-1.1877905130386353,0.008360520005226135,-0.31715160608291626,-0.3073677122592926,-1.2910288572311401,0.009783893823623657,-2.713771104812622,-2.7143874168395996,-1.1084948778152466,0.0006163120269775391,-0.05936826765537262,-0.06276890635490417,-0.726279079914093,0.003400638699531555,2.557652235031128,2.557441473007202,-0.16921183466911316,0.00021076202392578125,0.3662566542625427,0.4279548227787018,-0.3943116366863251,0.06169816851615906,1.0015490055084229,1.0,1.3594434261322021,0.0015490055084228516
180,mid_50pct,100,37278,201,0.023730825632810593,0.03103691153228283,0.024539530277252197,-0.9963037967681885,-1.0,0.0036962032318115234,True,-1.0,True,0.019874166697263718,0.020401759073138237,-0.1406572312116623,-0.14997556805610657,-1.1342731714248657,0.009318336844444275,0.16435611248016357,0.16847889125347137,0.4500362277030945,0.0041227787733078,-0.1726994812488556,-0.16205647587776184,-0.3334967792034149,0.01064300537109375,-2.6991841793060303,-2.704529285430908,-1.0374517440795898,0.00534510612487793,0.280637264251709,0.2842941880226135,0.8831404447555542,0.003656923770904541,2.887349843978882,2.8974521160125732,1.2007403373718262,0.010102272033691406,-0.1232309341430664,-0.1477704644203186,-1.4756757020950317,0.024539530277252197,-0.9963037967681885,-1.0,-0.7326034307479858,0.0036962032318115234
180,late_80pct,160,37338,201,0.023730825632810593,0.03219764307141304,0.02131599187850952,-1.0109635591506958,-1.0,0.0109635591506958,True,-1.0,True,0.01991928182542324,0.0203532874584198,0.08923222124576569,0.09513039141893387,0.35308003425598145,0.005898170173168182,-0.04489947855472565,-0.06621547043323517,-0.509508490562439,0.02131599187850952,0.12544594705104828,0.12502050399780273,1.6428242921829224,0.00042544305324554443,-2.387474298477173,-2.404367685317993,0.48067039251327515,0.016893386840820312,0.04359978437423706,0.04110853746533394,-0.2388787865638733,0.002491246908903122,2.390892505645752,2.3828985691070557,-0.8621282577514648,0.007993936538696289,0.6104926466941833,0.6243436932563782,0.14524853229522705,0.013851046562194824,-1.0109635591506958,-1.0,-0.7479543685913086,0.0109635591506958
181,early_20pct,41,37420,206,0.023730825632810593,0.04727782681584358,0.04383698105812073,0.9859951734542847,1.0,0.014004826545715332,True,1.0,True,0.03999999910593033,0.03999919071793556,-0.08468981087207794,-0.08185844868421555,-0.772171676158905,0.0028313621878623962,-0.21080273389816284,-0.20110100507736206,-1.2702604532241821,0.009701728820800781,-0.2577800452709198,-0.24597349762916565,-0.8974716067314148,0.01180654764175415,-2.7757174968719482,-2.775813341140747,-1.410192608833313,9.584426879882812e-05,-0.07297717034816742,-0.07336903363466263,-0.7906969785690308,0.00039186328649520874,2.6233060359954834,2.6317803859710693,0.10359158366918564,0.008474349975585938,0.4866912066936493,0.53052818775177,-0.12825053930282593,0.04383698105812073,0.9859951734542847,1.0,1.3431562185287476,0.014004826545715332
181,mid_50pct,102,37481,206,0.02158941701054573,0.05199902132153511,0.04457840323448181,-0.9917221069335938,-1.0,0.00827789306640625,True,-1.0,True,0.020135212689638138,0.020567700266838074,-0.04446003586053848,-0.041001901030540466,-0.5118905305862427,0.0034581348299980164,0.07718126475811005,0.06785838305950165,0.05029463768005371,0.009322881698608398,-0.24313385784626007,-0.24910740554332733,-0.8003861904144287,0.005973547697067261,-2.7936739921569824,-2.7837376594543457,-1.497646450996399,0.009936332702636719,0.11230748891830444,0.09160149097442627,0.08634983003139496,0.020705997943878174,2.917156934738159,2.9097652435302734,1.3245946168899536,0.007391691207885742,0.2577444314956665,0.3023228347301483,-0.6340341567993164,0.04457840323448181,-0.9917221069335938,-1.0,-0.7278056740760803,0.00827789306640625
181,late_80pct,164,37543,206,0.02158941701054573,0.042058542370796204,0.03232431411743164,-1.0004900693893433,-1.0,0.0004900693893432617,True,-1.0,True,0.0201223473995924,0.02058142051100731,0.16696332395076752,0.16264744102954865,0.8559895157814026,0.004315882921218872,0.015802666544914246,0.007175125181674957,-0.23115786910057068,0.008627541363239288,0.09536156058311462,0.09301519393920898,1.4434034824371338,0.0023463666439056396,-2.336721420288086,-2.3121771812438965,0.727852463722229,0.024544239044189453,-0.034607186913490295,-0.03822560980916023,-0.6090722680091858,0.003618422895669937,2.40236234664917,2.3700380325317383,-0.8144685626029968,0.03232431411743164,0.9539119005203247,0.95707106590271,0.9039219617843628,0.003159165382385254,-1.0004900693893433,-1.0,-0.7369870543479919,0.0004900693893432617
182,early_20pct,40,37625,201,0.02158941701054573,0.0790879875421524,0.07240056991577148,0.9990627765655518,1.0,0.0009372234344482422,True,1.0,True,0.03999999910593033,0.03999941051006317,-0.0454302579164505,-0.04400328919291496,-0.5181677341461182,0.0014269687235355377,-0.14103731513023376,-0.15114179253578186,-0.9503500461578369,0.010104477405548096,-0.2435629963874817,-0.22158466279506683,-0.8032308220863342,0.021978333592414856,-2.6498160362243652,-2.6444315910339355,-0.7970135807991028,0.0053844451904296875,0.03420543670654297,0.015178615227341652,-0.2833470106124878,0.019026821479201317,2.572667121887207,2.5667619705200195,-0.10682227462530136,0.0059051513671875,0.4250219464302063,0.4974225163459778,-0.2644887864589691,0.07240056991577148,0.9990627765655518,1.0,1.356839895248413,0.0009372234344482422
182,mid_50pct,100,37685,201,0.02158941701054573,0.045384690165519714,0.02744002640247345,-1.0111147165298462,-1.0,0.011114716529846191,True,-1.0,True,0.019216734915971756,0.021178577095270157,-0.21068614721298218,-0.20184540748596191,-1.587350606918335,0.008840739727020264,0.2717714309692383,0.2583063542842865,0.9425908923149109,0.013465076684951782,0.0017835348844528198,-0.009444238618016243,0.8231014013290405,0.011227773502469063,-2.601184844970703,-2.6010286808013916,-0.5601649880409241,0.00015616416931152344,0.3804275095462799,0.3586198091506958,1.3554985523223877,0.021807700395584106,2.9142956733703613,2.8931844234466553,1.312705159187317,0.021111249923706055,-0.18692004680633545,-0.159480020403862,-1.6163760423660278,0.02744002640247345,-1.0111147165298462,-1.0,-0.7481125593185425,0.011114716529846191
182,late_80pct,160,37745,201,0.02158941701054573,0.0699714720249176,0.06213390827178955,-1.013613224029541,-1.0,0.013613224029541016,True,-1.0,True,0.01999782770872116,0.020413793623447418,0.035558413714170456,0.050952985882759094,0.00581783801317215,0.015394572168588638,-0.029723063111305237,-0.043235648423433304,-0.43991678953170776,0.013512585312128067,0.19433437287807465,0.21690484881401062,2.09946608543396,0.022570475935935974,-2.3379228115081787,-2.3401994705200195,0.7220007181167603,0.0022766590118408203,0.10581045597791672,0.10085640847682953,0.05559605732560158,0.004954047501087189,2.369281768798828,2.3605268001556396,-0.951924741268158,0.008754968643188477,0.5312852263450623,0.5934191346168518,-0.029734529554843903,0.06213390827178955,-1.013613224029541,-1.0,-0.7507289052009583,0.013613224029541016
183,early_20pct,40,37826,203,0.02158941701054573,0.09136369824409485,0.08763337135314941,0.9849668741226196,1.0,0.015033125877380371,True,1.0,True,0.03999999910593033,0.039998870342969894,-0.06322848796844482,-0.06839732825756073,-0.6333198547363281,0.005168840289115906,-0.2523598074913025,-0.2655518651008606,-1.4608210325241089,0.013192057609558105,-0.31895190477371216,-0.3092184066772461,-1.302962303161621,0.009733498096466064,-2.784435987472534,-2.784144163131714,-1.4526540040969849,0.0002918243408203125,-0.01912914216518402,-0.037579238414764404,-0.5358067750930786,0.018450096249580383,2.631436347961426,2.625802755355835,0.1373748779296875,0.00563359260559082,0.34439948201179504,0.43203285336494446,-0.4425979554653168,0.08763337135314941,0.9849668741226196,1.0,1.3420794010162354,0.015033125877380371
183,mid_50pct,101,37887,203,0.02158941701054573,0.08450186252593994,0.057418763637542725,-1.0121502876281738,-1.0,0.012150287628173828,True,-1.0,True,0.020121876150369644,0.020661599934101105,-0.033223092555999756,-0.008262146264314651,-0.43918904662132263,0.024960946291685104,0.2190035879611969,0.1819320023059845,0.700623095035553,0.0370715856552124,-0.19889704883098602,-0.23541954159736633,-0.5071529746055603,0.03652249276638031,-2.7339584827423096,-2.743943214416504,-1.2068136930465698,0.009984731674194336,0.5924091935157776,0.5349904298782349,2.3589160442352295,0.057418763637542725,3.0002212524414062,2.984191417694092,1.6697419881820679,0.016029834747314453,-0.0466005802154541,-0.0341203436255455,-1.3063857555389404,0.0124802365899086,-1.0121502876281738,-1.0,-0.7491970062255859,0.012150287628173828
183,late_80pct,162,37948,203,0.02158941701054573,0.029422424733638763,0.02255452424287796,-1.0081770420074463,-1.0,0.008177042007446289,True,-1.0,True,0.020178189501166344,0.020600980147719383,0.23258447647094727,0.2366901934146881,1.28054940700531,0.004105716943740845,-0.09234528988599777,-0.06979076564311981,-0.72707200050354,0.02255452424287796,-0.032533369958400726,-0.02694849669933319,0.5956243872642517,0.005584873259067535,-2.4315576553344727,-2.4224681854248047,0.26597094535827637,0.009089469909667969,-0.00041541457176208496,-0.001012634951621294,-0.4472251534461975,0.0005972203798592091,2.4256598949432373,2.4361329078674316,-0.7176636457443237,0.010473012924194336,0.9298371076583862,0.9406197667121887,0.8507366180419922,0.01078265905380249,-1.0081770420074463,-1.0,-0.7450364232063293,0.008177042007446289
184,early_20pct,40,38029,202,0.014041397720575333,0.040109142661094666,0.03040260076522827,0.9900200366973877,1.0,0.009979963302612305,True,1.0,True,0.03999999910593033,0.039999399334192276,-0.00958152487874031,-0.007496131584048271,-0.2862313687801361,0.0020853932946920395,-0.15385079383850098,-0.13951121270656586,-1.0091063976287842,0.01433958113193512,-0.17935381829738617,-0.1704784333705902,-0.37760648131370544,0.00887538492679596,-2.665010690689087,-2.6598386764526367,-0.8710169196128845,0.005172014236450195,0.04444890841841698,0.04648599028587341,-0.234859436750412,0.002037081867456436,2.5692496299743652,2.588348865509033,-0.1210225522518158,0.01909923553466797,0.5106653571128845,0.5410679578781128,-0.07528743147850037,0.03040260076522827,0.9900200366973877,1.0,1.3473708629608154,0.009979963302612305
184,mid_50pct,100,38089,202,0.014041397720575333,0.10481811314821243,0.055061861872673035,-1.0054088830947876,-1.0,0.005408883094787598,True,-1.0,True,0.020088501274585724,0.020539699122309685,-0.0696338340640068,-0.04233158379793167,-0.6747615337371826,0.027302250266075134,0.2650292217731476,0.2109583467245102,0.911674439907074,0.05407087504863739,-0.05797866731882095,-0.09465612471103668,0.4269547760486603,0.03667745739221573,-2.6255040168762207,-2.6336612701416016,-0.6786068677902222,0.00815725326538086,0.2890269160270691,0.25478196144104004,0.9228529334068298,0.03424495458602905,2.9216198921203613,2.88037109375,1.3431389331817627,0.04124879837036133,0.16961565613746643,0.22467751801013947,-0.8287261128425598,0.055061861872673035,-1.0054088830947876,-1.0,-0.7421377301216125,0.005408883094787598
184,late_80pct,161,38150,202,0.014041397720575333,0.04861126095056534,0.037357330322265625,-0.9942857027053833,-1.0,0.005714297294616699,True,-1.0,True,0.020091401413083076,0.02053789049386978,0.14447222650051117,0.139753058552742,0.7104752659797668,0.004719167947769165,0.11778132617473602,0.1380006968975067,0.23646685481071472,0.02021937072277069,0.0377705842256546,0.035440366715192795,1.0616493225097656,0.0023302175104618073,-2.1870453357696533,-2.1496880054473877,1.4568202495574951,0.037357330322265625,0.044123370200395584,0.03870682418346405,-0.23640038073062897,0.005416546016931534,2.3487322330474854,2.3320467472076416,-1.0373117923736572,0.01668548583984375,0.7350585460662842,0.7499989867210388,0.42043644189834595,0.014940440654754639,-0.9942857027053833,-1.0,-0.7304901480674744,0.005714297294616699
185,early_20pct,40,38231,203,0.014041397720575333,0.032921843230724335,0.021489381790161133,1.0182764530181885,1.0,0.018276453018188477,True,1.0,True,0.03999999910593033,0.03999871015548706,-0.052693769335746765,-0.04968128353357315,-0.5651616454124451,0.0030124858021736145,0.015147287398576736,0.027420207858085632,-0.23416312038898468,0.012272920459508896,-0.23408430814743042,-0.23213714361190796,-0.7403992414474487,0.001947164535522461,-2.459402561187744,-2.4685378074645996,0.13035798072814941,0.009135246276855469,0.043287910521030426,0.04354548454284668,-0.24035504460334778,0.00025757402181625366,2.523162841796875,2.544652223587036,-0.31252118945121765,0.021489381790161133,0.42566943168640137,0.44503548741340637,-0.2630583941936493,0.019366055727005005,1.0182764530181885,1.0,1.3769594430923462,0.018276453018188477
185,mid_50pct,101,38292,203,0.014041397720575333,0.018046891316771507,0.014536172151565552,-1.0090181827545166,-1.0,0.009018182754516602,True,-1.0,True,0.020065350458025932,0.02045268751680851,-0.10338228940963745,-0.10239817202091217,-0.8931094408035278,0.0009841173887252808,0.30652305483818054,0.291986882686615,1.1019450426101685,0.014536172151565552,-0.14921951293945312,-0.1536157727241516,-0.1778547167778015,0.004396259784698486,-2.45367693901062,-2.4576737880706787,0.15824270248413086,0.003996849060058594,0.22352370619773865,0.21504971385002136,0.6127929091453552,0.008473992347717285,2.790815591812134,2.788633346557617,0.7996233701705933,0.0021822452545166016,0.30958276987075806,0.3083382248878479,-0.5195142030715942,0.0012445449829101562,-1.0090181827545166,-1.0,-0.7459172606468201,0.009018182754516602
185,late_80pct,162,38353,203,0.014041397720575333,0.05545558035373688,0.036037445068359375,-1.0021779537200928,-1.0,0.0021779537200927734,True,-1.0,True,0.020040366798639297,0.020479440689086914,0.15014246106147766,0.15525072813034058,0.7471608519554138,0.005108267068862915,0.04089267551898956,0.06898056715726852,-0.11610724031925201,0.02808789163827896,0.023796766996383667,0.034055206924676895,0.9690208435058594,0.010258439928293228,-2.279301643371582,-2.2432641983032227,1.0075039863586426,0.036037445068359375,0.01723753660917282,0.009347140789031982,-0.36366474628448486,0.007890395820140839,2.3671483993530273,2.363194465637207,-0.9607888460159302,0.0039539337158203125,0.9134247303009033,0.941325843334198,0.8144786953926086,0.027901113033294678,-1.0021779537200928,-1.0,-0.7387545108795166,0.0021779537200927734
186,early_20pct,41,38435,205,0.014041397720575333,0.056850872933864594,0.053274303674697876,1.0267539024353027,1.0,0.026753902435302734,True,1.0,True,0.03999999910593033,0.039999064058065414,-0.03704788535833359,-0.03204888105392456,-0.46393492817878723,0.004999004304409027,0.12719027698040009,0.13570019602775574,0.2796117663383484,0.008509919047355652,-0.23444819450378418,-0.2299463301897049,-0.7428113222122192,0.004501864314079285,-2.349132537841797,-2.35115647315979,0.6674066781997681,0.002023935317993164,0.07033295929431915,0.0654308870434761,-0.11233700811862946,0.004902072250843048,2.4861557483673096,2.501905918121338,-0.4662919044494629,0.01575016975402832,0.3617836833000183,0.4150579869747162,-0.404193252325058,0.053274303674697876,1.0267539024353027,1.0,1.3858366012573242,0.026753902435302734
186,mid_50pct,102,38496,205,0.014041397720575333,0.05466722324490547,0.030584663152694702,-1.0069981813430786,-1.0,0.006998181343078613,True,-1.0,True,0.020038040354847908,0.020373789593577385,-0.029987812042236328,-0.022759700194001198,-0.4182572364807129,0.00722811184823513,0.37456145882606506,0.34397679567337036,1.4139361381530762,0.030584663152694702,-0.21497578918933868,-0.22379522025585175,-0.6137343645095825,0.008819431066513062,-2.3216004371643066,-2.3251328468322754,0.8014962673187256,0.00353240966796875,0.23594503104686737,0.21526814997196198,0.6715893745422363,0.020676881074905396,2.691425085067749,2.667412042617798,0.38663825392723083,0.024013042449951172,0.5296789407730103,0.5597857236862183,-0.0332830548286438,0.030106782913208008,-1.0069981813430786,-1.0,-0.7438019514083862,0.006998181343078613
186,late_80pct,163,38557,205,0.025745181366801262,0.02992650680243969,0.01893708109855652,-1.0181822776794434,-1.0,0.01818227767944336,True,-1.0,True,0.019971303641796112,0.0204445943236351,0.25134652853012085,0.2430368959903717,1.4019373655319214,0.008309632539749146,0.044128239154815674,0.06306532025337219,-0.10127050429582596,0.01893708109855652,-0.0681423768401146,-0.07260763645172119,0.35958245396614075,0.004465259611606598,-2.274381637573242,-2.2581946849823,1.0314661264419556,0.016186952590942383,0.029990412294864655,0.029701758176088333,-0.3032988905906677,0.0002886541187763214,2.332395553588867,2.3374691009521484,-1.105193853378296,0.00507354736328125,1.1461191177368164,1.133463978767395,1.3285412788391113,0.012655138969421387,-1.0181822776794434,-1.0,-0.7555133700370789,0.01818227767944336
187,early_20pct,40,38639,200,0.025745181366801262,0.028794756159186363,0.020493924617767334,0.970083475112915,1.0,0.02991652488708496,True,1.0,True,0.03999999910593033,0.039999376982450485,-0.04989299178123474,-0.04095765948295593,-0.5470409989356995,0.008935332298278809,-0.3795863687992096,-0.3645996153354645,-2.044220447540283,0.014986753463745117,-0.1704581379890442,-0.16302742063999176,-0.31863951683044434,0.007430717349052429,-2.865924835205078,-2.8628835678100586,-1.8495302200317383,0.0030412673950195312,-0.013520888984203339,-0.007536471355706453,-0.5092600584030151,0.005984417628496885,2.552626609802246,2.550525188446045,-0.1900942325592041,0.002101421356201172,0.5653883218765259,0.5858822464942932,0.045605164021253586,0.020493924617767334,0.970083475112915,1.0,1.3264943361282349,0.02991652488708496
187,mid_50pct,100,38699,200,0.025745181366801262,0.14580292999744415,0.08854150772094727,-1.0011827945709229,-1.0,0.0011827945709228516,True,-1.0,True,0.020258009433746338,0.02102922834455967,-0.08393114805221558,-0.032641537487506866,-0.7672632336616516,0.05128961056470871,0.19988372921943665,0.15681114792823792,0.6129487752914429,0.04307258129119873,0.02784271538257599,-0.030943917110562325,0.995840311050415,0.058786630630493164,-2.808436870574951,-2.8236405849456787,-1.5695464611053467,0.015203714370727539,0.7144304513931274,0.6258889436721802,2.93650484085083,0.08854150772094727,3.0684654712677,3.0291686058044434,1.95330810546875,0.039296865463256836,-0.04532885551452637,0.015513233840465546,-1.3035762310028076,0.06084208935499191,-1.0011827945709229,-1.0,-0.7377124428749084,0.0011827945709228516
187,late_80pct,159,38758,200,0.025745181366801262,0.04248395189642906,0.0321354866027832,-1.0175979137420654,-1.0,0.01759791374206543,True,-1.0,True,0.020441439002752304,0.020844729617238045,0.10450047999620438,0.10552937537431717,0.451863557100296,0.001028895378112793,-0.03517930209636688,-0.019576527178287506,-0.4649364650249481,0.015602774918079376,0.111837238073349,0.11216674000024796,1.552616000175476,0.0003295019268989563,-2.3848698139190674,-2.352734327316284,0.49335524439811707,0.0321354866027832,0.07931959629058838,0.06974399089813232,-0.06979870796203613,0.009575605392456055,2.416233777999878,2.4025824069976807,-0.756830632686615,0.013651371002197266,0.8474122881889343,0.8632088303565979,0.6686456203460693,0.015796542167663574,-1.0175979137420654,-1.0,-0.7549014687538147,0.01759791374206543
188,early_20pct,40,38839,203,0.025745181366801262,0.017750052735209465,0.01012730598449707,1.0323632955551147,1.0,0.032363295555114746,True,1.0,True,0.03999999910593033,0.039999399334192276,-0.025019966065883636,-0.020803280174732208,-0.3861159682273865,0.004216685891151428,0.035759229212999344,0.031198227778077126,-0.1396467387676239,0.004561001434922218,-0.18656915426254272,-0.18086008727550507,-0.4254349172115326,0.005709066987037659,-2.417793035507202,-2.425826072692871,0.3330090641975403,0.008033037185668945,0.0336577482521534,0.028440110385417938,-0.2859395146369934,0.005217637866735458,2.44671368598938,2.453754425048828,-0.6301814317703247,0.007040739059448242,0.5551441311836243,0.5450168251991272,0.022973980754613876,0.01012730598449707,1.0323632955551147,1.0,1.3917105197906494,0.032363295555114746
188,mid_50pct,101,38900,203,0.025745181366801262,0.02739359438419342,0.01706719398498535,-1.000573992729187,-1.0,0.0005739927291870117,True,-1.0,True,0.02012665383517742,0.02044575661420822,-0.024743463844060898,-0.022060099989175797,-0.3843270242214203,0.0026833638548851013,0.3589544892311096,0.34451717138290405,1.3423701524734497,0.014437317848205566,-0.16103777289390564,-0.1584300547838211,-0.25619468092918396,0.0026077181100845337,-2.4121479988098145,-2.407583713531494,0.3605014383792877,0.0045642852783203125,0.2244604080915451,0.20985294878482819,0.617226779460907,0.014607459306716919,2.770583391189575,2.75351619720459,0.7155550122261047,0.01706719398498535,0.644660234451294,0.6462326645851135,0.22073082625865936,0.00157243013381958,-1.000573992729187,-1.0,-0.7370749711990356,0.0005739927291870117
188,late_80pct,162,38961,203,0.025745181366801262,0.020077895373106003,0.012331211939454079,-1.0070186853408813,-1.0,0.007018685340881348,True,-1.0,True,0.02006044238805771,0.020518165081739426,0.23729002475738525,0.24630825221538544,1.3109936714172363,0.009018227458000183,0.004130814224481583,0.0050803497433662415,-0.2846793234348297,0.0009495355188846588,0.002250097692012787,0.014581309631466866,0.8261941075325012,0.012331211939454079,-2.2945196628570557,-2.2906181812286377,0.9333875179290771,0.0039014816284179688,0.03374262899160385,0.03237014636397362,-0.2855377197265625,0.0013724826276302338,2.300499677658081,2.3049161434173584,-1.2377265691757202,0.004416465759277344,1.2450878620147705,1.2565866708755493,1.5471807718276978,0.011498808860778809,-1.0070186853408813,-1.0,-0.7438235282897949,0.007018685340881348
189,early_20pct,41,39043,206,0.025745181366801262,0.04830988496541977,0.046266406774520874,0.9796394109725952,1.0,0.020360589027404785,True,1.0,True,0.03999999910593033,0.039999134838581085,-0.13084958493709564,-0.12321601808071136,-1.0708190202713013,0.007633566856384277,-0.0878324881196022,-0.08454954624176025,-0.7063784599304199,0.0032829418778419495,-0.31607598066329956,-0.3115198016166687,-1.2838988304138184,0.004556179046630859,-2.609978437423706,-2.6084375381469727,-0.602992594242096,0.0015408992767333984,0.06527678668498993,0.07070054113864899,-0.13627047836780548,0.005423754453659058,2.542140483856201,2.5506060123443604,-0.23366542160511017,0.00846552848815918,0.41142693161964417,0.3651605248451233,-0.29452255368232727,0.046266406774520874,0.9796394109725952,1.0,1.3365007638931274,0.020360589027404785
189,mid_50pct,102,39104,206,0.020092613995075226,0.11877492815256119,0.07002055644989014,-0.989870548248291,-1.0,0.010129451751708984,True,-1.0,True,0.02046567015349865,0.0208032988011837,-0.052151478826999664,-0.028151240199804306,-0.5616531372070312,0.02400023862719536,0.2875811755657196,0.22122426331043243,1.0150867700576782,0.06635691225528717,-0.30214768648147583,-0.34608954191207886,-1.1915719509124756,0.04394185543060303,-2.5838353633880615,-2.5973267555236816,-0.4756685793399811,0.013491392135620117,0.4160442352294922,0.34602367877960205,1.5240907669067383,0.07002055644989014,2.867946147918701,2.825028419494629,1.1201145648956299,0.042917728424072266,0.5729154348373413,0.5564679503440857,0.06223385035991669,0.016447484493255615,-0.989870548248291,-1.0,-0.7258668541908264,0.010129451751708984
189,late_80pct,164,39166,206,0.020092613995075226,0.05108894780278206,0.03720402717590332,-0.9922194480895996,-1.0,0.007780551910400391,True,-1.0,True,0.02037924900650978,0.020904524251818657,0.3006511926651001,0.31116947531700134,1.7209315299987793,0.010518282651901245,0.19656938314437866,0.17860201001167297,0.5977506637573242,0.01796737313270569,-0.11575232446193695,-0.1036529541015625,0.043989673256874084,0.01209937036037445,-2.0833852291107178,-2.0657074451446533,1.9616774320602417,0.017677783966064453,0.042663492262363434,0.03718336299061775,-0.24331071972846985,0.005480129271745682,2.3207504749298096,2.2835464477539062,-1.1535807847976685,0.03720402717590332,1.4209986925125122,1.438421368598938,1.9357987642288208,0.01742267608642578,-0.9922194480895996,-1.0,-0.7283264994621277,0.007780551910400391
190,early_20pct,40,39248,203,0.020092613995075226,0.02933242917060852,0.019368022680282593,1.0021284818649292,1.0,0.0021284818649291992,True,1.0,True,0.03999999910593033,0.03999936208128929,-0.0114627406001091,-0.0013588867150247097,-0.2984025776386261,0.010103853419423103,-0.20971861481666565,-0.19035059213638306,-1.2652891874313354,0.019368022680282593,-0.22240999341011047,-0.21774712204933167,-0.6630135178565979,0.004662871360778809,-2.718834400177002,-2.71783709526062,-1.133154273033142,0.000997304916381836,-0.01758360117673874,-0.011260666884481907,-0.5284909605979919,0.006322934292256832,2.5533390045166016,2.5710225105285645,-0.18713417649269104,0.01768350601196289,0.5683438181877136,0.571129560470581,0.0521344318985939,0.0027857422828674316,1.0021284818649292,1.0,1.3600502014160156,0.0021284818649291992
190,mid_50pct,101,39309,203,0.020092613995075226,0.09351892024278641,0.055561363697052,-1.0152592658996582,-1.0,0.015259265899658203,True,-1.0,True,0.020115405321121216,0.020591774955391884,-0.11070068180561066,-0.08777539432048798,-0.9404584169387817,0.02292528748512268,0.22469577193260193,0.16913440823554993,0.7267247438430786,0.055561363697052,-0.03376267850399017,-0.07374371588230133,0.5874756574630737,0.03998103737831116,-2.688542366027832,-2.7003602981567383,-0.9856236577033997,0.01181793212890625,0.3279392719268799,0.2980392873287201,1.1070449352264404,0.02989998459815979,2.9310660362243652,2.8964128494262695,1.3823893070220947,0.0346531867980957,-0.011346995830535889,0.024710673838853836,-1.2285044193267822,0.036057669669389725,-1.0152592658996582,-1.0,-0.7524526119232178,0.015259265899658203
190,late_80pct,162,39370,203,0.020092613995075226,0.029531043022871017,0.017427265644073486,-0.9914923906326294,-1.0,0.008507609367370605,True,-1.0,True,0.020130854099988937,0.020576251670718193,0.08519912511110306,0.09194937348365784,0.3269864320755005,0.006750248372554779,0.10753381997346878,0.11881113052368164,0.18947675824165344,0.01127731055021286,0.08290070295333862,0.0880281925201416,1.3608039617538452,0.0051274895668029785,-2.170909881591797,-2.154670238494873,1.535404920578003,0.016239643096923828,0.05733102932572365,0.048438530415296555,-0.17388179898262024,0.008892498910427094,2.325075387954712,2.3199241161346436,-1.1356098651885986,0.005151271820068359,0.6007455587387085,0.618172824382782,0.12371550500392914,0.017427265644073486,-0.9914923906326294,-1.0,-0.7275651097297668,0.008507609367370605
191,early_20pct,41,39452,208,0.020092613995075226,0.028310487046837807,0.018495798110961914,0.9854445457458496,1.0,0.01455545425415039,True,1.0,True,0.03999999910593033,0.03999916464090347,-0.04758249223232269,-0.04051687568426132,-0.5320923924446106,0.007065616548061371,-0.2220836877822876,-0.20849765837192535,-1.3219894170761108,0.013586029410362244,-0.2453813999891281,-0.23896735906600952,-0.8152844905853271,0.006414040923118591,-2.762896776199341,-2.7514569759368896,-1.3477513790130615,0.011439800262451172,0.004229292273521423,-0.0011502690613269806,-0.4252393841743469,0.005379561334848404,2.6714236736297607,2.676316261291504,0.3035290837287903,0.004892587661743164,0.47674092650413513,0.49523672461509705,-0.1502324789762497,0.018495798110961914,0.9854445457458496,1.0,1.3425796031951904,0.01455545425415039
191,mid_50pct,104,39515,208,0.020092613995075226,0.22061602771282196,0.11068062484264374,-1.0125406980514526,-1.0,0.012540698051452637,True,-1.0,True,0.02007221430540085,0.020560942590236664,-0.09232378005981445,0.003522053360939026,-0.8215624094009399,0.09584583342075348,0.26994508504867554,0.18909713625907898,0.9342162013053894,0.08084794878959656,-0.07298801839351654,-0.18366864323616028,0.3274620473384857,0.11068062484264374,-2.697935104370117,-2.720714569091797,-1.0313682556152344,0.022779464721679688,0.5320950746536255,0.4249383211135864,2.073418617248535,0.10715675354003906,3.0607240200042725,3.0033652782440186,1.9211413860321045,0.057358741760253906,0.058894604444503784,0.13242635130882263,-1.0733283758163452,0.07353174686431885,-1.0125406980514526,-1.0,-0.7496058940887451,0.012540698051452637
191,late_80pct,166,39577,208,0.020092613995075226,0.059828341007232666,0.03583407402038574,-0.9967970848083496,-1.0,0.0032029151916503906,True,-1.0,True,0.020092755556106567,0.02053721249103546,0.28113633394241333,0.28182339668273926,1.5946733951568604,0.0006870627403259277,0.15104642510414124,0.14396549761295319,0.3890044689178467,0.007080927491188049,-0.05450834333896637,-0.052720241248607635,0.44995856285095215,0.0017881020903587341,-2.16391658782959,-2.1306092739105225,1.569465160369873,0.03330731391906738,-0.022258177399635315,-0.018887503072619438,-0.5506181120872498,0.0033706743270158768,2.4118072986602783,2.3759732246398926,-0.7752235531806946,0.03583407402038574,0.933014988899231,0.9664933681488037,0.8577570915222168,0.033478379249572754,-0.9967970848083496,-1.0,-0.7331199645996094,0.0032029151916503906
192,early_20pct,40,39659,202,0.021286750212311745,0.01898861862719059,0.012052059173583984,0.993576169013977,1.0,0.006423830986022949,True,1.0,True,0.03999999910593033,0.03999951481819153,0.014067234471440315,0.02085006609559059,-0.13322713971138,0.006782831624150276,0.036980584263801575,0.044867802411317825,-0.13404618203639984,0.00788721814751625,-0.1896480768918991,-0.18544775247573853,-0.4458441734313965,0.0042003244161605835,-2.4470975399017334,-2.4494025707244873,0.1902865767478943,0.0023050308227539062,0.06561844050884247,0.06554433703422546,-0.134653240442276,7.41034746170044e-05,2.540330171585083,2.552382230758667,-0.2411881685256958,0.012052059173583984,0.5515344142913818,0.560707151889801,0.01499951258301735,0.00917273759841919,0.993576169013977,1.0,1.3510946035385132,0.006423830986022949
192,mid_50pct,100,39719,202,0.021286750212311745,0.01924998126924038,0.012698590755462646,-0.9943567514419556,-1.0,0.005643248558044434,True,-1.0,True,0.020109951496124268,0.020427873358130455,0.018699005246162415,0.01772232912480831,-0.10326021909713745,0.000976676121354103,0.33854007720947266,0.32709452509880066,1.2487596273422241,0.011445552110671997,-0.15486004948616028,-0.1578265130519867,-0.21524423360824585,0.002966463565826416,-2.4144837856292725,-2.4138898849487305,0.34912627935409546,0.0005939006805419922,0.25972655415534973,0.25155431032180786,0.7841594219207764,0.00817224383354187,2.7971279621124268,2.7983174324035645,0.8258523941040039,0.0011894702911376953,0.6346701979637146,0.621971607208252,0.19866105914115906,0.012698590755462646,-0.9943567514419556,-1.0,-0.730564534664154,0.005643248558044434
192,late_80pct,161,39780,202,0.021286750212311745,0.055216867476701736,0.036902427673339844,-1.005186915397644,-1.0,0.005186915397644043,True,-1.0,True,0.020056264474987984,0.020486028864979744,0.26414552330970764,0.2721167206764221,1.4847450256347656,0.007971197366714478,0.04502743482589722,0.03290019556879997,-0.09714724868535995,0.012127239257097244,-0.029899999499320984,-0.017235036939382553,0.6130802631378174,0.01266496255993843,-2.313539505004883,-2.2846295833587646,0.8407548666000366,0.028909921646118164,0.01718714088201523,0.013493208214640617,-0.363903284072876,0.003693932667374611,2.4214797019958496,2.3845772743225098,-0.735032320022583,0.036902427673339844,1.2116942405700684,1.2332968711853027,1.4734084606170654,0.021602630615234375,-1.005186915397644,-1.0,-0.7419053316116333,0.005186915397644043
193,early_20pct,41,39862,207,0.021286750212311745,0.040096431970596313,0.0388299822807312,0.9926459789276123,1.0,0.007354021072387695,True,1.0,True,0.03999999910593033,0.03999914228916168,-0.057110585272312164,-0.057110436260700226,-0.5937378406524658,1.4901161193847656e-07,-0.18925338983535767,-0.18722069263458252,-1.171445608139038,0.0020326972007751465,-0.2569005489349365,-0.24951273202896118,-0.8916414976119995,0.007387816905975342,-2.7100627422332764,-2.714527130126953,-1.0904344320297241,0.004464387893676758,-0.052425697445869446,-0.053930800408124924,-0.6934163570404053,0.001505102962255478,2.525244951248169,2.529609441757202,-0.30386948585510254,0.004364490509033203,0.4307265281677246,0.4695565104484558,-0.25188636779785156,0.0388299822807312,0.9926459789276123,1.0,1.3501205444335938,0.007354021072387695
193,mid_50pct,103,39924,207,0.021286750212311745,0.013149833306670189,0.009569942951202393,-1.0026589632034302,-1.0,0.0026589632034301758,True,-1.0,True,0.020213626325130463,0.02072279527783394,-0.11707577109336853,-0.11670666933059692,-0.9817044138908386,0.00036910176277160645,0.17016875743865967,0.16059881448745728,0.47669023275375366,0.009569942951202393,-0.147806316614151,-0.14977450668811798,-0.16848713159561157,0.00196819007396698,-2.698275566101074,-2.705249309539795,-1.0330264568328857,0.006973743438720703,0.12748482823371887,0.12920956313610077,0.15819188952445984,0.001724734902381897,2.8467676639556885,2.8421642780303955,1.032114863395691,0.004603385925292969,-0.1078837513923645,-0.10575646907091141,-1.4417710304260254,0.0021272823214530945,-1.0026589632034302,-1.0,-0.7392582297325134,0.0026589632034301758
193,late_80pct,165,39986,207,0.021286750212311745,0.0504484586417675,0.03275561332702637,-0.9852231740951538,-1.0,0.014776825904846191,True,-1.0,True,0.020217811688780785,0.020719356834888458,0.1024959608912468,0.09596055746078491,0.4388945996761322,0.0065354034304618835,0.15337727963924408,0.15481577813625336,0.3996926546096802,0.0014384984970092773,0.06591753661632538,0.060008611530065536,1.2482273578643799,0.005908925086259842,-2.110100269317627,-2.0773446559906006,1.8315669298171997,0.03275561332702637,0.018235594034194946,0.016124414280056953,-0.3589404225349426,0.002111179754137993,2.2413840293884277,2.213439464569092,-1.4833626747131348,0.027944564819335938,0.4461733400821686,0.4215346574783325,-0.21776165068149567,0.02463868260383606,-0.9852231740951538,-1.0,-0.7210003137588501,0.014776825904846191
194,early_20pct,41,40069,208,0.021286750212311745,0.038655828684568405,0.028285980224609375,0.9670684337615967,1.0,0.03293156623840332,True,1.0,True,0.03999999910593033,0.03999844938516617,-0.09917944669723511,-0.08986474573612213,-0.8659175634384155,0.009314700961112976,-0.2686997354030609,-0.2491207867860794,-1.53574800491333,0.019578948616981506,-0.3303337097167969,-0.3315485119819641,-1.3784091472625732,0.0012148022651672363,-2.7906665802001953,-2.7981293201446533,-1.4829998016357422,0.007462739944458008,-0.07382656633853912,-0.0653034970164299,-0.79471755027771,0.008523069322109222,2.5737078189849854,2.6019937992095947,-0.10249782353639603,0.028285980224609375,0.35224685072898865,0.3619559407234192,-0.4252617359161377,0.009709089994430542,0.9670684337615967,1.0,1.3233370780944824,0.03293156623840332
194,mid_50pct,104,40132,208,0.021286750212311745,0.07003342360258102,0.0478498637676239,-1.0058478116989136,-1.0,0.005847811698913574,True,-1.0,True,0.020086288452148438,0.020590005442500114,-0.05223008245229721,-0.05368443578481674,-0.5621616840362549,0.0014543533325195312,0.08741752803325653,0.05521208047866821,0.09723318368196487,0.03220544755458832,-0.3009486496448517,-0.3030951917171478,-1.1836239099502563,0.0021465420722961426,-2.780677318572998,-2.786716938018799,-1.4343481063842773,0.006039619445800781,0.32386845350265503,0.27601858973503113,1.0877758264541626,0.0478498637676239,2.8491263389587402,2.839592218399048,1.0419156551361084,0.009534120559692383,-0.1561991572380066,-0.11820204555988312,-1.5485082864761353,0.037997111678123474,-1.0058478116989136,-1.0,-0.7425973415374756,0.005847811698913574
194,late_80pct,166,40194,208,0.013817246071994305,0.01658926159143448,0.008656002581119537,-1.000916838645935,-1.0,0.0009168386459350586,True,-1.0,True,0.02013237401843071,0.02053970657289028,0.12282286584377289,0.11416686326265335,0.5704068541526794,0.008656002581119537,0.00668783113360405,0.013935280963778496,-0.2729540765285492,0.007247449830174446,0.038092732429504395,0.030496971681714058,1.0637847185134888,0.007595760747790337,-2.3512063026428223,-2.3470234870910645,0.6573065519332886,0.0041828155517578125,0.08112967759370804,0.0786454826593399,-0.06123064458370209,0.0024841949343681335,2.397073268890381,2.3973584175109863,-0.8364458680152893,0.00028514862060546875,0.5919688940048218,0.583825945854187,0.10432636737823486,0.008142948150634766,-1.000916838645935,-1.0,-0.737433910369873,0.0009168386459350586
195,early_20pct,41,40277,206,0.013817246071994305,0.059109900146722794,0.0540006160736084,0.9960566759109497,1.0,0.003943324089050293,True,1.0,True,0.03999999910593033,0.039999354630708694,-0.02342817559838295,-0.01946089044213295,-0.37581729888916016,0.00396728515625,-0.20007330179214478,-0.18671554327011108,-1.2210603952407837,0.013357758522033691,-0.25626707077026367,-0.24425774812698364,-0.8874425292015076,0.01200932264328003,-2.7318077087402344,-2.7276899814605713,-1.1963386535644531,0.004117727279663086,-0.0038527026772499084,-0.0021102530881762505,-0.4634956121444702,0.001742449589073658,2.5671608448028564,2.581977367401123,-0.12970174849033356,0.014816522598266602,0.47925156354904175,0.5332521796226501,-0.14468605816364288,0.0540006160736084,0.9960566759109497,1.0,1.3536920547485352,0.003943324089050293
195,mid_50pct,102,40338,206,0.013817246071994305,0.04903898760676384,0.033818602561950684,-1.0149282217025757,-1.0,0.014928221702575684,True,-1.0,True,0.020003756508231163,0.020420558750629425,0.021558336913585663,0.02677384577691555,-0.08476074039936066,0.005215508863329887,0.20204463601112366,0.16822603344917297,0.6228576302528381,0.033818602561950684,-0.22349002957344055,-0.232645183801651,-0.6701728701591492,0.00915515422821045,-2.7092134952545166,-2.713367223739624,-1.0862975120544434,0.004153728485107422,0.2507275938987732,0.23137465119361877,0.7415626645088196,0.01935294270515442,2.929502487182617,2.904362440109253,1.3758925199508667,0.025140047073364258,0.28925105929374695,0.3004891276359558,-0.5644305348396301,0.011238068342208862,-1.0149282217025757,-1.0,-0.7521058917045593,0.014928221702575684
195,late_80pct,164,40400,206,0.013817246071994305,0.06464195996522903,0.046526193618774414,-1.0088814496994019,-1.0,0.008881449699401855,True,-1.0,True,0.019979912787675858,0.02044645883142948,0.23552173376083374,0.22638143599033356,1.2995530366897583,0.009140297770500183,0.06582747399806976,0.06182200834155083,-0.0017683282494544983,0.004005465656518936,-0.03894391655921936,-0.046582553535699844,0.5531307458877563,0.007638636976480484,-2.2546606063842773,-2.208134412765503,1.1275135278701782,0.046526193618774414,0.006274916231632233,0.008080989122390747,-0.4155564308166504,0.0018060728907585144,2.3393800258636475,2.2981667518615723,-1.076171636581421,0.041213274002075195,0.9109753370285034,0.8985590934753418,0.8090674877166748,0.012416243553161621,-1.0088814496994019,-1.0,-0.7457740306854248,0.008881449699401855
196,early_20pct,42,40484,210,0.013817246071994305,0.03864528238773346,0.037345290184020996,1.0089000463485718,1.0,0.008900046348571777,True,1.0,True,0.03999999910593033,0.0399988554418087,-0.06686711311340332,-0.06770732998847961,-0.6568612456321716,0.0008402168750762939,-0.20061510801315308,-0.1974892020225525,-1.223544955253601,0.003125905990600586,-0.27116841077804565,-0.2645302712917328,-0.9862192869186401,0.006638139486312866,-2.738168478012085,-2.7424182891845703,-1.227317214012146,0.0042498111724853516,-0.014030203223228455,-0.016994282603263855,-0.5116708874702454,0.0029640793800354004,2.574913263320923,2.5790843963623047,-0.09748900681734085,0.004171133041381836,0.39147961139678955,0.42882490158081055,-0.3385896682739258,0.037345290184020996,1.0089000463485718,1.0,1.3671410083770752,0.008900046348571777
196,mid_50pct,104,40546,210,0.013817246071994305,0.04147503897547722,0.024853788316249847,-0.996461033821106,-1.0,0.003538966178894043,True,-1.0,True,0.020144490525126457,0.020599616691470146,-0.08562992513179779,-0.08717450499534607,-0.7782540917396545,0.0015445798635482788,0.1113455519080162,0.08649176359176636,0.20695552229881287,0.024853788316249847,-0.1982056200504303,-0.1946401447057724,-0.5025697350502014,0.003565475344657898,-2.7269034385681152,-2.730790615081787,-1.1724532842636108,0.003887176513671875,0.2811194062232971,0.256844699382782,0.8854227662086487,0.024274706840515137,2.8265137672424316,2.8125991821289062,0.9479556083679199,0.01391458511352539,-0.0055245161056518555,0.011486727744340897,-1.2156414985656738,0.017011243849992752,-0.996461033821106,-1.0,-0.7327680587768555,0.003538966178894043
196,late_80pct,167,40609,210,0.013817246071994305,0.029304442927241325,0.02395772933959961,-0.9964847564697266,-1.0,0.0035152435302734375,True,-1.0,True,0.02015611156821251,0.020586449652910233,0.12766295671463013,0.13530951738357544,0.6017215251922607,0.0076465606689453125,-0.015575945377349854,-0.027330473065376282,-0.37504497170448303,0.011754527688026428,0.17433734238147736,0.17875754833221436,1.9669114351272583,0.0044202059507369995,-2.3571784496307373,-2.35038685798645,0.6282203197479248,0.006791591644287109,0.08475003391504288,0.08295180648565292,-0.04409366101026535,0.0017982274293899536,2.384211540222168,2.3602538108825684,-0.8898884654045105,0.02395772933959961,0.7828951478004456,0.7872816324234009,0.5261159539222717,0.004386484622955322,-0.9964847564697266,-1.0,-0.732792854309082,0.0035152435302734375
197,early_20pct,42,40694,209,0.013817246071994305,0.0289885513484478,0.019248008728027344,1.010369896888733,1.0,0.01036989688873291,True,1.0,True,0.03999999910593033,0.039998821914196014,-0.0945214033126831,-0.08871377259492874,-0.8357807397842407,0.005807630717754364,-0.10847676545381546,-0.093648761510849,-0.8010431528091431,0.014828003942966461,-0.30783146619796753,-0.30438506603240967,-1.2292481660842896,0.0034464001655578613,-2.6166207790374756,-2.6123852729797363,-0.6353431940078735,0.004235506057739258,0.043787240982055664,0.04979985952377319,-0.23799145221710205,0.006012618541717529,2.549915313720703,2.5621743202209473,-0.20136021077632904,0.01225900650024414,0.4044879078865051,0.3852398991584778,-0.30985212326049805,0.019248008728027344,1.010369896888733,1.0,1.3686801195144653,0.01036989688873291
197,mid_50pct,104,40756,209,0.014213072136044502,0.15463051199913025,0.0789121687412262,-1.0089610815048218,-1.0,0.008961081504821777,True,-1.0,True,0.020164676010608673,0.020596712827682495,-0.1804920881986618,-0.13527505099773407,-1.3919992446899414,0.045217037200927734,0.27964454889297485,0.20603281259536743,0.9786932468414307,0.07361173629760742,-0.1487337350845337,-0.20365643501281738,-0.1746346354484558,0.05492269992828369,-2.589974880218506,-2.600499153137207,-0.5055691599845886,0.010524272918701172,0.4595634639263153,0.3806512951850891,1.7300894260406494,0.0789121687412262,2.884225845336914,2.8293919563293457,1.1877599954605103,0.05483388900756836,0.056874364614486694,0.12079757452011108,-1.077791452407837,0.06392320990562439,-1.0089610815048218,-1.0,-0.7458574175834656,0.008961081504821777
197,late_80pct,166,40818,209,0.014213072136044502,0.040642499923706055,0.02567434310913086,-1.0006040334701538,-1.0,0.0006040334701538086,True,-1.0,True,0.020163996145129204,0.020597165450453758,0.16340011358261108,0.1664465367794037,0.8329360485076904,0.0030464231967926025,0.06182639300823212,0.04290362447500229,-0.020115360617637634,0.018922768533229828,0.04577970504760742,0.051140300929546356,1.1147394180297852,0.005360595881938934,-2.2653915882110596,-2.252424478530884,1.0752499103546143,0.012967109680175781,0.059952907264232635,0.05480017513036728,-0.16147111356258392,0.0051527321338653564,2.392040729522705,2.366366386413574,-0.8573574423789978,0.02567434310913086,0.971789538860321,0.99183589220047,0.9434168338775635,0.020046353340148926,-1.0006040334701538,-1.0,-0.7371063828468323,0.0006040334701538086
198,early_20pct,42,40903,212,0.014213072136044502,0.04403593763709068,0.04165065288543701,1.0076613426208496,1.0,0.007661342620849609,True,1.0,True,0.03999999910593033,0.039998263120651245,-0.06808466464281082,-0.06384707987308502,-0.664738655090332,0.0042375847697257996,0.07321976870298386,0.06857243925333023,0.032129138708114624,0.0046473294496536255,-0.3018982410430908,-0.3030267655849457,-1.1899186372756958,0.0011285245418548584,-2.393364667892456,-2.3983712196350098,0.4519828259944916,0.005006551742553711,0.07987213134765625,0.068205326795578,-0.06718325614929199,0.011666804552078247,2.492844820022583,2.494387149810791,-0.43849846720695496,0.0015423297882080078,0.23206490278244019,0.2737155556678772,-0.6907647848129272,0.04165065288543701,1.0076613426208496,1.0,1.3658438920974731,0.007661342620849609
198,mid_50pct,106,40967,212,0.014213072136044502,0.049610719084739685,0.032806433737277985,-0.9930557012557983,-1.0,0.00694429874420166,True,-1.0,True,0.019914355129003525,0.020376155152916908,-0.15277959406375885,-0.14203576743602753,-1.2127032279968262,0.010743826627731323,0.3634279668331146,0.33657366037368774,1.362883448600769,0.02685430645942688,-0.1870546042919159,-0.2026011049747467,-0.4286527931690216,0.01554650068283081,-2.3705763816833496,-2.377143144607544,0.562967836856842,0.006566762924194336,0.23620685935020447,0.22588297724723816,0.672828733921051,0.010323882102966309,2.7309787273406982,2.718449592590332,0.5509907007217407,0.012529134750366211,-0.018079817295074463,0.014726614579558372,-1.2433784008026123,0.032806433737277985,-0.9930557012557983,-1.0,-0.729202151298523,0.00694429874420166
198,late_80pct,169,41030,212,0.014213072136044502,0.015152530744671822,0.009581804275512695,-0.9972147941589355,-1.0,0.002785205841064453,True,-1.0,True,0.019917301833629608,0.020371703431010246,0.22655558586120605,0.21729707717895508,1.2415432929992676,0.009258508682250977,0.059373628348112106,0.053591545671224594,-0.03136254847049713,0.005782082676887512,0.04384133219718933,0.04029123857617378,1.1018905639648438,0.0035500936210155487,-2.2895867824554443,-2.2873647212982178,0.9574127197265625,0.0022220611572265625,0.013725988566875458,0.01403256319463253,-0.38028669357299805,0.00030657462775707245,2.3750996589660645,2.3655178546905518,-0.927749752998352,0.009581804275512695,0.795068621635437,0.7940680980682373,0.5530092716217041,0.001000523567199707,-0.9972147941589355,-1.0,-0.733557403087616,0.002785205841064453
199,early_20pct,40,41113,203,0.014213072136044502,0.07583167403936386,0.07356345653533936,1.0110925436019897,1.0,0.011092543601989746,True,1.0,True,0.03999999910593033,0.03999893367290497,-0.06865701079368591,-0.07152402400970459,-0.668441653251648,0.0028670132160186768,-0.04944530874490738,-0.041541699320077896,-0.5303534865379333,0.007903609424829483,-0.3066703975200653,-0.30628570914268494,-1.221551775932312,0.0003846883773803711,-2.534331798553467,-2.5382025241851807,-0.23457080125808716,0.003870725631713867,-0.0133877694606781,-0.015529060736298561,-0.5086299180984497,0.0021412912756204605,2.472834348678589,2.4885969161987305,-0.5216449499130249,0.0157625675201416,0.3275541663169861,0.40111762285232544,-0.4798122048377991,0.07356345653533936,1.0110925436019897,1.0,1.3694368600845337,0.011092543601989746
199,mid_50pct,101,41174,203,0.014213072136044502,0.028972536325454712,0.016751401126384735,-1.0114636421203613,-1.0,0.011463642120361328,True,-1.0,True,0.020032446831464767,0.02050193026661873,-0.12052367627620697,-0.11526847630739212,-1.004011869430542,0.00525519996881485,0.26440125703811646,0.24816617369651794,0.9087948203086853,0.01623508334159851,-0.22863546013832092,-0.2368221879005432,-0.7042803764343262,0.00818672776222229,-2.538811206817627,-2.5384418964385986,-0.25638681650161743,0.0003693103790283203,0.11872318387031555,0.11187918484210968,0.116718590259552,0.006843999028205872,2.7917096614837646,2.779315948486328,0.8033391237258911,0.012393712997436523,0.07543903589248657,0.09219043701887131,-1.0367788076400757,0.016751401126384735,-1.0114636421203613,-1.0,-0.7484780550003052,0.011463642120361328
199,late_80pct,162,41235,203,0.014213072136044502,0.019602319225668907,0.012577235698699951,-0.9979807138442993,-1.0,0.0020192861557006836,True,-1.0,True,0.0200183242559433,0.02051868662238121,0.1740741729736328,0.17586711049079895,0.9019957780838013,0.0017929375171661377,0.013695571571588516,0.008210022002458572,-0.24081997573375702,0.005485549569129944,0.0009666085243225098,0.0019941674545407295,0.8176862001419067,0.0010275589302182198,-2.278322696685791,-2.289421796798706,1.0122724771499634,0.011099100112915039,-0.012892380356788635,-0.020265398547053337,-0.5062850117683411,0.007373018190264702,2.2782654762268066,2.282027244567871,-1.3301130533218384,0.003761768341064453,0.7149853110313416,0.7275625467300415,0.3760911524295807,0.012577235698699951,-0.9979807138442993,-1.0,-0.7343593239784241,0.0020192861557006836
