global_index,episode_index,frame_index,variant,target_gripper,arm_drift_l2,arm_drift_linf,gripper_drift,gripper_pred,gripper_sign,target_arm_l2,target_gripper_abs,gripper_drift_abs,gripper_sign_flip_vs_orig,pred_a0,orig_a0,target_a0,pred_a1,orig_a1,target_a1,pred_a2,orig_a2,target_a2,pred_a3,orig_a3,target_a3,pred_a4,orig_a4,target_a4,pred_a5,orig_a5,target_a5,pred_a6,orig_a6,target_a6,pred_a7,orig_a7,target_a7
103,0,103,orig,-1.0,0.0,0.0,0.0,-0.997645378112793,-1,0.06814857572317123,0.0023546218872070312,0.0,0,-0.05619686096906662,-0.05619686096906662,-0.046455129981040955,0.3585309088230133,0.3585309088230133,0.31311851739883423,-0.2580403983592987,-0.2580403983592987,-0.2726616859436035,-2.3964169025421143,-2.3964169025421143,-2.4035143852233887,0.28482764959335327,0.28482764959335327,0.2545602321624756,2.7379629611968994,2.7379629611968994,2.7040390968322754,0.6240928173065186,0.6240928173065186,0.6116052269935608,-0.997645378112793,-0.997645378112793,-1.0
103,0,103,cam2_eval_affine,-1.0,0.05775155872106552,0.03373980522155762,-0.010775208473205566,-1.0084205865859985,-1,0.01445178221911192,0.008420586585998535,0.010775208473205566,0,-0.0465364009141922,-0.05619686096906662,-0.046455129981040955,0.32503899931907654,0.3585309088230133,0.31311851739883423,-0.27496063709259033,-0.2580403983592987,-0.2726616859436035,-2.4009628295898438,-2.3964169025421143,-2.4035143852233887,0.25991499423980713,0.28482764959335327,0.2545602321624756,2.704223155975342,2.7379629611968994,2.7040390968322754,0.6167283654212952,0.6240928173065186,0.6116052269935608,-1.0084205865859985,-0.997645378112793,-1.0
103,0,103,cam2_eval_mean,-1.0,0.04108418524265289,0.024238109588623047,-0.002992987632751465,-1.0006383657455444,-1,0.041631828993558884,0.0006383657455444336,0.002992987632751465,0,-0.0510324090719223,-0.05619686096906662,-0.046455129981040955,0.3370390832424164,0.3585309088230133,0.31311851739883423,-0.2680310010910034,-0.2580403983592987,-0.2726616859436035,-2.399801015853882,-2.3964169025421143,-2.4035143852233887,0.2690180540084839,0.28482764959335327,0.2545602321624756,2.7137248516082764,2.7379629611968994,2.7040390968322754,0.6399246454238892,0.6240928173065186,0.6116052269935608,-1.0006383657455444,-0.997645378112793,-1.0
103,0,103,cam2_zero,-1.0,0.02760954760015011,0.0172865092754364,-0.0008498430252075195,-0.9984952211380005,-1,0.04403894022107124,0.0015047788619995117,0.0008498430252075195,0,-0.049884192645549774,-0.05619686096906662,-0.046455129981040955,0.3412443995475769,0.3585309088230133,0.31311851739883423,-0.26320701837539673,-0.2580403983592987,-0.2726616859436035,-2.3946805000305176,-2.3964169025421143,-2.4035143852233887,0.2701030671596527,0.28482764959335327,0.2545602321624756,2.7253048419952393,2.7379629611968994,2.7040390968322754,0.6281993389129639,0.6240928173065186,0.6116052269935608,-0.9984952211380005,-0.997645378112793,-1.0
103,0,103,cam2_flat_train_mean,-1.0,0.029421024024486542,0.019192934036254883,-0.012662053108215332,-1.0103074312210083,-1,0.04256749898195267,0.0103074312210083,0.012662053108215332,0,-0.04698343575000763,-0.05619686096906662,-0.046455129981040955,0.3447607755661011,0.3585309088230133,0.31311851739883423,-0.26467564702033997,-0.2580403983592987,-0.2726616859436035,-2.3935327529907227,-2.3964169025421143,-2.4035143852233887,0.2749083340167999,0.28482764959335327,0.2545602321624756,2.7187700271606445,2.7379629611968994,2.7040390968322754,0.6156083345413208,0.6240928173065186,0.6116052269935608,-1.0103074312210083,-0.997645378112793,-1.0
103,0,103,cam2_flat_eval_mean,-1.0,0.0264876876026392,0.01419040560722351,-0.008468866348266602,-1.0061142444610596,-1,0.0450250506401062,0.00611424446105957,0.008468866348266602,0,-0.04955010861158371,-0.05619686096906662,-0.046455129981040955,0.3443405032157898,0.3585309088230133,0.31311851739883423,-0.26653924584388733,-0.2580403983592987,-0.2726616859436035,-2.396226167678833,-2.3964169025421143,-2.4035143852233887,0.27425843477249146,0.28482764959335327,0.2545602321624756,2.727787733078003,2.7379629611968994,2.7040390968322754,0.611110508441925,0.6240928173065186,0.6116052269935608,-1.0061142444610596,-0.997645378112793,-1.0
103,0,103,cam1_eval_affine,-1.0,0.02536897175014019,0.021538734436035156,-0.01340639591217041,-1.0110517740249634,-1,0.06369087845087051,0.011051774024963379,0.01340639591217041,0,-0.05275469273328781,-0.05619686096906662,-0.046455129981040955,0.3497598469257355,0.3585309088230133,0.31311851739883423,-0.2622784376144409,-0.2580403983592987,-0.2726616859436035,-2.398009777069092,-2.3964169025421143,-2.4035143852233887,0.27990150451660156,0.28482764959335327,0.2545602321624756,2.7311716079711914,2.7379629611968994,2.7040390968322754,0.6456315517425537,0.6240928173065186,0.6116052269935608,-1.0110517740249634,-0.997645378112793,-1.0
103,0,103,both_eval_affine,-1.0,0.03174423798918724,0.01650547981262207,-0.01397407054901123,-1.0116194486618042,-1,0.04801712930202484,0.0116194486618042,0.01397407054901123,0,-0.04942762851715088,-0.05619686096906662,-0.046455129981040955,0.34378889203071594,0.3585309088230133,0.31311851739883423,-0.2662490904331207,-0.2580403983592987,-0.2726616859436035,-2.3988592624664307,-2.3964169025421143,-2.4035143852233887,0.2709569036960602,0.28482764959335327,0.2545602321624756,2.7214574813842773,2.7379629611968994,2.7040390968322754,0.6384584307670593,0.6240928173065186,0.6116052269935608,-1.0116194486618042,-0.997645378112793,-1.0
1136,5,106,orig,-1.0,0.0,0.0,0.0,-0.9900127649307251,-1,0.033922627568244934,0.009987235069274902,0.0,0,-0.022801291197538376,-0.022801291197538376,-0.02772441692650318,0.28306522965431213,0.28306522965431213,0.2792668342590332,-0.3098699450492859,-0.3098699450492859,-0.3034692406654358,-2.432556629180908,-2.432556629180908,-2.436737537384033,0.2900571823120117,0.2900571823120117,0.29344072937965393,2.711061716079712,2.711061716079712,2.719844102859497,0.7553355097770691,0.7553355097770691,0.724270224571228,-0.9900127649307251,-0.9900127649307251,-1.0
1136,5,106,cam2_eval_affine,-1.0,0.024363812059164047,0.019565820693969727,-0.0042972564697265625,-0.9943100214004517,-1,0.0186003390699625,0.00568997859954834,0.0042972564697265625,0,-0.025927554816007614,-0.022801291197538376,-0.02772441692650318,0.29131025075912476,0.28306522965431213,0.2792668342590332,-0.3081643581390381,-0.3098699450492859,-0.3034692406654358,-2.4343581199645996,-2.432556629180908,-2.436737537384033,0.2991846203804016,0.2900571823120117,0.29344072937965393,2.7176613807678223,2.711061716079712,2.719844102859497,0.7357696890830994,0.7553355097770691,0.724270224571228,-0.9943100214004517,-0.9900127649307251,-1.0
1136,5,106,cam2_eval_mean,-1.0,0.043558407574892044,0.027457892894744873,-0.005213260650634766,-0.9952260255813599,-1,0.04286705330014229,0.004773974418640137,0.005213260650634766,0,-0.028353184461593628,-0.022801291197538376,-0.02772441692650318,0.310523122549057,0.28306522965431213,0.2792668342590332,-0.2985534369945526,-0.3098699450492859,-0.3034692406654358,-2.431427001953125,-2.432556629180908,-2.436737537384033,0.3082975149154663,0.2900571823120117,0.29344072937965393,2.733910083770752,2.711061716079712,2.719844102859497,0.7440006732940674,0.7553355097770691,0.724270224571228,-0.9952260255813599,-0.9900127649307251,-1.0
1136,5,106,cam2_zero,-1.0,0.03424279764294624,0.027642548084259033,-0.010013103485107422,-1.0000258684158325,-1,0.017197031527757645,2.586841583251953e-05,0.010013103485107422,0,-0.02050577476620674,-0.022801291197538376,-0.02772441692650318,0.2935951352119446,0.28306522965431213,0.2792668342590332,-0.3004610538482666,-0.3098699450492859,-0.3034692406654358,-2.4371390342712402,-2.432556629180908,-2.436737537384033,0.29571855068206787,0.2900571823120117,0.29344072937965393,2.723339080810547,2.711061716079712,2.719844102859497,0.7276929616928101,0.7553355097770691,0.724270224571228,-1.0000258684158325,-0.9900127649307251,-1.0
1136,5,106,cam2_flat_train_mean,-1.0,0.017844263464212418,0.016999244689941406,-0.01149904727935791,-1.001511812210083,-1,0.01997990719974041,0.0015118122100830078,0.01149904727935791,0,-0.019441325217485428,-0.022801291197538376,-0.02772441692650318,0.28557518124580383,0.28306522965431213,0.2792668342590332,-0.3086828887462616,-0.3098699450492859,-0.3034692406654358,-2.43171763420105,-2.432556629180908,-2.436737537384033,0.29169172048568726,0.2900571823120117,0.29344072937965393,2.7137205600738525,2.711061716079712,2.719844102859497,0.7383362650871277,0.7553355097770691,0.724270224571228,-1.001511812210083,-0.9900127649307251,-1.0
1136,5,106,cam2_flat_eval_mean,-1.0,0.012617656961083412,0.008584290742874146,-0.008657217025756836,-0.9986699819564819,-1,0.036911629140377045,0.0013300180435180664,0.008657217025756836,0,-0.01421700045466423,-0.022801291197538376,-0.02772441692650318,0.27798694372177124,0.28306522965431213,0.2792668342590332,-0.30852144956588745,-0.3098699450492859,-0.3034692406654358,-2.431858539581299,-2.432556629180908,-2.436737537384033,0.28457507491111755,0.2900571823120117,0.29344072937965393,2.706116199493408,2.711061716079712,2.719844102859497,0.7536299824714661,0.7553355097770691,0.724270224571228,-0.9986699819564819,-0.9900127649307251,-1.0
1136,5,106,cam1_eval_affine,-1.0,0.023347795009613037,0.019387483596801758,0.0017325878143310547,-0.988280177116394,-1,0.017672961577773094,0.011719822883605957,0.0017325878143310547,0,-0.024621713906526566,-0.022801291197538376,-0.02772441692650318,0.29023855924606323,0.28306522965431213,0.2792668342590332,-0.309950053691864,-0.3098699450492859,-0.3034692406654358,-2.437467575073242,-2.432556629180908,-2.436737537384033,0.29513370990753174,0.2900571823120117,0.29344072937965393,2.719097852706909,2.711061716079712,2.719844102859497,0.7359480261802673,0.7553355097770691,0.724270224571228,-0.988280177116394,-0.9900127649307251,-1.0
1136,5,106,both_eval_affine,-1.0,0.02276475727558136,0.020888924598693848,-0.0008394718170166016,-0.9908522367477417,-1,0.017711449414491653,0.0091477632522583,0.0008394718170166016,0,-0.026063531637191772,-0.022801291197538376,-0.02772441692650318,0.289636492729187,0.28306522965431213,0.2792668342590332,-0.3105987310409546,-0.3098699450492859,-0.3034692406654358,-2.434145450592041,-2.432556629180908,-2.436737537384033,0.29446613788604736,0.2900571823120117,0.29344072937965393,2.713421583175659,2.711061716079712,2.719844102859497,0.7344465851783752,0.7553355097770691,0.724270224571228,-0.9908522367477417,-0.9900127649307251,-1.0
2177,10,104,orig,-1.0,0.0,0.0,0.0,-0.9949476718902588,-1,0.08504091203212738,0.005052328109741211,0.0,0,-0.024491168558597565,-0.024491168558597565,-0.009337782859802246,0.20678910613059998,0.20678910613059998,0.1561681628227234,-0.30811256170272827,-0.30811256170272827,-0.3290758430957794,-2.6879470348358154,-2.6879470348358154,-2.6956257820129395,0.32953953742980957,0.32953953742980957,0.27574241161346436,2.860701084136963,2.860701084136963,2.8292076587677,0.5203047394752502,0.5203047394752502,0.5277521014213562,-0.9949476718902588,-0.9949476718902588,-1.0
2177,10,104,cam2_eval_affine,-1.0,0.05741717293858528,0.03326147794723511,-0.002742290496826172,-0.997689962387085,-1,0.1404239684343338,0.002310037612915039,0.002742290496826172,0,-0.037030503153800964,-0.024491168558597565,-0.009337782859802246,0.2325945496559143,0.20678910613059998,0.1561681628227234,-0.2862115502357483,-0.30811256170272827,-0.3290758430957794,-2.682342290878296,-2.6879470348358154,-2.6956257820129395,0.3628010153770447,0.32953953742980957,0.27574241161346436,2.8814566135406494,2.860701084136963,2.8292076587677,0.4996797442436218,0.5203047394752502,0.5277521014213562,-0.997689962387085,-0.9949476718902588,-1.0
2177,10,104,cam2_eval_mean,-1.0,0.06086285412311554,0.0303078293800354,-0.0167616605758667,-1.0117093324661255,-1,0.1430569589138031,0.011709332466125488,0.0167616605758667,0,-0.036708712577819824,-0.024491168558597565,-0.009337782859802246,0.23692965507507324,0.20678910613059998,0.1561681628227234,-0.28738293051719666,-0.30811256170272827,-0.3290758430957794,-2.6814844608306885,-2.6879470348358154,-2.6956257820129395,0.35984736680984497,0.32953953742980957,0.27574241161346436,2.884251356124878,2.860701084136963,2.8292076587677,0.4938112795352936,0.5203047394752502,0.5277521014213562,-1.0117093324661255,-0.9949476718902588,-1.0
2177,10,104,cam2_zero,-1.0,0.046292323619127274,0.02341282367706299,0.004582047462463379,-0.9903656244277954,-1,0.12732195854187012,0.00963437557220459,0.004582047462463379,0,-0.03403462469577789,-0.024491168558597565,-0.009337782859802246,0.2216622233390808,0.20678910613059998,0.1561681628227234,-0.2864985466003418,-0.30811256170272827,-0.3290758430957794,-2.684561014175415,-2.6879470348358154,-2.6956257820129395,0.35295236110687256,0.32953953742980957,0.27574241161346436,2.880795955657959,2.860701084136963,2.8292076587677,0.5003023147583008,0.5203047394752502,0.5277521014213562,-0.9903656244277954,-0.9949476718902588,-1.0
2177,10,104,cam2_flat_train_mean,-1.0,0.038886867463588715,0.021886765956878662,-0.011394977569580078,-1.0063426494598389,-1,0.11954580992460251,0.006342649459838867,0.011394977569580078,0,-0.029429949820041656,-0.024491168558597565,-0.009337782859802246,0.22171902656555176,0.20678910613059998,0.1561681628227234,-0.2927665710449219,-0.30811256170272827,-0.3290758430957794,-2.6818792819976807,-2.6879470348358154,-2.6956257820129395,0.34864315390586853,0.32953953742980957,0.27574241161346436,2.8728911876678467,2.860701084136963,2.8292076587677,0.4984179735183716,0.5203047394752502,0.5277521014213562,-1.0063426494598389,-0.9949476718902588,-1.0
2177,10,104,cam2_flat_eval_mean,-1.0,0.09034708142280579,0.05549591779708862,-0.003601551055908203,-0.998549222946167,-1,0.1729142963886261,0.0014507770538330078,0.003601551055908203,0,-0.04509415477514267,-0.024491168558597565,-0.009337782859802246,0.24057090282440186,0.20678910613059998,0.1561681628227234,-0.2691025137901306,-0.30811256170272827,-0.3290758430957794,-2.6776740550994873,-2.6879470348358154,-2.6956257820129395,0.3850354552268982,0.32953953742980957,0.27574241161346436,2.8983712196350098,2.860701084136963,2.8292076587677,0.4986079931259155,0.5203047394752502,0.5277521014213562,-0.998549222946167,-0.9949476718902588,-1.0
2177,10,104,cam1_eval_affine,-1.0,0.023472672328352928,0.011939406394958496,0.005448579788208008,-0.9894990921020508,-1,0.10500411689281464,0.010500907897949219,0.005448579788208008,0,-0.030902713537216187,-0.024491168558597565,-0.009337782859802246,0.21291229128837585,0.20678910613059998,0.1561681628227234,-0.29691585898399353,-0.30811256170272827,-0.3290758430957794,-2.6865525245666504,-2.6879470348358154,-2.6956257820129395,0.3408157229423523,0.32953953742980957,0.27574241161346436,2.8693816661834717,2.860701084136963,2.8292076587677,0.5083653330802917,0.5203047394752502,0.5277521014213562,-0.9894990921020508,-0.9949476718902588,-1.0
2177,10,104,both_eval_affine,-1.0,0.025985103100538254,0.015556901693344116,-0.0176924467086792,-1.012640118598938,-1,0.11012426763772964,0.012640118598937988,0.0176924467086792,0,-0.022662539035081863,-0.024491168558597565,-0.009337782859802246,0.2223460078239441,0.20678910613059998,0.1561681628227234,-0.3006882965564728,-0.30811256170272827,-0.3290758430957794,-2.6826016902923584,-2.6879470348358154,-2.6956257820129395,0.3447056710720062,0.32953953742980957,0.27574241161346436,2.870236396789551,2.860701084136963,2.8292076587677,0.5152809619903564,0.5203047394752502,0.5277521014213562,-1.012640118598938,-0.9949476718902588,-1.0
3213,15,102,orig,-1.0,0.0,0.0,0.0,-1.010216236114502,-1,0.10457740724086761,0.010216236114501953,0.0,0,-0.11866682767868042,-0.11866682767868042,-0.09440484642982483,0.4052012860774994,0.4052012860774994,0.3436230421066284,-0.08656936883926392,-0.08656936883926392,-0.12206947803497314,-2.396564483642578,-2.396564483642578,-2.3984947204589844,0.25728940963745117,0.25728940963745117,0.23928917944431305,2.8805618286132812,2.8805618286132812,2.83081316947937,0.007861435413360596,0.007861435413360596,0.057791292667388916,-1.010216236114502,-1.010216236114502,-1.0
3213,15,102,cam2_eval_affine,-1.0,0.022908080369234085,0.014159917831420898,-0.012612700462341309,-1.0228289365768433,-1,0.08367225527763367,0.02282893657684326,0.012612700462341309,0,-0.11227308213710785,-0.11866682767868042,-0.09440484642982483,0.39701539278030396,0.4052012860774994,0.3436230421066284,-0.09242513030767441,-0.08656936883926392,-0.12206947803497314,-2.3917763233184814,-2.396564483642578,-2.3984947204589844,0.2538928985595703,0.25728940963745117,0.23928917944431305,2.8664019107818604,2.8805618286132812,2.83081316947937,0.020011961460113525,0.007861435413360596,0.057791292667388916,-1.0228289365768433,-1.010216236114502,-1.0
3213,15,102,cam2_eval_mean,-1.0,0.013548046350479126,0.01164090633392334,0.0112227201461792,-0.9989935159683228,-1,0.09620252251625061,0.001006484031677246,0.0112227201461792,0,-0.11557266116142273,-0.11866682767868042,-0.09440484642982483,0.4046384394168854,0.4052012860774994,0.3436230421066284,-0.08684638142585754,-0.08656936883926392,-0.12206947803497314,-2.39245343208313,-2.396564483642578,-2.3984947204589844,0.25650477409362793,0.25728940963745117,0.23928917944431305,2.876028060913086,2.8805618286132812,2.83081316947937,0.019502341747283936,0.007861435413360596,0.057791292667388916,-0.9989935159683228,-1.010216236114502,-1.0
3213,15,102,cam2_zero,-1.0,0.026896033436059952,0.015712589025497437,0.012765169143676758,-0.9974510669708252,-1,0.08520878106355667,0.0025489330291748047,0.012765169143676758,0,-0.10968217253684998,-0.11866682767868042,-0.09440484642982483,0.38948869705200195,0.4052012860774994,0.3436230421066284,-0.09241127967834473,-0.08656936883926392,-0.12206947803497314,-2.3940494060516357,-2.396564483642578,-2.3984947204589844,0.2443208396434784,0.25728940963745117,0.23928917944431305,2.867016553878784,2.8805618286132812,2.83081316947937,0.005944311618804932,0.007861435413360596,0.057791292667388916,-0.9974510669708252,-1.010216236114502,-1.0
3213,15,102,cam2_flat_train_mean,-1.0,0.015688372775912285,0.010855153203010559,0.0028831958770751953,-1.0073330402374268,-1,0.10174600780010223,0.007333040237426758,0.0028831958770751953,0,-0.11476606130599976,-0.11866682767868042,-0.09440484642982483,0.39989224076271057,0.4052012860774994,0.3436230421066284,-0.08864100277423859,-0.08656936883926392,-0.12206947803497314,-2.39333438873291,-2.396564483642578,-2.3984947204589844,0.2464342564344406,0.25728940963745117,0.23928917944431305,2.8779752254486084,2.8805618286132812,2.83081316947937,-0.0001055598258972168,0.007861435413360596,0.057791292667388916,-1.0073330402374268,-1.010216236114502,-1.0
3213,15,102,cam2_flat_eval_mean,-1.0,0.035628918558359146,0.021567106246948242,0.00905299186706543,-1.0011632442474365,-1,0.0781855434179306,0.0011632442474365234,0.00905299186706543,0,-0.10701018571853638,-0.11866682767868042,-0.09440484642982483,0.38735413551330566,0.4052012860774994,0.3436230421066284,-0.09602517634630203,-0.08656936883926392,-0.12206947803497314,-2.3913097381591797,-2.396564483642578,-2.3984947204589844,0.24203070998191833,0.25728940963745117,0.23928917944431305,2.858994722366333,2.8805618286132812,2.83081316947937,0.007691085338592529,0.007861435413360596,0.057791292667388916,-1.0011632442474365,-1.010216236114502,-1.0
3213,15,102,cam1_eval_affine,-1.0,0.02034429833292961,0.012780189514160156,0.008246421813964844,-1.001969814300537,-1,0.08638914674520493,0.0019698143005371094,0.008246421813964844,0,-0.1143578439950943,-0.11866682767868042,-0.09440484642982483,0.40001609921455383,0.4052012860774994,0.3436230421066284,-0.09313657879829407,-0.08656936883926392,-0.12206947803497314,-2.3936526775360107,-2.396564483642578,-2.3984947204589844,0.25234702229499817,0.25728940963745117,0.23928917944431305,2.8692009449005127,2.8805618286132812,2.83081316947937,0.020641624927520752,0.007861435413360596,0.057791292667388916,-1.001969814300537,-1.010216236114502,-1.0
3213,15,102,both_eval_affine,-1.0,0.015903981402516365,0.012712240219116211,0.0058689117431640625,-1.004347324371338,-1,0.09444759786128998,0.004347324371337891,0.0058689117431640625,0,-0.1142042875289917,-0.11866682767868042,-0.09440484642982483,0.4050225019454956,0.4052012860774994,0.3436230421066284,-0.08920085430145264,-0.08656936883926392,-0.12206947803497314,-2.391458511352539,-2.396564483642578,-2.3984947204589844,0.2529115676879883,0.25728940963745117,0.23928917944431305,2.8761768341064453,2.8805618286132812,2.83081316947937,0.020573675632476807,0.007861435413360596,0.057791292667388916,-1.004347324371338,-1.010216236114502,-1.0
4287,20,104,orig,-1.0,0.0,0.0,0.0,-1.000942349433899,-1,0.2191205769777298,0.0009423494338989258,0.0,0,-0.2684006094932556,-0.2684006094932556,-0.19906951487064362,0.2689301371574402,0.2689301371574402,0.19056716561317444,-0.013744138181209564,-0.013744138181209564,-0.1075344830751419,-2.6555936336517334,-2.6555936336517334,-2.6723992824554443,0.5305792689323425,0.5305792689323425,0.42831626534461975,2.9923765659332275,2.9923765659332275,2.9377269744873047,-0.5031519532203674,-0.5031519532203674,-0.3825579583644867,-1.000942349433899,-1.000942349433899,-1.0
4287,20,104,cam2_eval_affine,-1.0,0.2025010883808136,0.10735136270523071,0.009338140487670898,-0.991604208946228,-1,0.022021830081939697,0.008395791053771973,0.009338140487670898,0,-0.20306096971035004,-0.2684006094932556,-0.19906951487064362,0.20289915800094604,0.2689301371574402,0.19056716561317444,-0.10006950795650482,-0.013744138181209564,-0.1075344830751419,-2.675922155380249,-2.6555936336517334,-2.6723992824554443,0.4342251420021057,0.5305792689323425,0.42831626534461975,2.9315195083618164,2.9923765659332275,2.9377269744873047,-0.3958005905151367,-0.5031519532203674,-0.3825579583644867,-0.991604208946228,-1.000942349433899,-1.0
4287,20,104,cam2_eval_mean,-1.0,0.18068554997444153,0.11769157648086548,-0.004124283790588379,-1.0050666332244873,-1,0.050160132348537445,0.005066633224487305,0.004124283790588379,0,-0.20684729516506195,-0.2684006094932556,-0.19906951487064362,0.2229413092136383,0.2689301371574402,0.19056716561317444,-0.08972373604774475,-0.013744138181209564,-0.1075344830751419,-2.6670899391174316,-2.6555936336517334,-2.6723992824554443,0.4558679461479187,0.5305792689323425,0.42831626534461975,2.9548888206481934,2.9923765659332275,2.9377269744873047,-0.38546037673950195,-0.5031519532203674,-0.3825579583644867,-1.0050666332244873,-1.000942349433899,-1.0
4287,20,104,cam2_zero,-1.0,0.07523453235626221,0.04986089468002319,-0.03600108623504639,-1.0369434356689453,-1,0.14644576609134674,0.03694343566894531,0.03600108623504639,0,-0.2430262416601181,-0.2684006094932556,-0.19906951487064362,0.24958842992782593,0.2689301371574402,0.19056716561317444,-0.038794830441474915,-0.013744138181209564,-0.1075344830751419,-2.6585803031921387,-2.6555936336517334,-2.6723992824554443,0.49318715929985046,0.5305792689323425,0.42831626534461975,2.9813520908355713,2.9923765659332275,2.9377269744873047,-0.45329105854034424,-0.5031519532203674,-0.3825579583644867,-1.0369434356689453,-1.000942349433899,-1.0
4287,20,104,cam2_flat_train_mean,-1.0,0.06054885312914848,0.03973287343978882,-0.01061856746673584,-1.0115609169006348,-1,0.16853386163711548,0.011560916900634766,0.01061856746673584,0,-0.2431698590517044,-0.2684006094932556,-0.19906951487064362,0.2473975121974945,0.2689301371574402,0.19056716561317444,-0.041633494198322296,-0.013744138181209564,-0.1075344830751419,-2.660414695739746,-2.6555936336517334,-2.6723992824554443,0.4908463954925537,0.5305792689323425,0.42831626534461975,2.9803929328918457,2.9923765659332275,2.9377269744873047,-0.4966288208961487,-0.5031519532203674,-0.3825579583644867,-1.0115609169006348,-1.000942349433899,-1.0
4287,20,104,cam2_flat_eval_mean,-1.0,0.04643750563263893,0.03922104835510254,-0.028026223182678223,-1.0289685726165771,-1,0.2342173159122467,0.02896857261657715,0.028026223182678223,0,-0.26978492736816406,-0.2684006094932556,-0.19906951487064362,0.2607077658176422,0.2689301371574402,0.19056716561317444,-0.012001246213912964,-0.013744138181209564,-0.1075344830751419,-2.6559650897979736,-2.6555936336517334,-2.6723992824554443,0.507961094379425,0.5305792689323425,0.42831626534461975,2.9981963634490967,2.9923765659332275,2.9377269744873047,-0.54237300157547,-0.5031519532203674,-0.3825579583644867,-1.0289685726165771,-1.000942349433899,-1.0
4287,20,104,cam1_eval_affine,-1.0,0.09444959461688995,0.0608178973197937,-0.022220492362976074,-1.023162841796875,-1,0.12948337197303772,0.023162841796875,0.022220492362976074,0,-0.23630808293819427,-0.2684006094932556,-0.19906951487064362,0.2554349899291992,0.2689301371574402,0.19056716561317444,-0.05635546147823334,-0.013744138181209564,-0.1075344830751419,-2.6614694595336914,-2.6555936336517334,-2.6723992824554443,0.48802193999290466,0.5305792689323425,0.42831626534461975,2.9737088680267334,2.9923765659332275,2.9377269744873047,-0.44233405590057373,-0.5031519532203674,-0.3825579583644867,-1.023162841796875,-1.000942349433899,-1.0
4287,20,104,both_eval_affine,-1.0,0.17105363309383392,0.10313117504119873,-0.0014510154724121094,-1.002393364906311,-1,0.05572135001420975,0.002393364906311035,0.0014510154724121094,0,-0.21097728610038757,-0.2684006094932556,-0.19906951487064362,0.230450838804245,0.2689301371574402,0.19056716561317444,-0.08522261679172516,-0.013744138181209564,-0.1075344830751419,-2.666579246520996,-2.6555936336517334,-2.6723992824554443,0.4490716755390167,0.5305792689323425,0.42831626534461975,2.9479708671569824,2.9923765659332275,2.9377269744873047,-0.4000207781791687,-0.5031519532203674,-0.3825579583644867,-1.002393364906311,-1.000942349433899,-1.0
5520,26,100,orig,-1.0,0.0,0.0,0.0,-1.0066128969192505,-1,0.022756343707442284,0.006612896919250488,0.0,0,-0.15058735013008118,-0.15058735013008118,-0.15086729824543,0.3561701476573944,0.3561701476573944,0.3621125817298889,-0.11487056314945221,-0.11487056314945221,-0.1171407699584961,-2.345316171646118,-2.345316171646118,-2.3427820205688477,0.18444588780403137,0.18444588780403137,0.1875935196876526,2.6953656673431396,2.6953656673431396,2.7098875045776367,-0.10109114646911621,-0.10109114646911621,-0.08527681231498718,-1.0066128969192505,-1.0066128969192505,-1.0
5520,26,100,cam2_eval_affine,-1.0,0.016195572912693024,0.010268032550811768,-0.008636951446533203,-1.0152498483657837,-1,0.035075195133686066,0.015249848365783691,0.008636951446533203,0,-0.14950844645500183,-0.15058735013008118,-0.15086729824543,0.34590211510658264,0.3561701476573944,0.3621125817298889,-0.12187932431697845,-0.11487056314945221,-0.1171407699584961,-2.342555284500122,-2.345316171646118,-2.3427820205688477,0.18334436416625977,0.18444588780403137,0.1875935196876526,2.685915946960449,2.6953656673431396,2.7098875045776367,-0.10399705171585083,-0.10109114646911621,-0.08527681231498718,-1.0152498483657837,-1.0066128969192505,-1.0
5520,26,100,cam2_eval_mean,-1.0,0.009731736034154892,0.005852222442626953,-0.00757908821105957,-1.01419198513031,-1,0.028502052649855614,0.014191985130310059,0.00757908821105957,0,-0.15070675313472748,-0.15058735013008118,-0.15086729824543,0.3503686189651489,0.3561701476573944,0.3621125817298889,-0.11650007218122482,-0.11487056314945221,-0.1171407699584961,-2.341353178024292,-2.345316171646118,-2.3427820205688477,0.18169081211090088,0.18444588780403137,0.1875935196876526,2.6895134449005127,2.6953656673431396,2.7098875045776367,-0.10017728805541992,-0.10109114646911621,-0.08527681231498718,-1.01419198513031,-1.0066128969192505,-1.0
5520,26,100,cam2_zero,-1.0,0.03721794858574867,0.033894896507263184,0.0053784847259521484,-1.0012344121932983,-1,0.05078279227018356,0.0012344121932983398,0.0053784847259521484,0,-0.1518041491508484,-0.15058735013008118,-0.15086729824543,0.3608914911746979,0.3561701476573944,0.3621125817298889,-0.10952449589967728,-0.11487056314945221,-0.1171407699584961,-2.3374273777008057,-2.345316171646118,-2.3427820205688477,0.1850333958864212,0.18444588780403137,0.1875935196876526,2.706382989883423,2.6953656673431396,2.7098875045776367,-0.1349860429763794,-0.10109114646911621,-0.08527681231498718,-1.0012344121932983,-1.0066128969192505,-1.0
5520,26,100,cam2_flat_train_mean,-1.0,0.03650715574622154,0.03161025047302246,-0.010541677474975586,-1.017154574394226,-1,0.049141451716423035,0.017154574394226074,0.010541677474975586,0,-0.15227513015270233,-0.15058735013008118,-0.15086729824543,0.36495473980903625,0.3561701476573944,0.3621125817298889,-0.10659944266080856,-0.11487056314945221,-0.1171407699584961,-2.3386285305023193,-2.345316171646118,-2.3427820205688477,0.18314063549041748,0.18444588780403137,0.1875935196876526,2.7071430683135986,2.6953656673431396,2.7098875045776367,-0.13270139694213867,-0.10109114646911621,-0.08527681231498718,-1.017154574394226,-1.0066128969192505,-1.0
5520,26,100,cam2_flat_eval_mean,-1.0,0.04514504224061966,0.04311090707778931,-0.019353747367858887,-1.0259666442871094,-1,0.06169538199901581,0.025966644287109375,0.019353747367858887,0,-0.152817502617836,-0.15058735013008118,-0.15086729824543,0.3580701947212219,0.3561701476573944,0.3621125817298889,-0.10789085924625397,-0.11487056314945221,-0.1171407699584961,-2.3395469188690186,-2.345316171646118,-2.3427820205688477,0.17639127373695374,0.18444588780403137,0.1875935196876526,2.7002711296081543,2.6953656673431396,2.7098875045776367,-0.14420205354690552,-0.10109114646911621,-0.08527681231498718,-1.0259666442871094,-1.0066128969192505,-1.0
5520,26,100,cam1_eval_affine,-1.0,0.0175193902105093,0.012920737266540527,-0.004986405372619629,-1.0115993022918701,-1,0.03056730329990387,0.011599302291870117,0.004986405372619629,0,-0.14860862493515015,-0.15058735013008118,-0.15086729824543,0.3432494103908539,0.3561701476573944,0.3621125817298889,-0.11910717934370041,-0.11487056314945221,-0.1171407699584961,-2.347086191177368,-2.345316171646118,-2.3427820205688477,0.18130043148994446,0.18444588780403137,0.1875935196876526,2.6887335777282715,2.6953656673431396,2.7098875045776367,-0.09327399730682373,-0.10109114646911621,-0.08527681231498718,-1.0115993022918701,-1.0066128969192505,-1.0
5520,26,100,both_eval_affine,-1.0,0.017954863607883453,0.013916730880737305,0.004591703414916992,-1.0020211935043335,-1,0.036209821701049805,0.002021193504333496,0.004591703414916992,0,-0.14857764542102814,-0.15058735013008118,-0.15086729824543,0.349403440952301,0.3561701476573944,0.3621125817298889,-0.121812604367733,-0.11487056314945221,-0.1171407699584961,-2.3405814170837402,-2.345316171646118,-2.3427820205688477,0.18166622519493103,0.18444588780403137,0.1875935196876526,2.6814489364624023,2.6953656673431396,2.7098875045776367,-0.10182470083236694,-0.10109114646911621,-0.08527681231498718,-1.0020211935043335,-1.0066128969192505,-1.0
6527,31,105,orig,-1.0,0.0,0.0,0.0,-0.9937500953674316,-1,0.059747032821178436,0.006249904632568359,0.0,0,-0.018587719649076462,-0.018587719649076462,-0.01613388955593109,0.13995151221752167,0.13995151221752167,0.10681324452161789,-0.28859588503837585,-0.28859588503837585,-0.28651371598243713,-2.732555389404297,-2.732555389404297,-2.7320449352264404,0.30476775765419006,0.30476775765419006,0.26605647802352905,2.8919341564178467,2.8919341564178467,2.8668322563171387,0.3721234202384949,0.3721234202384949,0.39035189151763916,-0.9937500953674316,-0.9937500953674316,-1.0
6527,31,105,cam2_eval_affine,-1.0,0.02903561480343342,0.019127845764160156,-0.009985923767089844,-1.0037360191345215,-1,0.08327742666006088,0.0037360191345214844,0.009985923767089844,0,-0.0227297805249691,-0.018587719649076462,-0.01613388955593109,0.1537751853466034,0.13995151221752167,0.10681324452161789,-0.2773756980895996,-0.28859588503837585,-0.28651371598243713,-2.727994441986084,-2.732555389404297,-2.7320449352264404,0.31565403938293457,0.30476775765419006,0.26605647802352905,2.893867015838623,2.8919341564178467,2.8668322563171387,0.3529955744743347,0.3721234202384949,0.39035189151763916,-1.0037360191345215,-0.9937500953674316,-1.0
6527,31,105,cam2_eval_mean,-1.0,0.04739859700202942,0.02774214744567871,0.004295229911804199,-0.9894548654556274,-1,0.01805342547595501,0.010545134544372559,0.004295229911804199,0,-0.015144992619752884,-0.018587719649076462,-0.01613388955593109,0.11573837697505951,0.13995151221752167,0.10681324452161789,-0.29370051622390747,-0.28859588503837585,-0.28651371598243713,-2.731041431427002,-2.732555389404297,-2.7320449352264404,0.2784464657306671,0.30476775765419006,0.26605647802352905,2.864192008972168,2.8919341564178467,2.8668322563171387,0.384681761264801,0.3721234202384949,0.39035189151763916,-0.9894548654556274,-0.9937500953674316,-1.0
6527,31,105,cam2_zero,-1.0,0.1898457258939743,0.10212522745132446,-0.02595996856689453,-1.0197100639343262,-1,0.24174539744853973,0.019710063934326172,0.02595996856689453,0,-0.06357274949550629,-0.018587719649076462,-0.01613388955593109,0.2173818051815033,0.13995151221752167,0.10681324452161789,-0.20720449090003967,-0.28859588503837585,-0.28651371598243713,-2.709275245666504,-2.732555389404297,-2.7320449352264404,0.4068929851055145,0.30476775765419006,0.26605647802352905,2.948272228240967,2.8919341564178467,2.8668322563171387,0.2869633734226227,0.3721234202384949,0.39035189151763916,-1.0197100639343262,-0.9937500953674316,-1.0
6527,31,105,cam2_flat_train_mean,-1.0,0.19628013670444489,0.11063802242279053,-0.03154492378234863,-1.0252950191497803,-1,0.24834883213043213,0.025295019149780273,0.03154492378234863,0,-0.06892555207014084,-0.018587719649076462,-0.01613388955593109,0.21838650107383728,0.13995151221752167,0.10681324452161789,-0.20503851771354675,-0.28859588503837585,-0.28651371598243713,-2.7136895656585693,-2.732555389404297,-2.7320449352264404,0.4154057800769806,0.30476775765419006,0.26605647802352905,2.9498469829559326,2.8919341564178467,2.8668322563171387,0.2890118658542633,0.3721234202384949,0.39035189151763916,-1.0252950191497803,-0.9937500953674316,-1.0
6527,31,105,cam2_flat_eval_mean,-1.0,0.13808542490005493,0.07977959513664246,-0.024076461791992188,-1.0178265571594238,-1,0.1917627602815628,0.017826557159423828,0.024076461791992188,0,-0.04558868706226349,-0.018587719649076462,-0.01613388955593109,0.19583269953727722,0.13995151221752167,0.10681324452161789,-0.23778659105300903,-0.28859588503837585,-0.28651371598243713,-2.7176694869995117,-2.732555389404297,-2.7320449352264404,0.3845473527908325,0.30476775765419006,0.26605647802352905,2.9288785457611084,2.8919341564178467,2.8668322563171387,0.3036911189556122,0.3721234202384949,0.39035189151763916,-1.0178265571594238,-0.9937500953674316,-1.0
6527,31,105,cam1_eval_affine,-1.0,0.030727602541446686,0.01809215545654297,-0.003130316734313965,-0.9968804121017456,-1,0.035867150872945786,0.0031195878982543945,0.003130316734313965,0,-0.013144172728061676,-0.018587719649076462,-0.01613388955593109,0.13025923073291779,0.13995151221752167,0.10681324452161789,-0.2925977110862732,-0.28859588503837585,-0.28651371598243713,-2.7266852855682373,-2.732555389404297,-2.7320449352264404,0.29067689180374146,0.30476775765419006,0.26605647802352905,2.8738420009613037,2.8919341564178467,2.8668322563171387,0.3877522945404053,0.3721234202384949,0.39035189151763916,-0.9968804121017456,-0.9937500953674316,-1.0
6527,31,105,both_eval_affine,-1.0,0.06689555943012238,0.039444297552108765,-0.005445122718811035,-0.9991952180862427,-1,0.02377689816057682,0.0008047819137573242,0.005445122718811035,0,-0.005439389497041702,-0.018587719649076462,-0.01613388955593109,0.10719353705644608,0.13995151221752167,0.10681324452161789,-0.3054986894130707,-0.28859588503837585,-0.28651371598243713,-2.7357726097106934,-2.732555389404297,-2.7320449352264404,0.2653234601020813,0.30476775765419006,0.26605647802352905,2.8664052486419678,2.8919341564178467,2.8668322563171387,0.3990570306777954,0.3721234202384949,0.39035189151763916,-0.9991952180862427,-0.9937500953674316,-1.0
7554,36,101,orig,-1.0,0.0,0.0,0.0,-1.0071437358856201,-1,0.0684593915939331,0.007143735885620117,0.0,0,-0.11029154062271118,-0.11029154062271118,-0.09624830633401871,0.3442448377609253,0.3442448377609253,0.2955283224582672,-0.2254571169614792,-0.2254571169614792,-0.24852463603019714,-2.47324275970459,-2.47324275970459,-2.4814915657043457,0.26823318004608154,0.26823318004608154,0.24280646443367004,2.8019440174102783,2.8019440174102783,2.7724661827087402,0.2828505039215088,0.2828505039215088,0.2820999026298523,-1.0071437358856201,-1.0071437358856201,-1.0
7554,36,101,cam2_eval_affine,-1.0,0.020471032708883286,0.012275457382202148,0.005723476409912109,-1.001420259475708,-1,0.048513349145650864,0.0014202594757080078,0.005723476409912109,0,-0.10444214940071106,-0.11029154062271118,-0.09624830633401871,0.33196938037872314,0.3442448377609253,0.2955283224582672,-0.23400753736495972,-0.2254571169614792,-0.24852463603019714,-2.474249839782715,-2.47324275970459,-2.4814915657043457,0.25962716341018677,0.26823318004608154,0.24280646443367004,2.7927098274230957,2.8019440174102783,2.7724661827087402,0.28368911147117615,0.2828505039215088,0.2820999026298523,-1.001420259475708,-1.0071437358856201,-1.0
7554,36,101,cam2_eval_mean,-1.0,0.02632017806172371,0.01452973484992981,-0.0019108057022094727,-1.0090545415878296,-1,0.04354870319366455,0.00905454158782959,0.0019108057022094727,0,-0.10548126697540283,-0.11029154062271118,-0.09624830633401871,0.3297151029109955,0.3442448377609253,0.2955283224582672,-0.2357252836227417,-0.2254571169614792,-0.24852463603019714,-2.4729881286621094,-2.47324275970459,-2.4814915657043457,0.2556910514831543,0.26823318004608154,0.24280646443367004,2.7879693508148193,2.8019440174102783,2.7724661827087402,0.28221532702445984,0.2828505039215088,0.2820999026298523,-1.0090545415878296,-1.0071437358856201,-1.0
7554,36,101,cam2_zero,-1.0,0.0334671214222908,0.031242191791534424,0.007620811462402344,-0.9995229244232178,-1,0.08294201642274857,0.00047707557678222656,0.007620811462402344,0,-0.11498354375362396,-0.11029154062271118,-0.09624830633401871,0.345185250043869,0.3442448377609253,0.2955283224582672,-0.22017517685890198,-0.2254571169614792,-0.24852463603019714,-2.4703361988067627,-2.47324275970459,-2.4814915657043457,0.2695605158805847,0.26823318004608154,0.24280646443367004,2.8110525608062744,2.8019440174102783,2.7724661827087402,0.25160831212997437,0.2828505039215088,0.2820999026298523,-0.9995229244232178,-1.0071437358856201,-1.0
7554,36,101,cam2_flat_train_mean,-1.0,0.08006162196397781,0.053776711225509644,-0.0027943849563598633,-1.00993812084198,-1,0.014415694400668144,0.00993812084197998,0.0027943849563598633,0,-0.09283599257469177,-0.11029154062271118,-0.09624830633401871,0.29046812653541565,0.3442448377609253,0.2955283224582672,-0.25030452013015747,-0.2254571169614792,-0.24852463603019714,-2.4792189598083496,-2.47324275970459,-2.4814915657043457,0.23916445672512054,0.26823318004608154,0.24280646443367004,2.760735273361206,2.8019440174102783,2.7724661827087402,0.27873069047927856,0.2828505039215088,0.2820999026298523,-1.00993812084198,-1.0071437358856201,-1.0
7554,36,101,cam2_flat_eval_mean,-1.0,0.03617968410253525,0.028429925441741943,-0.006652116775512695,-1.0137958526611328,-1,0.05403275042772293,0.013795852661132812,0.006652116775512695,0,-0.10522091388702393,-0.11029154062271118,-0.09624830633401871,0.32857733964920044,0.3442448377609253,0.2955283224582672,-0.23375347256660461,-0.2254571169614792,-0.24852463603019714,-2.4744787216186523,-2.47324275970459,-2.4814915657043457,0.25820696353912354,0.26823318004608154,0.24280646443367004,2.794286012649536,2.8019440174102783,2.7724661827087402,0.25442057847976685,0.2828505039215088,0.2820999026298523,-1.0137958526611328,-1.0071437358856201,-1.0
7554,36,101,cam1_eval_affine,-1.0,0.0359191857278347,0.021832257509231567,0.0009135007858276367,-1.0062302350997925,-1,0.09800069034099579,0.0062302350997924805,0.0009135007858276367,0,-0.11856110394001007,-0.11029154062271118,-0.09624830633401871,0.35789379477500916,0.3442448377609253,0.2955283224582672,-0.2167281061410904,-0.2254571169614792,-0.24852463603019714,-2.473768711090088,-2.47324275970459,-2.4814915657043457,0.2811187207698822,0.26823318004608154,0.24280646443367004,2.819730281829834,2.8019440174102783,2.7724661827087402,0.2610182464122772,0.2828505039215088,0.2820999026298523,-1.0062302350997925,-1.0071437358856201,-1.0
7554,36,101,both_eval_affine,-1.0,0.01661045104265213,0.00912870466709137,-0.003926753997802734,-1.0110704898834229,-1,0.05296090245246887,0.011070489883422852,0.003926753997802734,0,-0.10677747428417206,-0.11029154062271118,-0.09624830633401871,0.3354921042919159,0.3442448377609253,0.2955283224582672,-0.23458582162857056,-0.2254571169614792,-0.24852463603019714,-2.474398612976074,-2.47324275970459,-2.4814915657043457,0.2610863745212555,0.26823318004608154,0.24280646443367004,2.795065402984619,2.8019440174102783,2.7724661827087402,0.2848219573497772,0.2828505039215088,0.2820999026298523,-1.0110704898834229,-1.0071437358856201,-1.0
8577,41,100,orig,-1.0,0.0,0.0,0.0,-1.0038481950759888,-1,0.027154119685292244,0.0038481950759887695,0.0,0,-0.04396340996026993,-0.04396340996026993,-0.041150663048028946,0.33103445172309875,0.33103445172309875,0.3165756165981293,-0.1706266850233078,-0.1706266850233078,-0.16818192601203918,-2.474583864212036,-2.474583864212036,-2.4734818935394287,0.3014078736305237,0.3014078736305237,0.2894619107246399,2.8124029636383057,2.8124029636383057,2.7940404415130615,0.6762661933898926,0.6762661933898926,0.6704958081245422,-1.0038481950759888,-1.0038481950759888,-1.0
8577,41,100,cam2_eval_affine,-1.0,0.0442453995347023,0.027796924114227295,0.0047713518142700195,-0.9990768432617188,-1,0.06807492673397064,0.00092315673828125,0.0047713518142700195,0,-0.050508931279182434,-0.04396340996026993,-0.041150663048028946,0.35883137583732605,0.33103445172309875,0.3165756165981293,-0.15830683708190918,-0.1706266850233078,-0.16818192601203918,-2.4717328548431396,-2.474583864212036,-2.4734818935394287,0.3179892897605896,0.3014078736305237,0.2894619107246399,2.8367223739624023,2.8124029636383057,2.7940404415130615,0.6655024290084839,0.6762661933898926,0.6704958081245422,-0.9990768432617188,-1.0038481950759888,-1.0
8577,41,100,cam2_eval_mean,-1.0,0.02437407523393631,0.013471215963363647,-0.0028831958770751953,-1.006731390953064,-1,0.049570079892873764,0.006731390953063965,0.0028831958770751953,0,-0.049434274435043335,-0.04396340996026993,-0.041150663048028946,0.3445056676864624,0.33103445172309875,0.3165756165981293,-0.16346688568592072,-0.1706266850233078,-0.16818192601203918,-2.4741480350494385,-2.474583864212036,-2.4734818935394287,0.31453439593315125,0.3014078736305237,0.2894619107246399,2.824789047241211,2.8124029636383057,2.7940404415130615,0.6739171147346497,0.6762661933898926,0.6704958081245422,-1.006731390953064,-1.0038481950759888,-1.0
8577,41,100,cam2_zero,-1.0,0.014319843612611294,0.0107499361038208,-0.0032508373260498047,-1.0070990324020386,-1,0.026213763281702995,0.007099032402038574,0.0032508373260498047,0,-0.038200922310352325,-0.04396340996026993,-0.041150663048028946,0.3273359537124634,0.33103445172309875,0.3165756165981293,-0.1678476780653,-0.1706266850233078,-0.16818192601203918,-2.471574306488037,-2.474583864212036,-2.4734818935394287,0.29798078536987305,0.3014078736305237,0.2894619107246399,2.808649778366089,2.8124029636383057,2.7940404415130615,0.6870161294937134,0.6762661933898926,0.6704958081245422,-1.0070990324020386,-1.0038481950759888,-1.0
8577,41,100,cam2_flat_train_mean,-1.0,0.024712003767490387,0.015817642211914062,-0.0012611150741577148,-1.0051093101501465,-1,0.047692183405160904,0.005109310150146484,0.0012611150741577148,0,-0.045419029891490936,-0.04396340996026993,-0.041150663048028946,0.3386528789997101,0.33103445172309875,0.3165756165981293,-0.1650868058204651,-0.1706266850233078,-0.16818192601203918,-2.4766242504119873,-2.474583864212036,-2.4734818935394287,0.31285566091537476,0.3014078736305237,0.2894619107246399,2.8282206058502197,2.8124029636383057,2.7940404415130615,0.6646721959114075,0.6762661933898926,0.6704958081245422,-1.0051093101501465,-1.0038481950759888,-1.0
8577,41,100,cam2_flat_eval_mean,-1.0,0.023575372993946075,0.014904916286468506,0.00033652782440185547,-1.003511667251587,-1,0.015932628884911537,0.003511667251586914,0.00033652782440185547,0,-0.03474804013967514,-0.04396340996026993,-0.041150663048028946,0.31612953543663025,0.33103445172309875,0.3165756165981293,-0.17404399812221527,-0.1706266850233078,-0.16818192601203918,-2.4756293296813965,-2.474583864212036,-2.4734818935394287,0.2957438826560974,0.3014078736305237,0.2894619107246399,2.79893159866333,2.8124029636383057,2.7940404415130615,0.680997908115387,0.6762661933898926,0.6704958081245422,-1.003511667251587,-1.0038481950759888,-1.0
8577,41,100,cam1_eval_affine,-1.0,0.015909558162093163,0.010836243629455566,0.00746917724609375,-0.996379017829895,-1,0.038030486553907394,0.0036209821701049805,0.00746917724609375,0,-0.045360200107097626,-0.04396340996026993,-0.041150663048028946,0.3392060399055481,0.33103445172309875,0.3165756165981293,-0.16867274045944214,-0.1706266850233078,-0.16818192601203918,-2.4740731716156006,-2.474583864212036,-2.4734818935394287,0.3057158291339874,0.3014078736305237,0.2894619107246399,2.819060802459717,2.8124029636383057,2.7940404415130615,0.665429949760437,0.6762661933898926,0.6704958081245422,-0.996379017829895,-1.0038481950759888,-1.0
8577,41,100,both_eval_affine,-1.0,0.022753197699785233,0.014452964067459106,-2.872943878173828e-05,-1.0038769245147705,-1,0.04809340462088585,0.003876924514770508,2.872943878173828e-05,0,-0.04758299142122269,-0.04396340996026993,-0.041150663048028946,0.34548741579055786,0.33103445172309875,0.3165756165981293,-0.1647476851940155,-0.1706266850233078,-0.16818192601203918,-2.475430965423584,-2.474583864212036,-2.4734818935394287,0.3122105598449707,0.3014078736305237,0.2894619107246399,2.823969841003418,2.8124029636383057,2.7940404415130615,0.6731122136116028,0.6762661933898926,0.6704958081245422,-1.0038769245147705,-1.0038481950759888,-1.0
9591,46,102,orig,-1.0,0.0,0.0,0.0,-1.0119298696517944,-1,0.1253819465637207,0.011929869651794434,0.0,0,-0.06726476550102234,-0.06726476550102234,-0.04887687414884567,0.17154115438461304,0.17154115438461304,0.09343533217906952,-0.09630531072616577,-0.09630531072616577,-0.11964831501245499,-2.743339776992798,-2.743339776992798,-2.7536122798919678,0.05595098435878754,0.05595098435878754,0.03359372913837433,2.896174669265747,2.896174669265747,2.820368766784668,0.2355230450630188,0.2355230450630188,0.2843615412712097,-1.0119298696517944,-1.0119298696517944,-1.0
9591,46,102,cam2_eval_affine,-1.0,0.023353612050414085,0.017819195985794067,0.006114602088928223,-1.0058152675628662,-1,0.11549258232116699,0.005815267562866211,0.006114602088928223,0,-0.0636942982673645,-0.06726476550102234,-0.04887687414884567,0.15372195839881897,0.17154115438461304,0.09343533217906952,-0.09780726581811905,-0.09630531072616577,-0.11964831501245499,-2.748173713684082,-2.743339776992798,-2.7536122798919678,0.05227270722389221,0.05595098435878754,0.03359372913837433,2.8905529975891113,2.896174669265747,2.820368766784668,0.22350791096687317,0.2355230450630188,0.2843615412712097,-1.0058152675628662,-1.0119298696517944,-1.0
9591,46,102,cam2_eval_mean,-1.0,0.03626767545938492,0.022415190935134888,0.0012028217315673828,-1.010727047920227,-1,0.09053707122802734,0.01072704792022705,0.0012028217315673828,0,-0.05976016819477081,-0.06726476550102234,-0.04887687414884567,0.14912596344947815,0.17154115438461304,0.09343533217906952,-0.10384698212146759,-0.09630531072616577,-0.11964831501245499,-2.746720552444458,-2.743339776992798,-2.7536122798919678,0.04688659682869911,0.05595098435878754,0.03359372913837433,2.880445957183838,2.896174669265747,2.820368766784668,0.2544630169868469,0.2355230450630188,0.2843615412712097,-1.010727047920227,-1.0119298696517944,-1.0
9591,46,102,cam2_zero,-1.0,0.0594235397875309,0.04171717166900635,0.010086536407470703,-1.0018433332443237,-1,0.07047139108181,0.0018433332443237305,0.010086536407470703,0,-0.054862409830093384,-0.06726476550102234,-0.04887687414884567,0.1298239827156067,0.17154115438461304,0.09343533217906952,-0.10974802076816559,-0.09630531072616577,-0.11964831501245499,-2.7487332820892334,-2.743339776992798,-2.7536122798919678,0.034583572298288345,0.05595098435878754,0.03359372913837433,2.869978904724121,2.896174669265747,2.820368766784668,0.25238826870918274,0.2355230450630188,0.2843615412712097,-1.0018433332443237,-1.0119298696517944,-1.0
9591,46,102,cam2_flat_train_mean,-1.0,0.03621694818139076,0.027678638696670532,-0.0014656782150268555,-1.0133955478668213,-1,0.09726181626319885,0.013395547866821289,0.0014656782150268555,0,-0.05847616493701935,-0.06726476550102234,-0.04887687414884567,0.1438625156879425,0.17154115438461304,0.09343533217906952,-0.10344957560300827,-0.09630531072616577,-0.11964831501245499,-2.74983549118042,-2.743339776992798,-2.7536122798919678,0.04013143107295036,0.05595098435878754,0.03359372913837433,2.885018825531006,2.896174669265747,2.820368766784668,0.23613521456718445,0.2355230450630188,0.2843615412712097,-1.0133955478668213,-1.0119298696517944,-1.0
9591,46,102,cam2_flat_eval_mean,-1.0,0.023202737793326378,0.016009867191314697,-0.02490532398223877,-1.0368351936340332,-1,0.12553392350673676,0.0368351936340332,0.02490532398223877,0,-0.06132808327674866,-0.06726476550102234,-0.04887687414884567,0.15980273485183716,0.17154115438461304,0.09343533217906952,-0.09649621695280075,-0.09630531072616577,-0.11964831501245499,-2.744185447692871,-2.743339776992798,-2.7536122798919678,0.04599683731794357,0.05595098435878754,0.03359372913837433,2.8992044925689697,2.896174669265747,2.820368766784668,0.2195131778717041,0.2355230450630188,0.2843615412712097,-1.0368351936340332,-1.0119298696517944,-1.0
9591,46,102,cam1_eval_affine,-1.0,0.02026643417775631,0.014809578657150269,0.005159139633178711,-1.0067707300186157,-1,0.1106192097067833,0.006770730018615723,0.005159139633178711,0,-0.06401620805263519,-0.06726476550102234,-0.04887687414884567,0.15673157572746277,0.17154115438461304,0.09343533217906952,-0.10042989253997803,-0.09630531072616577,-0.11964831501245499,-2.751645088195801,-2.743339776992798,-2.7536122798919678,0.051960546523332596,0.05595098435878754,0.03359372913837433,2.887946128845215,2.896174669265747,2.820368766784668,0.23217210173606873,0.2355230450630188,0.2843615412712097,-1.0067707300186157,-1.0119298696517944,-1.0
9591,46,102,both_eval_affine,-1.0,0.0220528282225132,0.0166398286819458,0.011458873748779297,-1.0004709959030151,-1,0.12670578062534332,0.0004709959030151367,0.011458873748779297,0,-0.06938095390796661,-0.06726476550102234,-0.04887687414884567,0.16226990520954132,0.17154115438461304,0.09343533217906952,-0.08969370275735855,-0.09630531072616577,-0.11964831501245499,-2.742271661758423,-2.743339776992798,-2.7536122798919678,0.06156991794705391,0.05595098435878754,0.03359372913837433,2.8896491527557373,2.896174669265747,2.820368766784668,0.218883216381073,0.2355230450630188,0.2843615412712097,-1.0004709959030151,-1.0119298696517944,-1.0
10614,51,102,orig,-1.0,0.0,0.0,0.0,-0.9980441331863403,-1,0.01521126739680767,0.001955866813659668,0.0,0,-0.16105185449123383,-0.16105185449123383,-0.157460555434227,0.22259074449539185,0.22259074449539185,0.21150286495685577,-0.16219021379947662,-0.16219021379947662,-0.16519108414649963,-2.566222906112671,-2.566222906112671,-2.5670113563537598,0.32154983282089233,0.32154983282089233,0.3145384192466736,2.801365613937378,2.801365613937378,2.79799222946167,-0.002691924571990967,-0.002691924571990967,-0.00772954523563385,-0.9980441331863403,-0.9980441331863403,-1.0
10614,51,102,cam2_eval_affine,-1.0,0.02167479507625103,0.012332379817962646,0.0010738372802734375,-0.9969702959060669,-1,0.01310201920568943,0.0030297040939331055,0.0010738372802734375,0,-0.15556035935878754,-0.16105185449123383,-0.157460555434227,0.21236354112625122,0.22259074449539185,0.21150286495685577,-0.16871465742588043,-0.16219021379947662,-0.16519108414649963,-2.5687971115112305,-2.566222906112671,-2.5670113563537598,0.3092174530029297,0.32154983282089233,0.3145384192466736,2.790152072906494,2.801365613937378,2.79799222946167,0.00013977289199829102,-0.002691924571990967,-0.00772954523563385,-0.9969702959060669,-0.9980441331863403,-1.0
10614,51,102,cam2_eval_mean,-1.0,0.03211232274770737,0.021021336317062378,0.00047981739044189453,-0.9975643157958984,-1,0.01972324214875698,0.0024356842041015625,0.00047981739044189453,0,-0.15762560069561005,-0.16105185449123383,-0.157460555434227,0.20156940817832947,0.22259074449539185,0.21150286495685577,-0.1703890562057495,-0.16219021379947662,-0.16519108414649963,-2.5695128440856934,-2.566222906112671,-2.5670113563537598,0.30716001987457275,0.32154983282089233,0.3145384192466736,2.7843024730682373,2.801365613937378,2.79799222946167,-0.0038335323333740234,-0.002691924571990967,-0.00772954523563385,-0.9975643157958984,-0.9980441331863403,-1.0
10614,51,102,cam2_zero,-1.0,0.07656840234994888,0.04637259244918823,-0.03307640552520752,-1.0311205387115479,-1,0.08479276299476624,0.03112053871154785,0.03307640552520752,0,-0.1750503033399582,-0.16105185449123383,-0.157460555434227,0.2550926208496094,0.22259074449539185,0.21150286495685577,-0.1352822482585907,-0.16219021379947662,-0.16519108414649963,-2.5607056617736816,-2.566222906112671,-2.5670113563537598,0.3464474678039551,0.32154983282089233,0.3145384192466736,2.8343141078948975,2.801365613937378,2.79799222946167,-0.0490645170211792,-0.002691924571990967,-0.00772954523563385,-1.0311205387115479,-0.9980441331863403,-1.0
10614,51,102,cam2_flat_train_mean,-1.0,0.03950095549225807,0.03837078809738159,-0.021291732788085938,-1.0193358659744263,-1,0.03964538127183914,0.01933586597442627,0.021291732788085938,0,-0.16464567184448242,-0.16105185449123383,-0.157460555434227,0.22481632232666016,0.22259074449539185,0.21150286495685577,-0.1550300270318985,-0.16219021379947662,-0.16519108414649963,-2.5637762546539307,-2.566222906112671,-2.5670113563537598,0.32507044076919556,0.32154983282089233,0.3145384192466736,2.8006653785705566,2.801365613937378,2.79799222946167,-0.04106271266937256,-0.002691924571990967,-0.00772954523563385,-1.0193358659744263,-0.9980441331863403,-1.0
10614,51,102,cam2_flat_eval_mean,-1.0,0.06868112087249756,0.04309111833572388,-0.0350574254989624,-1.0331015586853027,-1,0.07709778845310211,0.033101558685302734,0.0350574254989624,0,-0.17290093004703522,-0.16105185449123383,-0.157460555434227,0.2545473277568817,0.22259074449539185,0.21150286495685577,-0.13957932591438293,-0.16219021379947662,-0.16519108414649963,-2.561368227005005,-2.566222906112671,-2.5670113563537598,0.34456291794776917,0.32154983282089233,0.3145384192466736,2.8265490531921387,2.801365613937378,2.79799222946167,-0.045783042907714844,-0.002691924571990967,-0.00772954523563385,-1.0331015586853027,-0.9980441331863403,-1.0
10614,51,102,cam1_eval_affine,-1.0,0.04432237148284912,0.027985066175460815,0.021176457405090332,-0.97686767578125,-1,0.03397129848599434,0.02313232421875,0.021176457405090332,0,-0.1563798487186432,-0.16105185449123383,-0.157460555434227,0.19460567831993103,0.22259074449539185,0.21150286495685577,-0.17313671112060547,-0.16219021379947662,-0.16519108414649963,-2.5692861080169678,-2.566222906112671,-2.5670113563537598,0.3002817928791046,0.32154983282089233,0.3145384192466736,2.7805652618408203,2.801365613937378,2.79799222946167,0.009361624717712402,-0.002691924571990967,-0.00772954523563385,-0.97686767578125,-0.9980441331863403,-1.0
10614,51,102,both_eval_affine,-1.0,0.01748007722198963,0.010676145553588867,-0.002179265022277832,-1.0002233982086182,-1,0.009445544332265854,0.00022339820861816406,0.002179265022277832,0,-0.15836554765701294,-0.16105185449123383,-0.157460555434227,0.21581488847732544,0.22259074449539185,0.21150286495685577,-0.1690109521150589,-0.16219021379947662,-0.16519108414649963,-2.566457986831665,-2.566222906112671,-2.5670113563537598,0.3132937252521515,0.32154983282089233,0.3145384192466736,2.790689468383789,2.801365613937378,2.79799222946167,-0.007560551166534424,-0.002691924571990967,-0.00772954523563385,-1.0002233982086182,-0.9980441331863403,-1.0
11654,56,104,orig,-1.0,0.0,0.0,0.0,-0.9909290075302124,-1,0.06612198054790497,0.009070992469787598,0.0,0,0.08450514078140259,0.08450514078140259,0.09492342174053192,0.2434040904045105,0.2434040904045105,0.20041623711585999,-0.31670844554901123,-0.31670844554901123,-0.33726412057876587,-2.6122021675109863,-2.6122021675109863,-2.6201250553131104,0.3758750259876251,0.3758750259876251,0.33635613322257996,2.939767837524414,2.939767837524414,2.921339750289917,0.6537096500396729,0.6537096500396729,0.6590925455093384,-0.9909290075302124,-0.9909290075302124,-1.0
11654,56,104,cam2_eval_affine,-1.0,0.016432756558060646,0.008080452680587769,-0.0137099027633667,-1.004638910293579,-1,0.07988894730806351,0.0046389102935791016,0.0137099027633667,0,0.08281004428863525,0.08450514078140259,0.09492342174053192,0.25148454308509827,0.2434040904045105,0.20041623711585999,-0.3087083697319031,-0.31670844554901123,-0.33726412057876587,-2.605755567550659,-2.6122021675109863,-2.6201250553131104,0.3831073045730591,0.3758750259876251,0.33635613322257996,2.9380931854248047,2.939767837524414,2.921339750289917,0.6472910642623901,0.6537096500396729,0.6590925455093384,-1.004638910293579,-0.9909290075302124,-1.0
11654,56,104,cam2_eval_mean,-1.0,0.11253539472818375,0.06492722034454346,-0.0006592273712158203,-0.9915882349014282,-1,0.05259077250957489,0.008411765098571777,0.0006592273712158203,0,0.11959297955036163,0.08450514078140259,0.09492342174053192,0.1899849772453308,0.2434040904045105,0.20041623711585999,-0.3659399151802063,-0.31670844554901123,-0.33726412057876587,-2.626225471496582,-2.6122021675109863,-2.6201250553131104,0.31094780564308167,0.3758750259876251,0.33635613322257996,2.9029629230499268,2.939767837524414,2.921339750289917,0.6734307408332825,0.6537096500396729,0.6590925455093384,-0.9915882349014282,-0.9909290075302124,-1.0
11654,56,104,cam2_zero,-1.0,0.0700661838054657,0.03717169165611267,-0.01411294937133789,-1.0050419569015503,-1,0.13148225843906403,0.005041956901550293,0.01411294937133789,0,0.062199726700782776,0.08450514078140259,0.09492342174053192,0.26816388964653015,0.2434040904045105,0.20041623711585999,-0.27953675389289856,-0.31670844554901123,-0.33726412057876587,-2.607930898666382,-2.6122021675109863,-2.6201250553131104,0.4114902913570404,0.3758750259876251,0.33635613322257996,2.9588701725006104,2.939767837524414,2.921339750289917,0.6260443925857544,0.6537096500396729,0.6590925455093384,-1.0050419569015503,-0.9909290075302124,-1.0
11654,56,104,cam2_flat_train_mean,-1.0,0.09113436937332153,0.04863893985748291,-0.0019903182983398438,-0.9929193258285522,-1,0.15378300845623016,0.007080674171447754,0.0019903182983398438,0,0.05445607751607895,0.08450514078140259,0.09492342174053192,0.2791810631752014,0.2434040904045105,0.20041623711585999,-0.2680695056915283,-0.31670844554901123,-0.33726412057876587,-2.607799768447876,-2.6122021675109863,-2.6201250553131104,0.42364218831062317,0.3758750259876251,0.33635613322257996,2.972897529602051,2.939767837524414,2.921339750289917,0.6347853541374207,0.6537096500396729,0.6590925455093384,-0.9929193258285522,-0.9909290075302124,-1.0
11654,56,104,cam2_flat_eval_mean,-1.0,0.024223187938332558,0.01923656463623047,-0.02342534065246582,-1.0143543481826782,-1,0.06040240824222565,0.014354348182678223,0.02342534065246582,0,0.08878524601459503,0.08450514078140259,0.09492342174053192,0.23623701930046082,0.2434040904045105,0.20041623711585999,-0.31850069761276245,-0.31670844554901123,-0.33726412057876587,-2.615542411804199,-2.6122021675109863,-2.6201250553131104,0.3723084032535553,0.3758750259876251,0.33635613322257996,2.928816080093384,2.939767837524414,2.921339750289917,0.6344730854034424,0.6537096500396729,0.6590925455093384,-1.0143543481826782,-0.9909290075302124,-1.0
11654,56,104,cam1_eval_affine,-1.0,0.08765725791454315,0.04775962233543396,-0.005556344985961914,-0.9964853525161743,-1,0.03225485980510712,0.0035146474838256836,0.005556344985961914,0,0.11288407444953918,0.08450514078140259,0.09492342174053192,0.20039322972297668,0.2434040904045105,0.20041623711585999,-0.3523564040660858,-0.31670844554901123,-0.33726412057876587,-2.6244235038757324,-2.6122021675109863,-2.6201250553131104,0.32811540365219116,0.3758750259876251,0.33635613322257996,2.9113714694976807,2.939767837524414,2.921339750289917,0.6765356063842773,0.6537096500396729,0.6590925455093384,-0.9964853525161743,-0.9909290075302124,-1.0
11654,56,104,both_eval_affine,-1.0,0.12032876163721085,0.06514531373977661,-0.018080949783325195,-1.0090099573135376,-1,0.17830395698547363,0.009009957313537598,0.018080949783325195,0,0.044585831463336945,0.08450514078140259,0.09492342174053192,0.2883192300796509,0.2434040904045105,0.20041623711585999,-0.2631639242172241,-0.31670844554901123,-0.33726412057876587,-2.6007277965545654,-2.6122021675109863,-2.6201250553131104,0.42490339279174805,0.3758750259876251,0.33635613322257996,2.9747209548950195,2.939767837524414,2.921339750289917,0.5885643362998962,0.6537096500396729,0.6590925455093384,-1.0090099573135376,-0.9909290075302124,-1.0
12680,61,104,orig,-1.0,0.0,0.0,0.0,-1.0027377605438232,-1,0.2929760217666626,0.002737760543823242,0.0,0,-0.08123228698968887,-0.08123228698968887,0.0024163946509361267,0.22928407788276672,0.22928407788276672,0.1099289134144783,-0.009213559329509735,-0.009213559329509735,-0.12484030425548553,-2.726081132888794,-2.726081132888794,-2.757145643234253,0.5675123333930969,0.5675123333930969,0.40451276302337646,3.0469837188720703,3.0469837188720703,2.9668490886688232,0.1521115005016327,0.1521115005016327,0.2835163474082947,-1.0027377605438232,-1.0027377605438232,-1.0
12680,61,104,cam2_eval_affine,-1.0,0.14975924789905548,0.0750880241394043,0.0011466741561889648,-1.0015910863876343,-1,0.1488291621208191,0.0015910863876342773,0.0011466741561889648,0,-0.020167645066976547,-0.08123228698968887,0.0024163946509361267,0.18155692517757416,0.22928407788276672,0.1099289134144783,-0.07498887181282043,-0.009213559329509735,-0.12484030425548553,-2.7432918548583984,-2.726081132888794,-2.757145643234253,0.4957752227783203,0.5675123333930969,0.40451276302337646,3.0151398181915283,3.0469837188720703,2.9668490886688232,0.227199524641037,0.1521115005016327,0.2835163474082947,-1.0015910863876343,-1.0027377605438232,-1.0
12680,61,104,cam2_eval_mean,-1.0,0.1667662411928177,0.08120650053024292,-0.005869865417480469,-1.0086076259613037,-1,0.13298052549362183,0.008607625961303711,0.005869865417480469,0,-0.013085339218378067,-0.08123228698968887,0.0024163946509361267,0.17228862643241882,0.22928407788276672,0.1099289134144783,-0.0827576071023941,-0.009213559329509735,-0.12484030425548553,-2.748638391494751,-2.726081132888794,-2.757145643234253,0.4881192445755005,0.5675123333930969,0.40451276302337646,3.0137696266174316,3.0469837188720703,2.9668490886688232,0.2333180010318756,0.1521115005016327,0.2835163474082947,-1.0086076259613037,-1.0027377605438232,-1.0
12680,61,104,cam2_zero,-1.0,0.03616036847233772,0.026450425386428833,-0.005233168601989746,-1.007970929145813,-1,0.26610884070396423,0.007970929145812988,0.005233168601989746,0,-0.06851373612880707,-0.08123228698968887,0.0024163946509361267,0.21720761060714722,0.22928407788276672,0.1099289134144783,-0.008984945714473724,-0.009213559329509735,-0.12484030425548553,-2.7333316802978516,-2.726081132888794,-2.757145643234253,0.5527089834213257,0.5675123333930969,0.40451276302337646,3.0523300170898438,3.0469837188720703,2.9668490886688232,0.17856192588806152,0.1521115005016327,0.2835163474082947,-1.007970929145813,-1.0027377605438232,-1.0
12680,61,104,cam2_flat_train_mean,-1.0,0.0360555425286293,0.018439382314682007,-0.0071256160736083984,-1.0098633766174316,-1,0.2737691104412079,0.00986337661743164,0.0071256160736083984,0,-0.06920135766267776,-0.08123228698968887,0.0024163946509361267,0.21084469556808472,0.22928407788276672,0.1099289134144783,-0.018944308161735535,-0.009213559329509735,-0.12484030425548553,-2.7406389713287354,-2.726081132888794,-2.757145643234253,0.550450325012207,0.5675123333930969,0.40451276302337646,3.0423855781555176,3.0469837188720703,2.9668490886688232,0.1380981206893921,0.1521115005016327,0.2835163474082947,-1.0098633766174316,-1.0027377605438232,-1.0
12680,61,104,cam2_flat_eval_mean,-1.0,0.047765716910362244,0.031225502490997314,-0.007121086120605469,-1.0098588466644287,-1,0.25005215406417847,0.009858846664428711,0.007121086120605469,0,-0.05780061334371567,-0.08123228698968887,0.0024163946509361267,0.2122872769832611,0.22928407788276672,0.1099289134144783,-0.025245174765586853,-0.009213559329509735,-0.12484030425548553,-2.735974073410034,-2.726081132888794,-2.757145643234253,0.5362868309020996,0.5675123333930969,0.40451276302337646,3.03882098197937,3.0469837188720703,2.9668490886688232,0.15897327661514282,0.1521115005016327,0.2835163474082947,-1.0098588466644287,-1.0027377605438232,-1.0
12680,61,104,cam1_eval_affine,-1.0,0.01513503398746252,0.011676780879497528,-0.007033348083496094,-1.0097711086273193,-1,0.2984825074672699,0.009771108627319336,0.007033348083496094,0,-0.08626925945281982,-0.08123228698968887,0.0024163946509361267,0.23163092136383057,0.22928407788276672,0.1099289134144783,0.002463221549987793,-0.009213559329509735,-0.12484030425548553,-2.724630355834961,-2.726081132888794,-2.757145643234253,0.566672146320343,0.5675123333930969,0.40451276302337646,3.051551342010498,3.0469837188720703,2.9668490886688232,0.15828964114189148,0.1521115005016327,0.2835163474082947,-1.0097711086273193,-1.0027377605438232,-1.0
12680,61,104,both_eval_affine,-1.0,0.03865842521190643,0.022176027297973633,-0.0032013654708862305,-1.0059391260147095,-1,0.33021780848503113,0.005939126014709473,0.0032013654708862305,0,-0.092378631234169,-0.08123228698968887,0.0024163946509361267,0.238148033618927,0.22928407788276672,0.1099289134144783,0.006335243582725525,-0.009213559329509735,-0.12484030425548553,-2.7289958000183105,-2.726081132888794,-2.757145643234253,0.5896883606910706,0.5675123333930969,0.40451276302337646,3.062713146209717,3.0469837188720703,2.9668490886688232,0.13472726941108704,0.1521115005016327,0.2835163474082947,-1.0059391260147095,-1.0027377605438232,-1.0
13711,66,106,orig,-1.0,0.0,0.0,0.0,-0.9923139810562134,-1,0.04547964408993721,0.007686018943786621,0.0,0,-0.19621218740940094,-0.19621218740940094,-0.18922440707683563,0.25665315985679626,0.25665315985679626,0.23118707537651062,-0.13199323415756226,-0.13199323415756226,-0.13739585876464844,-2.4906270503997803,-2.4906270503997803,-2.4875738620758057,0.344412624835968,0.344412624835968,0.3295062184333801,2.766054391860962,2.766054391860962,2.7525899410247803,-0.17916178703308105,-0.17916178703308105,-0.14868155121803284,-0.9923139810562134,-0.9923139810562134,-1.0
13711,66,106,cam2_eval_affine,-1.0,0.017523419111967087,0.01265406608581543,-0.001752614974975586,-0.994066596031189,-1,0.05851775407791138,0.005933403968811035,0.001752614974975586,0,-0.20062707364559174,-0.19621218740940094,-0.18922440707683563,0.2599545121192932,0.25665315985679626,0.23118707537651062,-0.12452720105648041,-0.13199323415756226,-0.13739585876464844,-2.4837565422058105,-2.4906270503997803,-2.4875738620758057,0.34704530239105225,0.344412624835968,0.3295062184333801,2.76347017288208,2.766054391860962,2.7525899410247803,-0.19181585311889648,-0.17916178703308105,-0.14868155121803284,-0.994066596031189,-0.9923139810562134,-1.0
13711,66,106,cam2_eval_mean,-1.0,0.01640116237103939,0.013408899307250977,-0.008731245994567871,-1.0010452270507812,-1,0.029938235878944397,0.00104522705078125,0.008731245994567871,0,-0.19387143850326538,-0.19621218740940094,-0.18922440707683563,0.25078609585762024,0.25665315985679626,0.23118707537651062,-0.1333392709493637,-0.13199323415756226,-0.13739585876464844,-2.488764762878418,-2.4906270503997803,-2.4875738620758057,0.339708149433136,0.344412624835968,0.3295062184333801,2.761376142501831,2.766054391860962,2.7525899410247803,-0.16575288772583008,-0.17916178703308105,-0.14868155121803284,-1.0010452270507812,-0.9923139810562134,-1.0
13711,66,106,cam2_zero,-1.0,0.013781224377453327,0.007671818137168884,-0.008694887161254883,-1.0010088682174683,-1,0.03686859831213951,0.0010088682174682617,0.008694887161254883,0,-0.19364970922470093,-0.19621218740940094,-0.18922440707683563,0.24998849630355835,0.25665315985679626,0.23118707537651062,-0.12432141602039337,-0.13199323415756226,-0.13739585876464844,-2.486898183822632,-2.4906270503997803,-2.4875738620758057,0.3398544490337372,0.344412624835968,0.3295062184333801,2.7629194259643555,2.766054391860962,2.7525899410247803,-0.17319756746292114,-0.17916178703308105,-0.14868155121803284,-1.0010088682174683,-0.9923139810562134,-1.0
13711,66,106,cam2_flat_train_mean,-1.0,0.023393746465444565,0.015987485647201538,-0.018445611000061035,-1.0107595920562744,-1,0.03986819460988045,0.010759592056274414,0.018445611000061035,0,-0.18975692987442017,-0.19621218740940094,-0.18922440707683563,0.24066567420959473,0.25665315985679626,0.23118707537651062,-0.1309632956981659,-0.13199323415756226,-0.13739585876464844,-2.4898018836975098,-2.4906270503997803,-2.4875738620758057,0.3354989290237427,0.344412624835968,0.3295062184333801,2.7551581859588623,2.766054391860962,2.7525899410247803,-0.1862381100654602,-0.17916178703308105,-0.14868155121803284,-1.0107595920562744,-0.9923139810562134,-1.0
13711,66,106,cam2_flat_eval_mean,-1.0,0.027397362515330315,0.024586081504821777,-0.02170586585998535,-1.0140198469161987,-1,0.06105968356132507,0.01401984691619873,0.02170586585998535,0,-0.1955791860818863,-0.19621218740940094,-0.18922440707683563,0.248943030834198,0.25665315985679626,0.23118707537651062,-0.12654651701450348,-0.13199323415756226,-0.13739585876464844,-2.486612319946289,-2.4906270503997803,-2.4875738620758057,0.34241411089897156,0.344412624835968,0.3295062184333801,2.760011672973633,2.766054391860962,2.7525899410247803,-0.20374786853790283,-0.17916178703308105,-0.14868155121803284,-1.0140198469161987,-0.9923139810562134,-1.0
13711,66,106,cam1_eval_affine,-1.0,0.031842321157455444,0.020320415496826172,-0.02102041244506836,-1.0133343935012817,-1,0.07473704218864441,0.013334393501281738,0.02102041244506836,0,-0.20292608439922333,-0.19621218740940094,-0.18922440707683563,0.27697357535362244,0.25665315985679626,0.23118707537651062,-0.1219882071018219,-0.13199323415756226,-0.13739585876464844,-2.4867677688598633,-2.4906270503997803,-2.4875738620758057,0.35555553436279297,0.344412624835968,0.3295062184333801,2.781465768814087,2.766054391860962,2.7525899410247803,-0.1880650520324707,-0.17916178703308105,-0.14868155121803284,-1.0133343935012817,-0.9923139810562134,-1.0
13711,66,106,both_eval_affine,-1.0,0.025440508499741554,0.022054612636566162,-0.00796055793762207,-1.0002745389938354,-1,0.0685068890452385,0.0002745389938354492,0.00796055793762207,0,-0.20226234197616577,-0.19621218740940094,-0.18922440707683563,0.2623390853404999,0.25665315985679626,0.23118707537651062,-0.12540267407894135,-0.13199323415756226,-0.13739585876464844,-2.486175775527954,-2.4906270503997803,-2.4875738620758057,0.3484393358230591,0.344412624835968,0.3295062184333801,2.769577980041504,2.766054391860962,2.7525899410247803,-0.20121639966964722,-0.17916178703308105,-0.14868155121803284,-1.0002745389938354,-0.9923139810562134,-1.0
14747,71,104,orig,-1.0,0.0,0.0,0.0,-1.0164389610290527,-1,0.08463171124458313,0.016438961029052734,0.0,0,0.03871890529990196,0.03871890529990196,0.05475834012031555,0.19523563981056213,0.19523563981056213,0.14332687854766846,-0.3104252815246582,-0.3104252815246582,-0.33111339807510376,-2.673377752304077,-2.673377752304077,-2.683781147003174,0.19820502400398254,0.19820502400398254,0.1517760306596756,2.866511583328247,2.866511583328247,2.8335888385772705,0.5186657905578613,0.5186657905578613,0.5395213961601257,-1.0164389610290527,-1.0164389610290527,-1.0
14747,71,104,cam2_eval_affine,-1.0,0.03272123262286186,0.020608842372894287,-0.0043392181396484375,-1.0207781791687012,-1,0.11421629786491394,0.020778179168701172,0.0043392181396484375,0,0.0330037884414196,0.03871890529990196,0.05475834012031555,0.2121429145336151,0.19523563981056213,0.14332687854766846,-0.2969525456428528,-0.3104252815246582,-0.33111339807510376,-2.6668670177459717,-2.673377752304077,-2.683781147003174,0.21881386637687683,0.19820502400398254,0.1517760306596756,2.8745319843292236,2.866511583328247,2.8335888385772705,0.5249271988868713,0.5186657905578613,0.5395213961601257,-1.0207781791687012,-1.0164389610290527,-1.0
14747,71,104,cam2_eval_mean,-1.0,0.07196119427680969,0.041993916034698486,0.008110642433166504,-1.0083283185958862,-1,0.15590043365955353,0.00832831859588623,0.008110642433166504,0,0.025862639769911766,0.03871890529990196,0.05475834012031555,0.23647043108940125,0.19523563981056213,0.14332687854766846,-0.28874313831329346,-0.3104252815246582,-0.33111339807510376,-2.6692118644714355,-2.673377752304077,-2.683781147003174,0.24019894003868103,0.19820502400398254,0.1517760306596756,2.8983380794525146,2.866511583328247,2.8335888385772705,0.5116702914237976,0.5186657905578613,0.5395213961601257,-1.0083283185958862,-1.0164389610290527,-1.0
14747,71,104,cam2_zero,-1.0,0.01283263973891735,0.010476291179656982,-0.0010166168212890625,-1.0174555778503418,-1,0.08696404844522476,0.017455577850341797,0.0010166168212890625,0,0.0437292605638504,0.03871890529990196,0.05475834012031555,0.19269269704818726,0.19523563981056213,0.14332687854766846,-0.3100188374519348,-0.3104252815246582,-0.33111339807510376,-2.673471450805664,-2.673377752304077,-2.683781147003174,0.1971229463815689,0.19820502400398254,0.1517760306596756,2.8712029457092285,2.866511583328247,2.8335888385772705,0.5081894993782043,0.5186657905578613,0.5395213961601257,-1.0174555778503418,-1.0164389610290527,-1.0
14747,71,104,cam2_flat_train_mean,-1.0,0.05203557759523392,0.02830345928668976,0.01775836944580078,-0.998680591583252,-1,0.13601933419704437,0.0013194084167480469,0.01775836944580078,0,0.0330236479640007,0.03871890529990196,0.05475834012031555,0.2221604287624359,0.19523563981056213,0.14332687854766846,-0.29172515869140625,-0.3104252815246582,-0.33111339807510376,-2.6689906120300293,-2.673377752304077,-2.683781147003174,0.2265084832906723,0.19820502400398254,0.1517760306596756,2.8918089866638184,2.866511583328247,2.8335888385772705,0.506819486618042,0.5186657905578613,0.5395213961601257,-0.998680591583252,-1.0164389610290527,-1.0
14747,71,104,cam2_flat_eval_mean,-1.0,0.0812186449766159,0.047108978033065796,-0.011792540550231934,-1.0282315015792847,-1,0.018149051815271378,0.028231501579284668,0.011792540550231934,0,0.05767660588026047,0.03871890529990196,0.05475834012031555,0.14990855753421783,0.19523563981056213,0.14332687854766846,-0.33973485231399536,-0.3104252815246582,-0.33111339807510376,-2.6829328536987305,-2.673377752304077,-2.683781147003174,0.15109604597091675,0.19820502400398254,0.1517760306596756,2.8354110717773438,2.866511583328247,2.8335888385772705,0.5254245400428772,0.5186657905578613,0.5395213961601257,-1.0282315015792847,-1.0164389610290527,-1.0
14747,71,104,cam1_eval_affine,-1.0,0.08628986775875092,0.04808361828327179,0.011209368705749512,-1.0052295923233032,-1,0.17008748650550842,0.005229592323303223,0.011209368705749512,0,0.01981586590409279,0.03871890529990196,0.05475834012031555,0.24191105365753174,0.19523563981056213,0.14332687854766846,-0.2777326703071594,-0.3104252815246582,-0.33111339807510376,-2.6678524017333984,-2.673377752304077,-2.683781147003174,0.24628864228725433,0.19820502400398254,0.1517760306596756,2.903102397918701,2.866511583328247,2.8335888385772705,0.506026029586792,0.5186657905578613,0.5395213961601257,-1.0052295923233032,-1.0164389610290527,-1.0
14747,71,104,both_eval_affine,-1.0,0.056906599551439285,0.03522948920726776,0.003146052360534668,-1.013292908668518,-1,0.13985909521579742,0.013292908668518066,0.003146052360534668,0,0.026821766048669815,0.03871890529990196,0.05475834012031555,0.225276380777359,0.19523563981056213,0.14332687854766846,-0.2907000184059143,-0.3104252815246582,-0.33111339807510376,-2.6653881072998047,-2.673377752304077,-2.683781147003174,0.2334345132112503,0.19820502400398254,0.1517760306596756,2.888827323913574,2.866511583328247,2.8335888385772705,0.5201965570449829,0.5186657905578613,0.5395213961601257,-1.013292908668518,-1.0164389610290527,-1.0
15994,77,102,orig,-1.0,0.0,0.0,0.0,-0.9970489740371704,-1,0.020193977281451225,0.00295102596282959,0.0,0,-0.06637461483478546,-0.06637461483478546,-0.061424825340509415,0.144112229347229,0.144112229347229,0.1390869915485382,-0.17477412521839142,-0.17477412521839142,-0.17480753362178802,-2.6612539291381836,-2.6612539291381836,-2.658275604248047,0.21276181936264038,0.21276181936264038,0.2071748673915863,2.780653715133667,2.780653715133667,2.7788240909576416,0.11889785528182983,0.11889785528182983,0.13663510978221893,-0.9970489740371704,-0.9970489740371704,-1.0
15994,77,102,cam2_eval_affine,-1.0,0.03570809215307236,0.027606725692749023,0.007203459739685059,-0.9898455142974854,-1,0.01886238530278206,0.010154485702514648,0.007203459739685059,0,-0.05991288274526596,-0.06637461483478546,-0.061424825340509415,0.13433855772018433,0.144112229347229,0.1390869915485382,-0.1824461966753006,-0.17477412521839142,-0.17480753362178802,-2.659883737564087,-2.6612539291381836,-2.658275604248047,0.20139646530151367,0.21276181936264038,0.2071748673915863,2.7670247554779053,2.780653715133667,2.7788240909576416,0.14650458097457886,0.11889785528182983,0.13663510978221893,-0.9898455142974854,-0.9970489740371704,-1.0
15994,77,102,cam2_eval_mean,-1.0,0.0883479118347168,0.0523543655872345,-0.020540952682495117,-1.0175899267196655,-1,0.10393606126308441,0.017589926719665527,0.020540952682495117,0,-0.08111610263586044,-0.06637461483478546,-0.061424825340509415,0.1964665949344635,0.144112229347229,0.1390869915485382,-0.15900099277496338,-0.17477412521839142,-0.17480753362178802,-2.6543257236480713,-2.6612539291381836,-2.658275604248047,0.25066542625427246,0.21276181936264038,0.2071748673915863,2.820420026779175,2.780653715133667,2.7788240909576416,0.07975417375564575,0.11889785528182983,0.13663510978221893,-1.0175899267196655,-0.9970489740371704,-1.0
15994,77,102,cam2_zero,-1.0,0.016084926202893257,0.011852487921714783,-0.015471100807189941,-1.0125200748443604,-1,0.014702806249260902,0.012520074844360352,0.015471100807189941,0,-0.06195808947086334,-0.06637461483478546,-0.061424825340509415,0.13225974142551422,0.144112229347229,0.1390869915485382,-0.17649352550506592,-0.17477412521839142,-0.17480753362178802,-2.6611735820770264,-2.6612539291381836,-2.658275604248047,0.20470699667930603,0.21276181936264038,0.2071748673915863,2.7807235717773438,2.780653715133667,2.7788240909576416,0.12445572018623352,0.11889785528182983,0.13663510978221893,-1.0125200748443604,-0.9970489740371704,-1.0
15994,77,102,cam2_flat_train_mean,-1.0,0.03404296189546585,0.02111414074897766,-0.014926671981811523,-1.011975646018982,-1,0.05142248049378395,0.011975646018981934,0.014926671981811523,0,-0.0677722617983818,-0.06637461483478546,-0.061424825340509415,0.1538563221693039,0.144112229347229,0.1390869915485382,-0.1622770130634308,-0.17477412521839142,-0.17480753362178802,-2.6618402004241943,-2.6612539291381836,-2.658275604248047,0.22634029388427734,0.21276181936264038,0.2071748673915863,2.7972464561462402,2.780653715133667,2.7788240909576416,0.09778371453285217,0.11889785528182983,0.13663510978221893,-1.011975646018982,-0.9970489740371704,-1.0
15994,77,102,cam2_flat_eval_mean,-1.0,0.016529735177755356,0.010253548622131348,-0.011742234230041504,-1.008791208267212,-1,0.02682332694530487,0.008791208267211914,0.011742234230041504,0,-0.06314951181411743,-0.06637461483478546,-0.061424825340509415,0.13385868072509766,0.144112229347229,0.1390869915485382,-0.18086817860603333,-0.17477412521839142,-0.17480753362178802,-2.664090633392334,-2.6612539291381836,-2.658275604248047,0.20472511649131775,0.21276181936264038,0.2071748673915863,2.7811436653137207,2.780653715133667,2.7788240909576416,0.11199259757995605,0.11889785528182983,0.13663510978221893,-1.008791208267212,-0.9970489740371704,-1.0
15994,77,102,cam1_eval_affine,-1.0,0.03229027986526489,0.021707892417907715,-0.002432584762573242,-0.9994815587997437,-1,0.05079914256930351,0.0005184412002563477,0.002432584762573242,0,-0.07390053570270538,-0.06637461483478546,-0.061424825340509415,0.15924420952796936,0.144112229347229,0.1390869915485382,-0.1654265820980072,-0.17477412521839142,-0.17480753362178802,-2.6581692695617676,-2.6612539291381836,-2.658275604248047,0.22346927225589752,0.21276181936264038,0.2071748673915863,2.789271831512451,2.780653715133667,2.7788240909576416,0.09718996286392212,0.11889785528182983,0.13663510978221893,-0.9994815587997437,-0.9970489740371704,-1.0
15994,77,102,both_eval_affine,-1.0,0.06251303106546402,0.0434442013502121,-0.013147354125976562,-1.010196328163147,-1,0.07636110484600067,0.010196328163146973,0.013147354125976562,0,-0.07277609407901764,-0.06637461483478546,-0.061424825340509415,0.1875564306974411,0.144112229347229,0.1390869915485382,-0.16220927238464355,-0.17477412521839142,-0.17480753362178802,-2.650601625442505,-2.6612539291381836,-2.658275604248047,0.23744934797286987,0.21276181936264038,0.2071748673915863,2.8071811199188232,2.780653715133667,2.7788240909576416,0.09902381896972656,0.11889785528182983,0.13663510978221893,-1.010196328163147,-0.9970489740371704,-1.0
17022,82,102,orig,-1.0,0.0,0.0,0.0,-1.0024021863937378,-1,0.08845881372690201,0.002402186393737793,0.0,0,-0.10007356107234955,-0.10007356107234955,-0.08165355771780014,0.4083872437477112,0.4083872437477112,0.3522840440273285,-0.12511278688907623,-0.12511278688907623,-0.1498897671699524,-2.376866579055786,-2.376866579055786,-2.3803465366363525,0.15423716604709625,0.15423716604709625,0.14241145551204681,2.841999053955078,2.841999053955078,2.7958600521087646,0.17484229803085327,0.17484229803085327,0.21283483505249023,-1.0024021863937378,-1.0024021863937378,-1.0
17022,82,102,cam2_eval_affine,-1.0,0.02695605158805847,0.022831469774246216,-0.0006569623947143555,-1.0030591487884521,-1,0.07252145558595657,0.0030591487884521484,0.0006569623947143555,0,-0.09169471263885498,-0.10007356107234955,-0.08165355771780014,0.4074609875679016,0.4083872437477112,0.3522840440273285,-0.13100703060626984,-0.12511278688907623,-0.1498897671699524,-2.3749632835388184,-2.376866579055786,-2.3803465366363525,0.14844827353954315,0.15423716604709625,0.14241145551204681,2.8340988159179688,2.841999053955078,2.7958600521087646,0.1976737678050995,0.17484229803085327,0.21283483505249023,-1.0030591487884521,-1.0024021863937378,-1.0
17022,82,102,cam2_eval_mean,-1.0,0.08212629705667496,0.04881787300109863,-0.005941510200500488,-1.0083436965942383,-1,0.011435464024543762,0.008343696594238281,0.005941510200500488,0,-0.08193869888782501,-0.10007356107234955,-0.08165355771780014,0.3611010015010834,0.4083872437477112,0.3522840440273285,-0.14699888229370117,-0.12511278688907623,-0.1498897671699524,-2.3796722888946533,-2.376866579055786,-2.3803465366363525,0.13911832869052887,0.15423716604709625,0.14241145551204681,2.7931811809539795,2.841999053955078,2.7958600521087646,0.20772436261177063,0.17484229803085327,0.21283483505249023,-1.0083436965942383,-1.0024021863937378,-1.0
17022,82,102,cam2_zero,-1.0,0.059803664684295654,0.035942792892456055,-0.007580161094665527,-1.0099823474884033,-1,0.03603469207882881,0.00998234748840332,0.007580161094665527,0,-0.08114621043205261,-0.10007356107234955,-0.08165355771780014,0.37298738956451416,0.4083872437477112,0.3522840440273285,-0.1407313346862793,-0.12511278688907623,-0.1498897671699524,-2.374528646469116,-2.376866579055786,-2.3803465366363525,0.13818685710430145,0.15423716604709625,0.14241145551204681,2.806056261062622,2.841999053955078,2.7958600521087646,0.1877334713935852,0.17484229803085327,0.21283483505249023,-1.0099823474884033,-1.0024021863937378,-1.0
17022,82,102,cam2_flat_train_mean,-1.0,0.03980017825961113,0.022218704223632812,-0.020366668701171875,-1.0227688550949097,-1,0.05518887937068939,0.022768855094909668,0.020366668701171875,0,-0.08610125631093979,-0.10007356107234955,-0.08165355771780014,0.38702765107154846,0.4083872437477112,0.3522840440273285,-0.13381876051425934,-0.12511278688907623,-0.1498897671699524,-2.370651960372925,-2.376866579055786,-2.3803465366363525,0.13828596472740173,0.15423716604709625,0.14241145551204681,2.8197803497314453,2.841999053955078,2.7958600521087646,0.18321305513381958,0.17484229803085327,0.21283483505249023,-1.0227688550949097,-1.0024021863937378,-1.0
17022,82,102,cam2_flat_eval_mean,-1.0,0.09723163396120071,0.06076979637145996,-0.009224772453308105,-1.011626958847046,-1,0.02709999307990074,0.011626958847045898,0.009224772453308105,0,-0.07408074289560318,-0.10007356107234955,-0.08165355771780014,0.3489411175251007,0.4083872437477112,0.3522840440273285,-0.14926820993423462,-0.12511278688907623,-0.1498897671699524,-2.377410650253296,-2.376866579055786,-2.3803465366363525,0.13079233467578888,0.15423716604709625,0.14241145551204681,2.781229257583618,2.841999053955078,2.7958600521087646,0.19529011845588684,0.17484229803085327,0.21283483505249023,-1.011626958847046,-1.0024021863937378,-1.0
17022,82,102,cam1_eval_affine,-1.0,0.01744527369737625,0.011380195617675781,-0.0035434961318969727,-1.0059456825256348,-1,0.07347074151039124,0.005945682525634766,0.0035434961318969727,0,-0.09451518952846527,-0.10007356107234955,-0.08165355771780014,0.4038902223110199,0.4083872437477112,0.3522840440273285,-0.12843891978263855,-0.12511278688907623,-0.1498897671699524,-2.374586582183838,-2.376866579055786,-2.3803465366363525,0.15047061443328857,0.15423716604709625,0.14241145551204681,2.8306188583374023,2.841999053955078,2.7958600521087646,0.18449950218200684,0.17484229803085327,0.21283483505249023,-1.0059456825256348,-1.0024021863937378,-1.0
17022,82,102,both_eval_affine,-1.0,0.04521140456199646,0.027335405349731445,-0.013608813285827637,-1.0160109996795654,-1,0.04947224259376526,0.01601099967956543,0.013608813285827637,0,-0.08866585046052933,-0.10007356107234955,-0.08165355771780014,0.39171814918518066,0.4083872437477112,0.3522840440273285,-0.13298621773719788,-0.12511278688907623,-0.1498897671699524,-2.3744962215423584,-2.376866579055786,-2.3803465366363525,0.1404348462820053,0.15423716604709625,0.14241145551204681,2.8146636486053467,2.841999053955078,2.7958600521087646,0.19995680451393127,0.17484229803085327,0.21283483505249023,-1.0160109996795654,-1.0024021863937378,-1.0
18081,87,102,orig,-1.0,0.0,0.0,0.0,-1.0135425329208374,-1,0.15771019458770752,0.013542532920837402,0.0,0,-0.16094669699668884,-0.16094669699668884,-0.1280115246772766,0.33581990003585815,0.33581990003585815,0.24731190502643585,-0.13113759458065033,-0.13113759458065033,-0.17709967494010925,-2.4638113975524902,-2.4638113975524902,-2.473534107208252,0.3435654044151306,0.3435654044151306,0.2830711901187897,2.808138608932495,2.808138608932495,2.736851215362549,0.1458493173122406,0.1458493173122406,0.21659979224205017,-1.0135425329208374,-1.0135425329208374,-1.0
18081,87,102,cam2_eval_affine,-1.0,0.06281150877475739,0.03302597999572754,0.01571345329284668,-0.9978290796279907,-1,0.09724567830562592,0.0021709203720092773,0.01571345329284668,0,-0.14550045132637024,-0.16094669699668884,-0.1280115246772766,0.30789411067962646,0.33581990003585815,0.24731190502643585,-0.15488964319229126,-0.13113759458065033,-0.17709967494010925,-2.461066722869873,-2.4638113975524902,-2.473534107208252,0.32424700260162354,0.3435654044151306,0.2830711901187897,2.7751126289367676,2.808138608932495,2.736851215362549,0.17570295929908752,0.1458493173122406,0.21659979224205017,-0.9978290796279907,-1.0135425329208374,-1.0
18081,87,102,cam2_eval_mean,-1.0,0.054265670478343964,0.030380725860595703,-0.004375338554382324,-1.0179178714752197,-1,0.10652764141559601,0.017917871475219727,0.004375338554382324,0,-0.14940711855888367,-0.16094669699668884,-0.1280115246772766,0.3132655918598175,0.33581990003585815,0.24731190502643585,-0.15390019118785858,-0.13113759458065033,-0.17709967494010925,-2.461760997772217,-2.4638113975524902,-2.473534107208252,0.3294711112976074,0.3435654044151306,0.2830711901187897,2.7824690341949463,2.808138608932495,2.736851215362549,0.1762300431728363,0.1458493173122406,0.21659979224205017,-1.0179178714752197,-1.0135425329208374,-1.0
18081,87,102,cam2_zero,-1.0,0.09735686331987381,0.05309957265853882,0.008274197578430176,-1.0052683353424072,-1,0.06171979382634163,0.0052683353424072266,0.008274197578430176,0,-0.13654381036758423,-0.16094669699668884,-0.1280115246772766,0.28272032737731934,0.33581990003585815,0.24731190502643585,-0.16071157157421112,-0.13113759458065033,-0.17709967494010925,-2.4644761085510254,-2.4638113975524902,-2.473534107208252,0.3086000084877014,0.3435654044151306,0.2830711901187897,2.7588281631469727,2.808138608932495,2.736851215362549,0.18501731753349304,0.1458493173122406,0.21659979224205017,-1.0052683353424072,-1.0135425329208374,-1.0
18081,87,102,cam2_flat_train_mean,-1.0,0.039969149976968765,0.023813247680664062,0.00644683837890625,-1.0070956945419312,-1,0.12082616239786148,0.007095694541931152,0.00644683837890625,0,-0.14919008314609528,-0.16094669699668884,-0.1280115246772766,0.31842324137687683,0.33581990003585815,0.24731190502643585,-0.14304666221141815,-0.13113759458065033,-0.17709967494010925,-2.4569053649902344,-2.4638113975524902,-2.473534107208252,0.3280152678489685,0.3435654044151306,0.2830711901187897,2.784325361251831,2.808138608932495,2.736851215362549,0.1584300398826599,0.1458493173122406,0.21659979224205017,-1.0070956945419312,-1.0135425329208374,-1.0
18081,87,102,cam2_flat_eval_mean,-1.0,0.10130881518125534,0.0547943115234375,0.008256793022155762,-1.0052857398986816,-1,0.058356765657663345,0.005285739898681641,0.008256793022155762,0,-0.13430123031139374,-0.16094669699668884,-0.1280115246772766,0.28102558851242065,0.33581990003585815,0.24731190502643585,-0.16501390933990479,-0.13113759458065033,-0.17709967494010925,-2.465644598007202,-2.4638113975524902,-2.473534107208252,0.30566537380218506,0.3435654044151306,0.2830711901187897,2.7581000328063965,2.808138608932495,2.736851215362549,0.18405720591545105,0.1458493173122406,0.21659979224205017,-1.0052857398986816,-1.0135425329208374,-1.0
18081,87,102,cam1_eval_affine,-1.0,0.012540566734969616,0.010569602251052856,-0.00015401840209960938,-1.013696551322937,-1,0.1551016867160797,0.013696551322937012,0.00015401840209960938,0,-0.16197748482227325,-0.16094669699668884,-0.1280115246772766,0.33740466833114624,0.33581990003585815,0.24731190502643585,-0.13605286180973053,-0.13113759458065033,-0.17709967494010925,-2.4638102054595947,-2.4638113975524902,-2.473534107208252,0.34769195318222046,0.3435654044151306,0.2830711901187897,2.809025764465332,2.808138608932495,2.736851215362549,0.15641891956329346,0.1458493173122406,0.21659979224205017,-1.013696551322937,-1.0135425329208374,-1.0
18081,87,102,both_eval_affine,-1.0,0.04322799667716026,0.032348573207855225,0.017734885215759277,-0.9958076477050781,-1,0.12147845327854156,0.004192352294921875,0.017734885215759277,0,-0.15022671222686768,-0.16094669699668884,-0.1280115246772766,0.3229544460773468,0.33581990003585815,0.24731190502643585,-0.14560025930404663,-0.13113759458065033,-0.17709967494010925,-2.4609262943267822,-2.4638113975524902,-2.473534107208252,0.33752062916755676,0.3435654044151306,0.2830711901187897,2.791175127029419,2.808138608932495,2.736851215362549,0.17819789052009583,0.1458493173122406,0.21659979224205017,-0.9958076477050781,-1.0135425329208374,-1.0
19114,92,101,orig,-1.0,0.0,0.0,0.0,-1.0072882175445557,-1,0.049961965531110764,0.007288217544555664,0.0,0,-0.12256284058094025,-0.12256284058094025,-0.11442113667726517,0.31435292959213257,0.31435292959213257,0.2798917889595032,-0.024676695466041565,-0.024676695466041565,-0.029508132487535477,-2.523899555206299,-2.523899555206299,-2.5293424129486084,0.11904303729534149,0.11904303729534149,0.12048473954200745,2.912893295288086,2.912893295288086,2.883538246154785,0.06352141499519348,0.06352141499519348,0.08156513422727585,-1.0072882175445557,-1.0072882175445557,-1.0
19114,92,101,cam2_eval_affine,-1.0,0.03609447181224823,0.02717357873916626,0.004474997520446777,-1.0028132200241089,-1,0.029719578102231026,0.0028132200241088867,0.004474997520446777,0,-0.1112971156835556,-0.12256284058094025,-0.11442113667726517,0.2998114824295044,0.31435292959213257,0.2798917889595032,-0.029171980917453766,-0.024676695466041565,-0.029508132487535477,-2.5263588428497314,-2.523899555206299,-2.5293424129486084,0.11148029565811157,0.11904303729534149,0.12048473954200745,2.9009523391723633,2.912893295288086,2.883538246154785,0.09069499373435974,0.06352141499519348,0.08156513422727585,-1.0028132200241089,-1.0072882175445557,-1.0
19114,92,101,cam2_eval_mean,-1.0,0.02084023505449295,0.015632152557373047,0.00820302963256836,-0.9990851879119873,-1,0.06799756735563278,0.0009148120880126953,0.00820302963256836,0,-0.12407946586608887,-0.12256284058094025,-0.11442113667726517,0.3266877830028534,0.31435292959213257,0.2798917889595032,-0.02011682838201523,-0.024676695466041565,-0.029508132487535477,-2.5247981548309326,-2.523899555206299,-2.5293424129486084,0.11984249204397202,0.11904303729534149,0.12048473954200745,2.928525447845459,2.912893295288086,2.883538246154785,0.06716331839561462,0.06352141499519348,0.08156513422727585,-0.9990851879119873,-1.0072882175445557,-1.0
19114,92,101,cam2_zero,-1.0,0.02577165700495243,0.016665160655975342,-0.0016303062438964844,-1.0089185237884521,-1,0.0566442646086216,0.008918523788452148,0.0016303062438964844,0,-0.11635993421077728,-0.12256284058094025,-0.11442113667726517,0.31373342871665955,0.31435292959213257,0.2798917889595032,-0.02317989617586136,-0.024676695466041565,-0.029508132487535477,-2.5232605934143066,-2.523899555206299,-2.5293424129486084,0.1052805706858635,0.11904303729534149,0.12048473954200745,2.9253647327423096,2.912893295288086,2.883538246154785,0.08018657565116882,0.06352141499519348,0.08156513422727585,-1.0089185237884521,-1.0072882175445557,-1.0
19114,92,101,cam2_flat_train_mean,-1.0,0.02993149869143963,0.018576860427856445,-0.022418975830078125,-1.0297071933746338,-1,0.034781891852617264,0.02970719337463379,0.022418975830078125,0,-0.11394119262695312,-0.12256284058094025,-0.11442113667726517,0.2957760691642761,0.31435292959213257,0.2798917889595032,-0.026877231895923615,-0.024676695466041565,-0.029508132487535477,-2.527141809463501,-2.523899555206299,-2.5293424129486084,0.10080023109912872,0.11904303729534149,0.12048473954200745,2.9049570560455322,2.912893295288086,2.883538246154785,0.07160371541976929,0.06352141499519348,0.08156513422727585,-1.0297071933746338,-1.0072882175445557,-1.0
19114,92,101,cam2_flat_eval_mean,-1.0,0.023029569536447525,0.017444372177124023,-0.009446978569030762,-1.0167351961135864,-1,0.06687304377555847,0.016735196113586426,0.009446978569030762,0,-0.12200069427490234,-0.12256284058094025,-0.11442113667726517,0.3169061541557312,0.31435292959213257,0.2798917889595032,-0.022048793733119965,-0.024676695466041565,-0.029508132487535477,-2.5226352214813232,-2.523899555206299,-2.5293424129486084,0.10536962747573853,0.11904303729534149,0.12048473954200745,2.93033766746521,2.912893295288086,2.883538246154785,0.05864766240119934,0.06352141499519348,0.08156513422727585,-1.0167351961135864,-1.0072882175445557,-1.0
19114,92,101,cam1_eval_affine,-1.0,0.04726052284240723,0.031600624322891235,0.004458308219909668,-1.002829909324646,-1,0.013018136844038963,0.002829909324645996,0.004458308219909668,0,-0.11133967339992523,-0.12256284058094025,-0.11442113667726517,0.28275230526924133,0.31435292959213257,0.2798917889595032,-0.03546825051307678,-0.024676695466041565,-0.029508132487535477,-2.5322201251983643,-2.523899555206299,-2.5293424129486084,0.11176595091819763,0.11904303729534149,0.12048473954200745,2.889169931411743,2.912893295288086,2.883538246154785,0.08105865120887756,0.06352141499519348,0.08156513422727585,-1.002829909324646,-1.0072882175445557,-1.0
19114,92,101,both_eval_affine,-1.0,0.015118114650249481,0.012248337268829346,0.00395810604095459,-1.003330111503601,-1,0.042753808200359344,0.0033301115036010742,0.00395810604095459,0,-0.11546269059181213,-0.12256284058094025,-0.11442113667726517,0.31038010120391846,0.31435292959213257,0.2798917889595032,-0.026703879237174988,-0.024676695466041565,-0.029508132487535477,-2.5259199142456055,-2.523899555206299,-2.5293424129486084,0.11706927418708801,0.11904303729534149,0.12048473954200745,2.9123902320861816,2.912893295288086,2.883538246154785,0.07576975226402283,0.06352141499519348,0.08156513422727585,-1.003330111503601,-1.0072882175445557,-1.0
20146,97,100,orig,-1.0,0.0,0.0,0.0,-1.0008271932601929,-1,0.10304790735244751,0.0008271932601928711,0.0,0,-0.06846360117197037,-0.06846360117197037,-0.05160757154226303,0.1891884207725525,0.1891884207725525,0.15560902655124664,-0.07331791520118713,-0.07331791520118713,-0.10029329359531403,-2.7526943683624268,-2.7526943683624268,-2.7518224716186523,0.555679440498352,0.555679440498352,0.4951651692390442,2.9603912830352783,2.9603912830352783,2.9316091537475586,-0.20462250709533691,-0.20462250709533691,-0.14146912097930908,-1.0008271932601929,-1.0008271932601929,-1.0
20146,97,100,cam2_eval_affine,-1.0,0.0874529480934143,0.051993727684020996,0.0013185739517211914,-0.9995086193084717,-1,0.18695612251758575,0.0004913806915283203,0.0013185739517211914,0,-0.10005532205104828,-0.06846360117197037,-0.05160757154226303,0.21585476398468018,0.1891884207725525,0.15560902655124664,-0.034444957971572876,-0.07331791520118713,-0.10029329359531403,-2.73811936378479,-2.7526943683624268,-2.7518224716186523,0.592136025428772,0.555679440498352,0.4951651692390442,2.9739160537719727,2.9603912830352783,2.9316091537475586,-0.2566162347793579,-0.20462250709533691,-0.14146912097930908,-0.9995086193084717,-1.0008271932601929,-1.0
20146,97,100,cam2_eval_mean,-1.0,0.09819429367780685,0.0513765811920166,0.0005738735198974609,-1.0002533197402954,-1,0.197700634598732,0.00025331974029541016,0.0005738735198974609,0,-0.10578250885009766,-0.06846360117197037,-0.05160757154226303,0.2204640805721283,0.1891884207725525,0.15560902655124664,-0.030036188662052155,-0.07331791520118713,-0.10029329359531403,-2.7366344928741455,-2.7526943683624268,-2.7518224716186523,0.6070560216903687,0.555679440498352,0.4951651692390442,2.980987071990967,2.9603912830352783,2.9316091537475586,-0.25018876791000366,-0.20462250709533691,-0.14146912097930908,-1.0002533197402954,-1.0008271932601929,-1.0
20146,97,100,cam2_zero,-1.0,0.02061997726559639,0.012041240930557251,-0.001063227653503418,-1.0018904209136963,-1,0.11006809771060944,0.001890420913696289,0.001063227653503418,0,-0.07103979587554932,-0.06846360117197037,-0.05160757154226303,0.19149357080459595,0.1891884207725525,0.15560902655124664,-0.06127667427062988,-0.07331791520118713,-0.10029329359531403,-2.7437853813171387,-2.7526943683624268,-2.7518224716186523,0.5639604330062866,0.555679440498352,0.4951651692390442,2.966442584991455,2.9603912830352783,2.9316091537475586,-0.19547492265701294,-0.20462250709533691,-0.14146912097930908,-1.0018904209136963,-1.0008271932601929,-1.0
20146,97,100,cam2_flat_train_mean,-1.0,0.07105042785406113,0.05718851089477539,-0.015816092491149902,-1.0166432857513428,-1,0.17022643983364105,0.016643285751342773,0.015816092491149902,0,-0.08513730019330978,-0.06846360117197037,-0.05160757154226303,0.20595917105674744,0.1891884207725525,0.15560902655124664,-0.05047103017568588,-0.07331791520118713,-0.10029329359531403,-2.7418298721313477,-2.7526943683624268,-2.7518224716186523,0.5755482912063599,0.555679440498352,0.4951651692390442,2.973940372467041,2.9603912830352783,2.9316091537475586,-0.2618110179901123,-0.20462250709533691,-0.14146912097930908,-1.0166432857513428,-1.0008271932601929,-1.0
20146,97,100,cam2_flat_eval_mean,-1.0,0.07525083422660828,0.04057610034942627,0.0012296438217163086,-0.9995975494384766,-1,0.17572037875652313,0.0004024505615234375,0.0012296438217163086,0,-0.09107255935668945,-0.06846360117197037,-0.05160757154226303,0.20722240209579468,0.1891884207725525,0.15560902655124664,-0.03947591036558151,-0.07331791520118713,-0.10029329359531403,-2.737919807434082,-2.7526943683624268,-2.7518224716186523,0.5953540205955505,0.555679440498352,0.4951651692390442,2.9759552478790283,2.9603912830352783,2.9316091537475586,-0.24519860744476318,-0.20462250709533691,-0.14146912097930908,-0.9995975494384766,-1.0008271932601929,-1.0
20146,97,100,cam1_eval_affine,-1.0,0.029125552624464035,0.018815994262695312,0.006540060043334961,-0.9942871332168579,-1,0.11983552575111389,0.00571286678314209,0.006540060043334961,0,-0.07992248982191086,-0.06846360117197037,-0.05160757154226303,0.1974828839302063,0.1891884207725525,0.15560902655124664,-0.060228124260902405,-0.07331791520118713,-0.10029329359531403,-2.744408369064331,-2.7526943683624268,-2.7518224716186523,0.5744954347610474,0.555679440498352,0.4951651692390442,2.957810163497925,2.9603912830352783,2.9316091537475586,-0.19773125648498535,-0.20462250709533691,-0.14146912097930908,-0.9942871332168579,-1.0008271932601929,-1.0
20146,97,100,both_eval_affine,-1.0,0.073086678981781,0.05029141902923584,0.004355192184448242,-0.9964720010757446,-1,0.034628406167030334,0.003527998924255371,0.004355192184448242,0,-0.05701567977666855,-0.06846360117197037,-0.05160757154226303,0.1704224944114685,0.1891884207725525,0.15560902655124664,-0.0847264751791954,-0.07331791520118713,-0.10029329359531403,-2.750523090362549,-2.7526943683624268,-2.7518224716186523,0.5184212327003479,0.555679440498352,0.4951651692390442,2.9319980144500732,2.9603912830352783,2.9316091537475586,-0.15433108806610107,-0.20462250709533691,-0.14146912097930908,-0.9964720010757446,-1.0008271932601929,-1.0
21174,102,102,orig,-1.0,0.0,0.0,0.0,-0.9911102056503296,-1,0.12083591520786285,0.00888979434967041,0.0,0,0.015240814536809921,0.015240814536809921,0.043971799314022064,0.31059518456459045,0.31059518456459045,0.23593765497207642,-0.23349428176879883,-0.23349428176879883,-0.2778507471084595,-2.5550475120544434,-2.5550475120544434,-2.5646982192993164,0.33343011140823364,0.33343011140823364,0.2764618992805481,2.928983211517334,2.928983211517334,2.8784773349761963,0.5185726881027222,0.5185726881027222,0.5371536016464233,-0.9911102056503296,-0.9911102056503296,-1.0
21174,102,102,cam2_eval_affine,-1.0,0.1007736325263977,0.05511361360549927,-0.013376116752624512,-1.004486322402954,-1,0.026863789185881615,0.0044863224029541016,0.013376116752624512,0,0.04698394238948822,0.015240814536809921,0.043971799314022064,0.2554815709590912,0.31059518456459045,0.23593765497207642,-0.27554020285606384,-0.23349428176879883,-0.2778507471084595,-2.564298629760742,-2.5550475120544434,-2.5646982192993164,0.29262733459472656,0.33343011140823364,0.2764618992805481,2.884178876876831,2.928983211517334,2.8784773349761963,0.5427480936050415,0.5185726881027222,0.5371536016464233,-1.004486322402954,-0.9911102056503296,-1.0
21174,102,102,cam2_eval_mean,-1.0,0.0850091427564621,0.047024041414260864,-0.01267993450164795,-1.0037901401519775,-1,0.038194604218006134,0.003790140151977539,0.01267993450164795,0,0.042148638516664505,0.015240814536809921,0.043971799314022064,0.2635711431503296,0.31059518456459045,0.23593765497207642,-0.2705334424972534,-0.23349428176879883,-0.2778507471084595,-2.5620081424713135,-2.5550475120544434,-2.5646982192993164,0.2956041097640991,0.33343011140823364,0.2764618992805481,2.8924388885498047,2.928983211517334,2.8784773349761963,0.5288010239601135,0.5185726881027222,0.5371536016464233,-1.0037901401519775,-0.9911102056503296,-1.0
21174,102,102,cam2_zero,-1.0,0.019329635426402092,0.01450657844543457,-0.010300159454345703,-1.0014103651046753,-1,0.13345110416412354,0.001410365104675293,0.010300159454345703,0,0.016785219311714172,0.015240814536809921,0.043971799314022064,0.3123423457145691,0.31059518456459045,0.23593765497207642,-0.22624635696411133,-0.23349428176879883,-0.2778507471084595,-2.5547094345092773,-2.5550475120544434,-2.5646982192993164,0.340617835521698,0.33343011140823364,0.2764618992805481,2.9434897899627686,2.928983211517334,2.8784773349761963,0.5258833765983582,0.5185726881027222,0.5371536016464233,-1.0014103651046753,-0.9911102056503296,-1.0
21174,102,102,cam2_flat_train_mean,-1.0,0.04085148870944977,0.02154165506362915,-0.018952369689941406,-1.010062575340271,-1,0.0879623219370842,0.010062575340270996,0.018952369689941406,0,0.030381828546524048,0.015240814536809921,0.043971799314022064,0.2890535295009613,0.31059518456459045,0.23593765497207642,-0.2488534152507782,-0.23349428176879883,-0.2778507471084595,-2.5607407093048096,-2.5550475120544434,-2.5646982192993164,0.31582367420196533,0.33343011140823364,0.2764618992805481,2.914402723312378,2.928983211517334,2.8784773349761963,0.5049837827682495,0.5185726881027222,0.5371536016464233,-1.010062575340271,-0.9911102056503296,-1.0
21174,102,102,cam2_flat_eval_mean,-1.0,0.06251491606235504,0.034255921840667725,-0.01454174518585205,-1.0056519508361816,-1,0.06229282543063164,0.005651950836181641,0.01454174518585205,0,0.040602851659059525,0.015240814536809921,0.043971799314022064,0.27633926272392273,0.31059518456459045,0.23593765497207642,-0.26102298498153687,-0.23349428176879883,-0.2778507471084595,-2.561253547668457,-2.5550475120544434,-2.5646982192993164,0.3068772554397583,0.33343011140823364,0.2764618992805481,2.9046969413757324,2.928983211517334,2.8784773349761963,0.5190109610557556,0.5185726881027222,0.5371536016464233,-1.0056519508361816,-0.9911102056503296,-1.0
21174,102,102,cam1_eval_affine,-1.0,0.059792064130306244,0.028338074684143066,-0.03458237648010254,-1.0256925821304321,-1,0.06457921862602234,0.02569258213043213,0.03458237648010254,0,0.03754736855626106,0.015240814536809921,0.043971799314022064,0.2822571098804474,0.31059518456459045,0.23593765497207642,-0.2595403790473938,-0.23349428176879883,-0.2778507471084595,-2.56135892868042,-2.5550475120544434,-2.5646982192993164,0.3069397509098053,0.33343011140823364,0.2764618992805481,2.9050302505493164,2.928983211517334,2.8784773349761963,0.5353281497955322,0.5185726881027222,0.5371536016464233,-1.0256925821304321,-0.9911102056503296,-1.0
21174,102,102,both_eval_affine,-1.0,0.12598229944705963,0.07044318318367004,-0.013093948364257812,-1.0042041540145874,-1,0.018400033935904503,0.004204154014587402,0.013093948364257812,0,0.052958548069000244,0.015240814536809921,0.043971799314022064,0.2401520013809204,0.31059518456459045,0.23593765497207642,-0.2875877618789673,-0.23349428176879883,-0.2778507471084595,-2.568425178527832,-2.5550475120544434,-2.5646982192993164,0.2813202738761902,0.33343011140823364,0.2764618992805481,2.8755879402160645,2.928983211517334,2.8784773349761963,0.5471228957176208,0.5185726881027222,0.5371536016464233,-1.0042041540145874,-0.9911102056503296,-1.0
22197,107,104,orig,-1.0,0.0,0.0,0.0,-0.9867796897888184,-1,0.02365638129413128,0.01322031021118164,0.0,0,-0.1608007550239563,-0.1608007550239563,-0.16436809301376343,0.21834993362426758,0.21834993362426758,0.23123152554035187,-0.11960257589817047,-0.11960257589817047,-0.11396144330501556,-2.555206537246704,-2.555206537246704,-2.550265073776245,0.25327977538108826,0.25327977538108826,0.2586290240287781,2.7755134105682373,2.7755134105682373,2.792673349380493,-0.26142042875289917,-0.26142042875289917,-0.26013797521591187,-0.9867796897888184,-0.9867796897888184,-1.0
22197,107,104,cam2_eval_affine,-1.0,0.04799792915582657,0.028184115886688232,-0.021151065826416016,-1.0079307556152344,-1,0.03045693039894104,0.007930755615234375,0.021151065826416016,0,-0.1675940901041031,-0.1608007550239563,-0.16436809301376343,0.2465340495109558,0.21834993362426758,0.23123152554035187,-0.10855967551469803,-0.11960257589817047,-0.11396144330501556,-2.5501301288604736,-2.555206537246704,-2.550265073776245,0.2708853483200073,0.25327977538108826,0.2586290240287781,2.8002512454986572,2.7755134105682373,2.792673349380493,-0.281261682510376,-0.26142042875289917,-0.26013797521591187,-1.0079307556152344,-0.9867796897888184,-1.0
22197,107,104,cam2_eval_mean,-1.0,0.009377749636769295,0.007281064987182617,-0.016610026359558105,-1.0033897161483765,-1,0.015266072005033493,0.003389716148376465,0.016610026359558105,0,-0.15997745096683502,-0.1608007550239563,-0.16436809301376343,0.22381949424743652,0.21834993362426758,0.23123152554035187,-0.11952494829893112,-0.11960257589817047,-0.11396144330501556,-2.5544633865356445,-2.555206537246704,-2.550265073776245,0.25518226623535156,0.25327977538108826,0.2586290240287781,2.78279447555542,2.7755134105682373,2.792673349380493,-0.26102471351623535,-0.26142042875289917,-0.26013797521591187,-1.0033897161483765,-0.9867796897888184,-1.0
22197,107,104,cam2_zero,-1.0,0.023186195641756058,0.016341209411621094,-0.005827784538269043,-0.9926074743270874,-1,0.016650870442390442,0.007392525672912598,0.005827784538269043,0,-0.15780073404312134,-0.1608007550239563,-0.16436809301376343,0.22317546606063843,0.21834993362426758,0.23123152554035187,-0.10971115529537201,-0.11960257589817047,-0.11396144330501556,-2.550244092941284,-2.555206537246704,-2.550265073776245,0.25539684295654297,0.25327977538108826,0.2586290240287781,2.7918546199798584,2.7755134105682373,2.792673349380493,-0.27197176218032837,-0.26142042875289917,-0.26013797521591187,-0.9926074743270874,-0.9867796897888184,-1.0
22197,107,104,cam2_flat_train_mean,-1.0,0.07360976934432983,0.042756080627441406,-0.0314868688583374,-1.0182665586471558,-1,0.05757617577910423,0.01826655864715576,0.0314868688583374,0,-0.16819794476032257,-0.1608007550239563,-0.16436809301376343,0.2546514868736267,0.21834993362426758,0.23123152554035187,-0.09628301113843918,-0.11960257589817047,-0.11396144330501556,-2.546579360961914,-2.555206537246704,-2.550265073776245,0.26344913244247437,0.25327977538108826,0.2586290240287781,2.8141934871673584,2.7755134105682373,2.792673349380493,-0.3041765093803406,-0.26142042875289917,-0.26013797521591187,-1.0182665586471558,-0.9867796897888184,-1.0
22197,107,104,cam2_flat_eval_mean,-1.0,0.04240921884775162,0.03741168975830078,-0.03256416320800781,-1.0193438529968262,-1,0.04062376543879509,0.019343852996826172,0.03256416320800781,0,-0.1613626480102539,-0.1608007550239563,-0.16436809301376343,0.22197303175926208,0.21834993362426758,0.23123152554035187,-0.1095678061246872,-0.11960257589817047,-0.11396144330501556,-2.553406000137329,-2.555206537246704,-2.550265073776245,0.25324511528015137,0.25327977538108826,0.2586290240287781,2.7922921180725098,2.7755134105682373,2.792673349380493,-0.29883211851119995,-0.26142042875289917,-0.26013797521591187,-1.0193438529968262,-0.9867796897888184,-1.0
22197,107,104,cam1_eval_affine,-1.0,0.03558431565761566,0.02350682020187378,-0.01896369457244873,-1.005743384361267,-1,0.016768643632531166,0.00574338436126709,0.01896369457244873,0,-0.16535894572734833,-0.1608007550239563,-0.16436809301376343,0.24185675382614136,0.21834993362426758,0.23123152554035187,-0.11009403318166733,-0.11960257589817047,-0.11396144330501556,-2.550945520401001,-2.555206537246704,-2.550265073776245,0.26485732197761536,0.25327977538108826,0.2586290240287781,2.7946512699127197,2.7755134105682373,2.792673349380493,-0.2705872058868408,-0.26142042875289917,-0.26013797521591187,-1.005743384361267,-0.9867796897888184,-1.0
22197,107,104,both_eval_affine,-1.0,0.025400137528777122,0.024516820907592773,-0.004573822021484375,-0.9913535118103027,-1,0.031798262149095535,0.008646488189697266,0.004573822021484375,0,-0.15900462865829468,-0.1608007550239563,-0.16436809301376343,0.2212880253791809,0.21834993362426758,0.23123152554035187,-0.12074816226959229,-0.11960257589817047,-0.11396144330501556,-2.5497055053710938,-2.555206537246704,-2.550265073776245,0.25382769107818604,0.25327977538108826,0.2586290240287781,2.776113510131836,2.7755134105682373,2.792673349380493,-0.2369036078453064,-0.26142042875289917,-0.26013797521591187,-0.9913535118103027,-0.9867796897888184,-1.0
23236,112,104,orig,-1.0,0.0,0.0,0.0,-1.0059905052185059,-1,0.11202935129404068,0.005990505218505859,0.0,0,-0.21195951104164124,-0.21195951104164124,-0.1744014173746109,0.26740744709968567,0.26740744709968567,0.22026357054710388,-0.1420668363571167,-0.1420668363571167,-0.18772459030151367,-2.6284964084625244,-2.6284964084625244,-2.636275291442871,0.531365156173706,0.531365156173706,0.4767628014087677,2.9360404014587402,2.9360404014587402,2.9091506004333496,-0.18491894006729126,-0.18491894006729126,-0.12953120470046997,-1.0059905052185059,-1.0059905052185059,-1.0
23236,112,104,cam2_eval_affine,-1.0,0.017967335879802704,0.01597374677658081,-0.0045032501220703125,-1.0104937553405762,-1,0.10714030265808105,0.010493755340576172,0.0045032501220703125,0,-0.2081938087940216,-0.21195951104164124,-0.1744014173746109,0.2725329101085663,0.26740744709968567,0.22026357054710388,-0.14063161611557007,-0.1420668363571167,-0.18772459030151367,-2.626991033554077,-2.6284964084625244,-2.636275291442871,0.5294021368026733,0.531365156173706,0.4767628014087677,2.9404032230377197,2.9360404014587402,2.9091506004333496,-0.16894519329071045,-0.18491894006729126,-0.12953120470046997,-1.0104937553405762,-1.0059905052185059,-1.0
23236,112,104,cam2_eval_mean,-1.0,0.019910814240574837,0.01765066385269165,-0.008619189262390137,-1.014609694480896,-1,0.1019967794418335,0.014609694480895996,0.008619189262390137,0,-0.2062651365995407,-0.21195951104164124,-0.1744014173746109,0.2693082392215729,0.26740744709968567,0.22026357054710388,-0.14143626391887665,-0.1420668363571167,-0.18772459030151367,-2.6277575492858887,-2.6284964084625244,-2.636275291442871,0.5256774425506592,0.531365156173706,0.4767628014087677,2.9399852752685547,2.9360404014587402,2.9091506004333496,-0.1672682762145996,-0.18491894006729126,-0.12953120470046997,-1.014609694480896,-1.0059905052185059,-1.0
23236,112,104,cam2_zero,-1.0,0.03875432908535004,0.021948695182800293,-0.007927775382995605,-1.0139182806015015,-1,0.14740651845932007,0.013918280601501465,0.007927775382995605,0,-0.2174900621175766,-0.21195951104164124,-0.1744014173746109,0.2729041874408722,0.26740744709968567,0.22026357054710388,-0.1201181411743164,-0.1420668363571167,-0.18772459030151367,-2.6276700496673584,-2.6284964084625244,-2.636275291442871,0.5465744137763977,0.531365156173706,0.4767628014087677,2.956259250640869,2.9360404014587402,2.9091506004333496,-0.2027667760848999,-0.18491894006729126,-0.12953120470046997,-1.0139182806015015,-1.0059905052185059,-1.0
23236,112,104,cam2_flat_train_mean,-1.0,0.02908942475914955,0.02168506383895874,-0.01318216323852539,-1.0191726684570312,-1,0.13699683547019958,0.01917266845703125,0.01318216323852539,0,-0.21315263211727142,-0.21195951104164124,-0.1744014173746109,0.27345430850982666,0.26740744709968567,0.22026357054710388,-0.12901365756988525,-0.1420668363571167,-0.18772459030151367,-2.6273279190063477,-2.6284964084625244,-2.636275291442871,0.5354015827178955,0.531365156173706,0.4767628014087677,2.94828462600708,2.9360404014587402,2.9091506004333496,-0.20660400390625,-0.18491894006729126,-0.12953120470046997,-1.0191726684570312,-1.0059905052185059,-1.0
23236,112,104,cam2_flat_eval_mean,-1.0,0.014123308472335339,0.009952783584594727,-0.01751840114593506,-1.023508906364441,-1,0.11714305728673935,0.023508906364440918,0.01751840114593506,0,-0.2062227576971054,-0.21195951104164124,-0.1744014173746109,0.273068904876709,0.26740744709968567,0.22026357054710388,-0.1368509978055954,-0.1420668363571167,-0.18772459030151367,-2.628326654434204,-2.6284964084625244,-2.636275291442871,0.5287818908691406,0.531365156173706,0.4767628014087677,2.945993185043335,2.9360404014587402,2.9091506004333496,-0.18616008758544922,-0.18491894006729126,-0.12953120470046997,-1.023508906364441,-1.0059905052185059,-1.0
23236,112,104,cam1_eval_affine,-1.0,0.15357588231563568,0.0789569616317749,-0.00827944278717041,-1.0142699480056763,-1,0.043861571699380875,0.01426994800567627,0.00827944278717041,0,-0.15760301053524017,-0.21195951104164124,-0.1744014173746109,0.2065967321395874,0.26740744709968567,0.22026357054710388,-0.20971021056175232,-0.1420668363571167,-0.18772459030151367,-2.6469783782958984,-2.6284964084625244,-2.636275291442871,0.45240819454193115,0.531365156173706,0.4767628014087677,2.895655393600464,2.9360404014587402,2.9091506004333496,-0.12049365043640137,-0.18491894006729126,-0.12953120470046997,-1.0142699480056763,-1.0059905052185059,-1.0
23236,112,104,both_eval_affine,-1.0,0.03384941816329956,0.018998414278030396,0.0022400617599487305,-1.0037504434585571,-1,0.1390843391418457,0.003750443458557129,0.0022400617599487305,0,-0.22124458849430084,-0.21195951104164124,-0.1744014173746109,0.2824646830558777,0.26740744709968567,0.22026357054710388,-0.1230684220790863,-0.1420668363571167,-0.18772459030151367,-2.621483564376831,-2.6284964084625244,-2.636275291442871,0.5462802648544312,0.531365156173706,0.4767628014087677,2.948970317840576,2.9360404014587402,2.9091506004333496,-0.1791667938232422,-0.18491894006729126,-0.12953120470046997,-1.0037504434585571,-1.0059905052185059,-1.0
24265,117,104,orig,-1.0,0.0,0.0,0.0,-1.0130943059921265,-1,0.07650791853666306,0.013094305992126465,0.0,0,-0.12065243721008301,-0.12065243721008301,-0.10027897357940674,0.35814136266708374,0.35814136266708374,0.3067810535430908,-0.18573422729969025,-0.18573422729969025,-0.21274921298027039,-2.464475393295288,-2.464475393295288,-2.4717085361480713,0.30300378799438477,0.30300378799438477,0.27421700954437256,2.8444769382476807,2.8444769382476807,2.810030221939087,0.2272375524044037,0.2272375524044037,0.2290039211511612,-1.0130943059921265,-1.0130943059921265,-1.0
24265,117,104,cam2_eval_affine,-1.0,0.024613168090581894,0.01785445213317871,0.006967306137084961,-1.0061269998550415,-1,0.09857446700334549,0.006126999855041504,0.006967306137084961,0,-0.12105052173137665,-0.12065243721008301,-0.10027897357940674,0.36826443672180176,0.35814136266708374,0.3067810535430908,-0.17895254492759705,-0.18573422729969025,-0.21274921298027039,-2.464421510696411,-2.464475393295288,-2.4717085361480713,0.31378892064094543,0.30300378799438477,0.27421700954437256,2.8623313903808594,2.8444769382476807,2.810030221939087,0.23193630576133728,0.2272375524044037,0.2290039211511612,-1.0061269998550415,-1.0130943059921265,-1.0
24265,117,104,cam2_eval_mean,-1.0,0.01151342038065195,0.008063077926635742,0.0091475248336792,-1.0039467811584473,-1,0.08639843761920929,0.003946781158447266,0.0091475248336792,0,-0.12094396352767944,-0.12065243721008301,-0.10027897357940674,0.36287206411361694,0.35814136266708374,0.3067810535430908,-0.18399587273597717,-0.18573422729969025,-0.21274921298027039,-2.4661686420440674,-2.464475393295288,-2.4717085361480713,0.30922746658325195,0.30300378799438477,0.27421700954437256,2.8525400161743164,2.8444769382476807,2.810030221939087,0.22791427373886108,0.2272375524044037,0.2290039211511612,-1.0039467811584473,-1.0130943059921265,-1.0
24265,117,104,cam2_zero,-1.0,0.017138414084911346,0.01326829195022583,0.006102800369262695,-1.0069915056228638,-1,0.08009741455316544,0.0069915056228637695,0.006102800369262695,0,-0.11743620038032532,-0.12065243721008301,-0.10027897357940674,0.35562989115715027,0.35814136266708374,0.3067810535430908,-0.1811121255159378,-0.18573422729969025,-0.21274921298027039,-2.4615163803100586,-2.464475393295288,-2.4717085361480713,0.2994133234024048,0.30300378799438477,0.27421700954437256,2.8520936965942383,2.8444769382476807,2.810030221939087,0.21396926045417786,0.2272375524044037,0.2290039211511612,-1.0069915056228638,-1.0130943059921265,-1.0
24265,117,104,cam2_flat_train_mean,-1.0,0.0336991623044014,0.022487252950668335,-0.005844831466674805,-1.0189391374588013,-1,0.05969544127583504,0.01893913745880127,0.005844831466674805,0,-0.11323186755180359,-0.12065243721008301,-0.10027897357940674,0.34336015582084656,0.35814136266708374,0.3067810535430908,-0.19437214732170105,-0.18573422729969025,-0.21274921298027039,-2.4636385440826416,-2.464475393295288,-2.4717085361480713,0.2868010401725769,0.30300378799438477,0.27421700954437256,2.8401682376861572,2.8444769382476807,2.810030221939087,0.20475029945373535,0.2272375524044037,0.2290039211511612,-1.0189391374588013,-1.0130943059921265,-1.0
24265,117,104,cam2_flat_eval_mean,-1.0,0.024089831858873367,0.022288739681243896,-0.001597285270690918,-1.0146915912628174,-1,0.07752198725938797,0.014691591262817383,0.001597285270690918,0,-0.11821368336677551,-0.12065243721008301,-0.10027897357940674,0.35500797629356384,0.35814136266708374,0.3067810535430908,-0.1857641041278839,-0.18573422729969025,-0.21274921298027039,-2.4590840339660645,-2.464475393295288,-2.4717085361480713,0.29729682207107544,0.30300378799438477,0.27421700954437256,2.8469526767730713,2.8444769382476807,2.810030221939087,0.2049488127231598,0.2272375524044037,0.2290039211511612,-1.0146915912628174,-1.0130943059921265,-1.0
24265,117,104,cam1_eval_affine,-1.0,0.013719923794269562,0.008586287498474121,0.010100841522216797,-1.0029934644699097,-1,0.06422214210033417,0.002993464469909668,0.010100841522216797,0,-0.1179019957780838,-0.12065243721008301,-0.10027897357940674,0.3495550751686096,0.35814136266708374,0.3067810535430908,-0.19065609574317932,-0.18573422729969025,-0.21274921298027039,-2.4642653465270996,-2.464475393295288,-2.4717085361480713,0.30006808042526245,0.30300378799438477,0.27421700954437256,2.8371176719665527,2.8444769382476807,2.810030221939087,0.22277650237083435,0.2272375524044037,0.2290039211511612,-1.0029934644699097,-1.0130943059921265,-1.0
24265,117,104,both_eval_affine,-1.0,0.010762800462543964,0.007389426231384277,0.0012630224227905273,-1.011831283569336,-1,0.07010961323976517,0.011831283569335938,0.0012630224227905273,0,-0.11789605021476746,-0.12065243721008301,-0.10027897357940674,0.3521225154399872,0.35814136266708374,0.3067810535430908,-0.1887192726135254,-0.18573422729969025,-0.21274921298027039,-2.4629287719726562,-2.464475393295288,-2.4717085361480713,0.3020978569984436,0.30300378799438477,0.27421700954437256,2.842177629470825,2.8444769382476807,2.810030221939087,0.2198481261730194,0.2272375524044037,0.2290039211511612,-1.011831283569336,-1.0130943059921265,-1.0
25293,122,104,orig,-1.0,0.0,0.0,0.0,-0.9996511936187744,-1,0.03573717176914215,0.00034880638122558594,0.0,0,0.07400102913379669,0.07400102913379669,0.06973482668399811,0.16117317974567413,0.16117317974567413,0.13411715626716614,-0.1777334064245224,-0.1777334064245224,-0.18836744129657745,-2.6469757556915283,-2.6469757556915283,-2.658705949783325,0.061666592955589294,0.061666592955589294,0.051904790103435516,2.824402093887329,2.824402093887329,2.8141725063323975,0.5831218957901001,0.5831218957901001,0.5743869543075562,-0.9996511936187744,-0.9996511936187744,-1.0
25293,122,104,cam2_eval_affine,-1.0,0.017514975741505623,0.01131582260131836,0.004371762275695801,-0.9952794313430786,-1,0.04178974777460098,0.004720568656921387,0.004371762275695801,0,0.07205274701118469,0.07400102913379669,0.06973482668399811,0.16445237398147583,0.16117317974567413,0.13411715626716614,-0.18152384459972382,-0.1777334064245224,-0.18836744129657745,-2.6499409675598145,-2.6469757556915283,-2.658705949783325,0.06705426424741745,0.061666592955589294,0.051904790103435516,2.8357179164886475,2.824402093887329,2.8141725063323975,0.5725393295288086,0.5831218957901001,0.5743869543075562,-0.9952794313430786,-0.9996511936187744,-1.0
25293,122,104,cam2_eval_mean,-1.0,0.016296815127134323,0.012554287910461426,-0.010876059532165527,-1.01052725315094,-1,0.035100992769002914,0.010527253150939941,0.010876059532165527,0,0.06853462755680084,0.07400102913379669,0.06973482668399811,0.16125649213790894,0.16117317974567413,0.13411715626716614,-0.1822834312915802,-0.1777334064245224,-0.18836744129657745,-2.651458263397217,-2.6469757556915283,-2.658705949783325,0.06333328038454056,0.061666592955589294,0.051904790103435516,2.8302769660949707,2.824402093887329,2.8141725063323975,0.5705676078796387,0.5831218957901001,0.5743869543075562,-1.01052725315094,-0.9996511936187744,-1.0
25293,122,104,cam2_zero,-1.0,0.07418513298034668,0.047603607177734375,-0.007643938064575195,-1.0072951316833496,-1,0.09959683567285538,0.007295131683349609,0.007643938064575195,0,0.06292495131492615,0.07400102913379669,0.06973482668399811,0.2001117765903473,0.16117317974567413,0.13411715626716614,-0.16517102718353271,-0.1777334064245224,-0.18836744129657745,-2.645723342895508,-2.6469757556915283,-2.658705949783325,0.08259691298007965,0.061666592955589294,0.051904790103435516,2.8720057010650635,2.824402093887329,2.8141725063323975,0.551483690738678,0.5831218957901001,0.5743869543075562,-1.0072951316833496,-0.9996511936187744,-1.0
25293,122,104,cam2_flat_train_mean,-1.0,0.12020248174667358,0.0766141414642334,-0.014516711235046387,-1.0141679048538208,-1,0.14643831551074982,0.0141679048538208,0.014516711235046387,0,0.05528225004673004,0.07400102913379669,0.06973482668399811,0.23090937733650208,0.16117317974567413,0.13411715626716614,-0.15434323251247406,-0.1777334064245224,-0.18836744129657745,-2.6437535285949707,-2.6469757556915283,-2.658705949783325,0.09596611559391022,0.061666592955589294,0.051904790103435516,2.9010162353515625,2.824402093887329,2.8141725063323975,0.5427308082580566,0.5831218957901001,0.5743869543075562,-1.0141679048538208,-0.9996511936187744,-1.0
25293,122,104,cam2_flat_eval_mean,-1.0,0.017639916390180588,0.011539995670318604,-0.007036089897155762,-1.0066872835159302,-1,0.03311925381422043,0.006687283515930176,0.007036089897155762,0,0.0760546624660492,0.07400102913379669,0.06973482668399811,0.15842926502227783,0.16117317974567413,0.13411715626716614,-0.1858098804950714,-0.1777334064245224,-0.18836744129657745,-2.652876138687134,-2.6469757556915283,-2.658705949783325,0.06092642992734909,0.061666592955589294,0.051904790103435516,2.832504987716675,2.824402093887329,2.8141725063323975,0.5715819001197815,0.5831218957901001,0.5743869543075562,-1.0066872835159302,-0.9996511936187744,-1.0
25293,122,104,cam1_eval_affine,-1.0,0.13917358219623566,0.08389131724834442,-0.015678882598876953,-1.0153300762176514,-1,0.16616691648960114,0.015330076217651367,0.015678882598876953,0,0.048272714018821716,0.07400102913379669,0.06973482668399811,0.24506449699401855,0.16117317974567413,0.13411715626716614,-0.1511167287826538,-0.1777334064245224,-0.18836744129657745,-2.641258955001831,-2.6469757556915283,-2.658705949783325,0.10989189893007278,0.061666592955589294,0.051904790103435516,2.9079084396362305,2.824402093887329,2.8141725063323975,0.5427552461624146,0.5831218957901001,0.5743869543075562,-1.0153300762176514,-0.9996511936187744,-1.0
25293,122,104,both_eval_affine,-1.0,0.01841183938086033,0.013615131378173828,0.008116364479064941,-0.9915348291397095,-1,0.04353050887584686,0.008465170860290527,0.008116364479064941,0,0.07292582094669342,0.07400102913379669,0.06973482668399811,0.16421492397785187,0.16117317974567413,0.13411715626716614,-0.18366852402687073,-0.1777334064245224,-0.18836744129657745,-2.6491775512695312,-2.6469757556915283,-2.658705949783325,0.06905906647443771,0.061666592955589294,0.051904790103435516,2.838017225265503,2.824402093887329,2.8141725063323975,0.5761581659317017,0.5831218957901001,0.5743869543075562,-0.9915348291397095,-0.9996511936187744,-1.0
26537,128,102,orig,-1.0,0.0,0.0,0.0,-0.9919694662094116,-1,0.07266291230916977,0.008030533790588379,0.0,0,0.06028417870402336,0.06028417870402336,0.045708391815423965,0.12597255408763885,0.12597255408763885,0.09013501554727554,-0.24535870552062988,-0.24535870552062988,-0.2411116659641266,-2.754664421081543,-2.754664421081543,-2.766869306564331,0.4365267753601074,0.4365267753601074,0.3932275176048279,2.9558656215667725,2.9558656215667725,2.941380262374878,0.06978154182434082,0.06978154182434082,0.10891551524400711,-0.9919694662094116,-0.9919694662094116,-1.0
26537,128,102,cam2_eval_affine,-1.0,0.03761456534266472,0.02152097225189209,0.010843515396118164,-0.9811259508132935,-1,0.047228965908288956,0.018874049186706543,0.010843515396118164,0,0.06275632977485657,0.06028417870402336,0.045708391815423965,0.11261961609125137,0.12597255408763885,0.09013501554727554,-0.2627728581428528,-0.24535870552062988,-0.2411116659641266,-2.762622356414795,-2.754664421081543,-2.766869306564331,0.41500580310821533,0.4365267753601074,0.3932275176048279,2.948133707046509,2.9558656215667725,2.941380262374878,0.08824574947357178,0.06978154182434082,0.10891551524400711,-0.9811259508132935,-0.9919694662094116,-1.0
26537,128,102,cam2_eval_mean,-1.0,0.09689744561910629,0.06155851483345032,-0.011427760124206543,-1.0033972263336182,-1,0.15691055357456207,0.003397226333618164,0.011427760124206543,0,0.029537901282310486,0.06028417870402336,0.045708391815423965,0.15775136649608612,0.12597255408763885,0.09013501554727554,-0.20156505703926086,-0.24535870552062988,-0.2411116659641266,-2.7441518306732178,-2.754664421081543,-2.766869306564331,0.49808529019355774,0.4365267753601074,0.3932275176048279,2.969661235809326,2.9558656215667725,2.941380262374878,0.032022833824157715,0.06978154182434082,0.10891551524400711,-1.0033972263336182,-0.9919694662094116,-1.0
26537,128,102,cam2_zero,-1.0,0.27045124769210815,0.14370286464691162,-0.01673150062561035,-1.008700966835022,-1,0.3247244358062744,0.008700966835021973,0.01673150062561035,0,-0.031569935381412506,0.06028417870402336,0.045708391815423965,0.20189502835273743,0.12597255408763885,0.09013501554727554,-0.11969030648469925,-0.24535870552062988,-0.2411116659641266,-2.7346184253692627,-2.754664421081543,-2.766869306564331,0.580229640007019,0.4365267753601074,0.3932275176048279,3.0141215324401855,2.9558656215667725,2.941380262374878,-0.06698042154312134,0.06978154182434082,0.10891551524400711,-1.008700966835022,-0.9919694662094116,-1.0
26537,128,102,cam2_flat_train_mean,-1.0,0.10723546147346497,0.07622706890106201,-0.0221102237701416,-1.0140796899795532,-1,0.16937308013439178,0.014079689979553223,0.0221102237701416,0,0.036633655428886414,0.06028417870402336,0.045708391815423965,0.1527794599533081,0.12597255408763885,0.09013501554727554,-0.20921364426612854,-0.24535870552062988,-0.2411116659641266,-2.757084369659424,-2.754664421081543,-2.766869306564331,0.4883023798465729,0.4365267753601074,0.3932275176048279,2.9763078689575195,2.9558656215667725,2.941380262374878,-0.006445527076721191,0.06978154182434082,0.10891551524400711,-1.0140796899795532,-0.9919694662094116,-1.0
26537,128,102,cam2_flat_eval_mean,-1.0,0.3320275545120239,0.1889856457710266,-0.03655099868774414,-1.0285204648971558,-1,0.38759076595306396,0.02852046489715576,0.03655099868774414,0,-0.044339753687381744,0.06028417870402336,0.045708391815423965,0.2130553424358368,0.12597255408763885,0.09013501554727554,-0.10563845932483673,-0.24535870552062988,-0.2411116659641266,-2.728863000869751,-2.754664421081543,-2.766869306564331,0.6168702840805054,0.4365267753601074,0.3932275176048279,3.013188362121582,2.9558656215667725,2.941380262374878,-0.11920410394668579,0.06978154182434082,0.10891551524400711,-1.0285204648971558,-0.9919694662094116,-1.0
26537,128,102,cam1_eval_affine,-1.0,0.05844322219491005,0.031685516238212585,-0.009166955947875977,-1.0011364221572876,-1,0.11516569554805756,0.0011364221572875977,0.009166955947875977,0,0.035831518471241,0.06028417870402336,0.045708391815423965,0.13687801361083984,0.12597255408763885,0.09013501554727554,-0.2136731892824173,-0.24535870552062988,-0.2411116659641266,-2.7592270374298096,-2.754664421081543,-2.766869306564331,0.46206673979759216,0.4365267753601074,0.3932275176048279,2.9669642448425293,2.9558656215667725,2.941380262374878,0.03980672359466553,0.06978154182434082,0.10891551524400711,-1.0011364221572876,-0.9919694662094116,-1.0
26537,128,102,both_eval_affine,-1.0,0.015496330335736275,0.009649127721786499,-0.011854767799377441,-1.003824234008789,-1,0.07926905900239944,0.0038242340087890625,0.011854767799377441,0,0.05444575846195221,0.06028417870402336,0.045708391815423965,0.13283546268939972,0.12597255408763885,0.09013501554727554,-0.24041838943958282,-0.24535870552062988,-0.2411116659641266,-2.7597618103027344,-2.754664421081543,-2.766869306564331,0.43386250734329224,0.4365267753601074,0.3932275176048279,2.9587562084198,2.9558656215667725,2.941380262374878,0.06013241410255432,0.06978154182434082,0.10891551524400711,-1.003824234008789,-0.9919694662094116,-1.0
27584,133,101,orig,-1.0,0.0,0.0,0.0,-0.9904444217681885,-1,0.05104953050613403,0.009555578231811523,0.0,0,-0.11687271296977997,-0.11687271296977997,-0.1057962030172348,0.2806863784790039,0.2806863784790039,0.25877845287323,-0.053409673273563385,-0.053409673273563385,-0.06761761009693146,-2.6169190406799316,-2.6169190406799316,-2.6165382862091064,0.193861722946167,0.193861722946167,0.18514476716518402,2.937727689743042,2.937727689743042,2.909712314605713,0.22054791450500488,0.22054791450500488,0.251216322183609,-0.9904444217681885,-0.9904444217681885,-1.0
27584,133,101,cam2_eval_affine,-1.0,0.009386494755744934,0.005261838436126709,-0.011420249938964844,-1.0018646717071533,-1,0.05150663107633591,0.0018646717071533203,0.011420249938964844,0,-0.11922937631607056,-0.11687271296977997,-0.1057962030172348,0.2762036621570587,0.2806863784790039,0.25877845287323,-0.04880230128765106,-0.053409673273563385,-0.06761761009693146,-2.616100788116455,-2.6169190406799316,-2.6165382862091064,0.18859988451004028,0.193861722946167,0.18514476716518402,2.935664176940918,2.937727689743042,2.909712314605713,0.21761274337768555,0.22054791450500488,0.251216322183609,-1.0018646717071533,-0.9904444217681885,-1.0
27584,133,101,cam2_eval_mean,-1.0,0.01855112612247467,0.015209406614303589,-0.011272430419921875,-1.0017168521881104,-1,0.050209421664476395,0.0017168521881103516,0.011272430419921875,0,-0.11451388895511627,-0.11687271296977997,-0.1057962030172348,0.2864606976509094,0.2806863784790039,0.25877845287323,-0.055114276707172394,-0.053409673273563385,-0.06761761009693146,-2.6162543296813965,-2.6169190406799316,-2.6165382862091064,0.1900262087583542,0.193861722946167,0.18514476716518402,2.9452011585235596,2.937727689743042,2.909712314605713,0.23575732111930847,0.22054791450500488,0.251216322183609,-1.0017168521881104,-0.9904444217681885,-1.0
27584,133,101,cam2_zero,-1.0,0.02515605092048645,0.0202481746673584,7.510185241699219e-05,-0.9903693199157715,-1,0.0645487830042839,0.009630680084228516,7.510185241699219e-05,0,-0.11718893051147461,-0.11687271296977997,-0.1057962030172348,0.2886851131916046,0.2806863784790039,0.25877845287323,-0.048546381294727325,-0.053409673273563385,-0.06761761009693146,-2.613521099090576,-2.6169190406799316,-2.6165382862091064,0.18917405605316162,0.193861722946167,0.18514476716518402,2.9579758644104004,2.937727689743042,2.909712314605713,0.2306269407272339,0.22054791450500488,0.251216322183609,-0.9903693199157715,-0.9904444217681885,-1.0
27584,133,101,cam2_flat_train_mean,-1.0,0.014228686690330505,0.010494649410247803,-0.007355690002441406,-0.9978001117706299,-1,0.058105211704969406,0.002199888229370117,0.007355690002441406,0,-0.11664268374443054,-0.11687271296977997,-0.1057962030172348,0.28034108877182007,0.2806863784790039,0.25877845287323,-0.05022670328617096,-0.053409673273563385,-0.06761761009693146,-2.6153671741485596,-2.6169190406799316,-2.6165382862091064,0.1833670735359192,0.193861722946167,0.18514476716518402,2.9458494186401367,2.937727689743042,2.909712314605713,0.21685418486595154,0.22054791450500488,0.251216322183609,-0.9978001117706299,-0.9904444217681885,-1.0
27584,133,101,cam2_flat_eval_mean,-1.0,0.020630739629268646,0.015279039740562439,-0.019598007202148438,-1.010042428970337,-1,0.048795413225889206,0.010042428970336914,0.019598007202148438,0,-0.11157757043838501,-0.11687271296977997,-0.1057962030172348,0.2793644964694977,0.2806863784790039,0.25877845287323,-0.057232894003391266,-0.053409673273563385,-0.06761761009693146,-2.6170895099639893,-2.6169190406799316,-2.6165382862091064,0.17858268320560455,0.193861722946167,0.18514476716518402,2.945840835571289,2.937727689743042,2.909712314605713,0.22959905862808228,0.22054791450500488,0.251216322183609,-1.010042428970337,-0.9904444217681885,-1.0
27584,133,101,cam1_eval_affine,-1.0,0.013855653814971447,0.009589612483978271,-0.014995455741882324,-1.0054398775100708,-1,0.05157370865345001,0.005439877510070801,0.014995455741882324,0,-0.1146349161863327,-0.11687271296977997,-0.1057962030172348,0.28579261898994446,0.2806863784790039,0.25877845287323,-0.05551430583000183,-0.053409673273563385,-0.06761761009693146,-2.6182103157043457,-2.6169190406799316,-2.6165382862091064,0.19029907882213593,0.193861722946167,0.18514476716518402,2.9448091983795166,2.937727689743042,2.909712314605713,0.23013752698898315,0.22054791450500488,0.251216322183609,-1.0054398775100708,-0.9904444217681885,-1.0
27584,133,101,both_eval_affine,-1.0,0.011899454519152641,0.010560870170593262,-0.008306145668029785,-0.9987505674362183,-1,0.044523876160383224,0.0012494325637817383,0.008306145668029785,0,-0.11547967791557312,-0.11687271296977997,-0.1057962030172348,0.2784183919429779,0.2806863784790039,0.25877845287323,-0.05377274751663208,-0.053409673273563385,-0.06761761009693146,-2.616528272628784,-2.6169190406799316,-2.6165382862091064,0.1894468516111374,0.193861722946167,0.18514476716518402,2.9395179748535156,2.937727689743042,2.909712314605713,0.23110878467559814,0.22054791450500488,0.251216322183609,-0.9987505674362183,-0.9904444217681885,-1.0
28612,138,104,orig,-1.0,0.0,0.0,0.0,-0.9959945678710938,-1,0.218209907412529,0.00400543212890625,0.0,0,0.010908171534538269,0.010908171534538269,0.04776707664132118,0.21530622243881226,0.21530622243881226,0.09465127438306808,-0.23138809204101562,-0.23138809204101562,-0.29124337434768677,-2.7371835708618164,-2.7371835708618164,-2.75903058052063,0.28681832551956177,0.28681832551956177,0.1515503227710724,2.948345422744751,2.948345422744751,2.8600194454193115,0.7521079778671265,0.7521079778671265,0.7913573980331421,-0.9959945678710938,-0.9959945678710938,-1.0
28612,138,104,cam2_eval_affine,-1.0,0.015587513335049152,0.008897244930267334,0.0036579370498657227,-0.992336630821228,-1,0.2177952080965042,0.007663369178771973,0.0036579370498657227,0,0.005857208743691444,0.010908171534538269,0.04776707664132118,0.21145084500312805,0.21530622243881226,0.09465127438306808,-0.22358812391757965,-0.23138809204101562,-0.29124337434768677,-2.7361981868743896,-2.7371835708618164,-2.75903058052063,0.2862337827682495,0.28681832551956177,0.1515503227710724,2.9405171871185303,2.948345422744751,2.8600194454193115,0.7432107329368591,0.7521079778671265,0.7913573980331421,-0.992336630821228,-0.9959945678710938,-1.0
28612,138,104,cam2_eval_mean,-1.0,0.024195490404963493,0.014422059059143066,0.003257274627685547,-0.9927372932434082,-1,0.19835366308689117,0.007262706756591797,0.003257274627685547,0,0.010855961591005325,0.010908171534538269,0.04776707664132118,0.2008841633796692,0.21530622243881226,0.09465127438306808,-0.23097489774227142,-0.23138809204101562,-0.29124337434768677,-2.73897123336792,-2.7371835708618164,-2.75903058052063,0.2749496400356293,0.28681832551956177,0.1515503227710724,2.933955192565918,2.948345422744751,2.8600194454193115,0.7469979524612427,0.7521079778671265,0.7913573980331421,-0.9927372932434082,-0.9959945678710938,-1.0
28612,138,104,cam2_zero,-1.0,0.04700933024287224,0.028766393661499023,0.0013377666473388672,-0.9946568012237549,-1,0.17581449449062347,0.005343198776245117,0.0013377666473388672,0,0.021446235477924347,0.010908171534538269,0.04776707664132118,0.18958544731140137,0.21530622243881226,0.09465127438306808,-0.2388060837984085,-0.23138809204101562,-0.29124337434768677,-2.74228572845459,-2.7371835708618164,-2.75903058052063,0.25805193185806274,0.28681832551956177,0.1515503227710724,2.927168130874634,2.948345422744751,2.8600194454193115,0.743151068687439,0.7521079778671265,0.7913573980331421,-0.9946568012237549,-0.9959945678710938,-1.0
28612,138,104,cam2_flat_train_mean,-1.0,0.05064978823065758,0.03571152687072754,-0.0038251876831054688,-0.9998197555541992,-1,0.17320656776428223,0.00018024444580078125,0.0038251876831054688,0,0.02017274685204029,0.010908171534538269,0.04776707664132118,0.1892356276512146,0.21530622243881226,0.09465127438306808,-0.24308054149150848,-0.23138809204101562,-0.29124337434768677,-2.7435061931610107,-2.7371835708618164,-2.75903058052063,0.25110679864883423,0.28681832551956177,0.1515503227710724,2.933032274246216,2.948345422744751,2.8600194454193115,0.7414591312408447,0.7521079778671265,0.7913573980331421,-0.9998197555541992,-0.9959945678710938,-1.0
28612,138,104,cam2_flat_eval_mean,-1.0,0.09519081562757492,0.05921220779418945,-0.0059473514556884766,-1.0019419193267822,-1,0.12602807581424713,0.0019419193267822266,0.0059473514556884766,0,0.027485864236950874,0.010908171534538269,0.04776707664132118,0.16224217414855957,0.21530622243881226,0.09465127438306808,-0.2526538372039795,-0.23138809204101562,-0.29124337434768677,-2.7481696605682373,-2.7371835708618164,-2.75903058052063,0.22760611772537231,0.28681832551956177,0.1515503227710724,2.9048550128936768,2.948345422744751,2.8600194454193115,0.7526095509529114,0.7521079778671265,0.7913573980331421,-1.0019419193267822,-0.9959945678710938,-1.0
28612,138,104,cam1_eval_affine,-1.0,0.06852290034294128,0.04264502227306366,-0.005095362663269043,-1.0010899305343628,-1,0.15183500945568085,0.001089930534362793,0.005095362663269043,0,0.024620231240987778,0.010908171534538269,0.04776707664132118,0.18030759692192078,0.21530622243881226,0.09465127438306808,-0.2523545026779175,-0.23138809204101562,-0.29124337434768677,-2.7467334270477295,-2.7371835708618164,-2.75903058052063,0.2441733032464981,0.28681832551956177,0.1515503227710724,2.9178080558776855,2.948345422744751,2.8600194454193115,0.7513700723648071,0.7521079778671265,0.7913573980331421,-1.0010899305343628,-0.9959945678710938,-1.0
28612,138,104,both_eval_affine,-1.0,0.027441024780273438,0.02411937713623047,-0.007733583450317383,-1.0037281513214111,-1,0.21475404500961304,0.003728151321411133,0.007733583450317383,0,0.008556179702281952,0.010908171534538269,0.04776707664132118,0.21136075258255005,0.21530622243881226,0.09465127438306808,-0.22786223888397217,-0.23138809204101562,-0.29124337434768677,-2.737189769744873,-2.7371835708618164,-2.75903058052063,0.2766404151916504,0.28681832551956177,0.1515503227710724,2.942502021789551,2.948345422744751,2.8600194454193115,0.727988600730896,0.7521079778671265,0.7913573980331421,-1.0037281513214111,-0.9959945678710938,-1.0
29638,143,102,orig,-1.0,0.0,0.0,0.0,-1.0135575532913208,-1,0.05274845287203789,0.0135575532913208,0.0,0,-0.039663732051849365,-0.039663732051849365,-0.03335120528936386,0.21147751808166504,0.21147751808166504,0.17965006828308105,-0.22610768675804138,-0.22610768675804138,-0.23328588902950287,-2.656712293624878,-2.656712293624878,-2.6531662940979004,0.16426433622837067,0.16426433622837067,0.1470477133989334,2.9158380031585693,2.9158380031585693,2.887498378753662,0.2177436351776123,0.2177436351776123,0.24153265357017517,-1.0135575532913208,-1.0135575532913208,-1.0
29638,143,102,cam2_eval_affine,-1.0,0.07109299302101135,0.03795549273490906,-0.016454219818115234,-1.030011773109436,-1,0.12003475427627563,0.030011773109436035,0.016454219818115234,0,-0.062049686908721924,-0.039663732051849365,-0.03335120528936386,0.2494330108165741,0.21147751808166504,0.17965006828308105,-0.19547414779663086,-0.22610768675804138,-0.23328588902950287,-2.646397590637207,-2.656712293624878,-2.6531662940979004,0.19442950189113617,0.16426433622837067,0.1470477133989334,2.945725202560425,2.9158380031585693,2.887498378753662,0.2014809548854828,0.2177436351776123,0.24153265357017517,-1.030011773109436,-1.0135575532913208,-1.0
29638,143,102,cam2_eval_mean,-1.0,0.042594294995069504,0.02314835786819458,-0.000967860221862793,-1.0145254135131836,-1,0.08918660879135132,0.014525413513183594,0.000967860221862793,0,-0.05327192693948746,-0.039663732051849365,-0.03335120528936386,0.23457664251327515,0.21147751808166504,0.17965006828308105,-0.2029593288898468,-0.22610768675804138,-0.23328588902950287,-2.6458582878112793,-2.656712293624878,-2.6531662940979004,0.17977476119995117,0.16426433622837067,0.1470477133989334,2.9297213554382324,2.9158380031585693,2.887498378753662,0.2148204743862152,0.2177436351776123,0.24153265357017517,-1.0145254135131836,-1.0135575532913208,-1.0
29638,143,102,cam2_zero,-1.0,0.06444265693426132,0.04232141375541687,0.003905773162841797,-1.009651780128479,-1,0.11305782198905945,0.009651780128479004,0.003905773162841797,0,-0.054816052317619324,-0.039663732051849365,-0.03335120528936386,0.23354259133338928,0.21147751808166504,0.17965006828308105,-0.19824862480163574,-0.22610768675804138,-0.23328588902950287,-2.6511318683624268,-2.656712293624878,-2.6531662940979004,0.17376312613487244,0.16426433622837067,0.1470477133989334,2.9431838989257812,2.9158380031585693,2.887498378753662,0.17542222142219543,0.2177436351776123,0.24153265357017517,-1.009651780128479,-1.0135575532913208,-1.0
29638,143,102,cam2_flat_train_mean,-1.0,0.06371955573558807,0.037239789962768555,0.005312442779541016,-1.0082451105117798,-1,0.11340373009443283,0.008245110511779785,0.005312442779541016,0,-0.05628962069749832,-0.039663732051849365,-0.03335120528936386,0.23763155937194824,0.21147751808166504,0.17965006828308105,-0.1987410932779312,-0.22610768675804138,-0.23328588902950287,-2.650747299194336,-2.656712293624878,-2.6531662940979004,0.1801818311214447,0.16426433622837067,0.1470477133989334,2.941819667816162,2.9158380031585693,2.887498378753662,0.18050384521484375,0.2177436351776123,0.24153265357017517,-1.0082451105117798,-1.0135575532913208,-1.0
29638,143,102,cam2_flat_eval_mean,-1.0,0.03542296588420868,0.020478934049606323,-0.012230634689331055,-1.0257881879806519,-1,0.08491774648427963,0.025788187980651855,0.012230634689331055,0,-0.045840367674827576,-0.039663732051849365,-0.03335120528936386,0.225923091173172,0.21147751808166504,0.17965006828308105,-0.20817410945892334,-0.22610768675804138,-0.23328588902950287,-2.650521755218506,-2.656712293624878,-2.6531662940979004,0.169822558760643,0.16426433622837067,0.1470477133989334,2.9299001693725586,2.9158380031585693,2.887498378753662,0.19726470112800598,0.2177436351776123,0.24153265357017517,-1.0257881879806519,-1.0135575532913208,-1.0
29638,143,102,cam1_eval_affine,-1.0,0.01470208540558815,0.010991603136062622,0.0026247501373291016,-1.0109328031539917,-1,0.044425684958696365,0.0109328031539917,0.0026247501373291016,0,-0.04024992138147354,-0.039663732051849365,-0.03335120528936386,0.20927584171295166,0.21147751808166504,0.17965006828308105,-0.22073994576931,-0.22610768675804138,-0.23328588902950287,-2.6521143913269043,-2.656712293624878,-2.6531662940979004,0.16199523210525513,0.16426433622837067,0.1470477133989334,2.9099183082580566,2.9158380031585693,2.887498378753662,0.22873523831367493,0.2177436351776123,0.24153265357017517,-1.0109328031539917,-1.0135575532913208,-1.0
29638,143,102,both_eval_affine,-1.0,0.08400261402130127,0.04771530628204346,-0.012822508811950684,-1.0263800621032715,-1,0.13138392567634583,0.026380062103271484,0.012822508811950684,0,-0.06489526480436325,-0.039663732051849365,-0.03335120528936386,0.2591928243637085,0.21147751808166504,0.17965006828308105,-0.1896507292985916,-0.22610768675804138,-0.23328588902950287,-2.6376211643218994,-2.656712293624878,-2.6531662940979004,0.19826313853263855,0.16426433622837067,0.1470477133989334,2.9495315551757812,2.9158380031585693,2.887498378753662,0.20516175031661987,0.2177436351776123,0.24153265357017517,-1.0263800621032715,-1.0135575532913208,-1.0
30669,148,104,orig,-1.0,0.0,0.0,0.0,-1.002641201019287,-1,0.1420343816280365,0.0026412010192871094,0.0,0,-0.14477284252643585,-0.14477284252643585,-0.1116550862789154,0.31491369009017944,0.31491369009017944,0.22935166954994202,-0.19684214890003204,-0.19684214890003204,-0.2402316778898239,-2.5216963291168213,-2.5216963291168213,-2.531632900238037,0.3731290400028229,0.3731290400028229,0.31008175015449524,2.8541693687438965,2.8541693687438965,2.7926719188690186,0.12765228748321533,0.12765228748321533,0.17257261276245117,-1.002641201019287,-1.002641201019287,-1.0
30669,148,104,cam2_eval_affine,-1.0,0.030005021020770073,0.017169713973999023,-0.007212996482849121,-1.0098541975021362,-1,0.11281414330005646,0.00985419750213623,0.007212996482849121,0,-0.13528384268283844,-0.14477284252643585,-0.1116550862789154,0.29987233877182007,0.31491369009017944,0.22935166954994202,-0.20544543862342834,-0.19684214890003204,-0.2402316778898239,-2.5233006477355957,-2.5216963291168213,-2.531632900238037,0.3617287278175354,0.3731290400028229,0.31008175015449524,2.8369996547698975,2.8541693687438965,2.7926719188690186,0.13674411177635193,0.12765228748321533,0.17257261276245117,-1.0098541975021362,-1.002641201019287,-1.0
30669,148,104,cam2_eval_mean,-1.0,0.07996422797441483,0.03833231329917908,-0.01648533344268799,-1.019126534461975,-1,0.06451812386512756,0.019126534461975098,0.01648533344268799,0,-0.12212727963924408,-0.14477284252643585,-0.1116550862789154,0.27658137679100037,0.31491369009017944,0.22935166954994202,-0.2260248214006424,-0.19684214890003204,-0.2402316778898239,-2.5277535915374756,-2.5216963291168213,-2.531632900238037,0.33719903230667114,0.3731290400028229,0.31008175015449524,2.8189263343811035,2.8541693687438965,2.7926719188690186,0.15912821888923645,0.12765228748321533,0.17257261276245117,-1.019126534461975,-1.002641201019287,-1.0
30669,148,104,cam2_zero,-1.0,0.034757014364004135,0.020811885595321655,-0.012205243110656738,-1.0148464441299438,-1,0.11089856177568436,0.014846444129943848,0.012205243110656738,0,-0.1324334442615509,-0.14477284252643585,-0.1116550862789154,0.2941018044948578,0.31491369009017944,0.22935166954994202,-0.2020408809185028,-0.19684214890003204,-0.2402316778898239,-2.521984577178955,-2.5216963291168213,-2.531632900238037,0.364168256521225,0.3731290400028229,0.31008175015449524,2.843425750732422,2.8541693687438965,2.7926719188690186,0.147647887468338,0.12765228748321533,0.17257261276245117,-1.0148464441299438,-1.002641201019287,-1.0
30669,148,104,cam2_flat_train_mean,-1.0,0.043392978608608246,0.02574056386947632,-0.03644132614135742,-1.0390825271606445,-1,0.10151220113039017,0.03908252716064453,0.03644132614135742,0,-0.13237252831459045,-0.14477284252643585,-0.1116550862789154,0.2891731262207031,0.31491369009017944,0.22935166954994202,-0.20943830907344818,-0.19684214890003204,-0.2402316778898239,-2.521312952041626,-2.5216963291168213,-2.531632900238037,0.3551948368549347,0.3731290400028229,0.31008175015449524,2.830078125,2.8541693687438965,2.7926719188690186,0.13005486130714417,0.12765228748321533,0.17257261276245117,-1.0390825271606445,-1.002641201019287,-1.0
30669,148,104,cam2_flat_eval_mean,-1.0,0.07206790149211884,0.04541316628456116,-0.009579658508300781,-1.012220859527588,-1,0.0758238136768341,0.01222085952758789,0.009579658508300781,0,-0.12562908232212067,-0.14477284252643585,-0.1116550862789154,0.2695005238056183,0.31491369009017944,0.22935166954994202,-0.219962477684021,-0.19684214890003204,-0.2402316778898239,-2.5237507820129395,-2.5216963291168213,-2.531632900238037,0.34188252687454224,0.3731290400028229,0.31008175015449524,2.8189332485198975,2.8541693687438965,2.7926719188690186,0.1305234432220459,0.12765228748321533,0.17257261276245117,-1.012220859527588,-1.002641201019287,-1.0
30669,148,104,cam1_eval_affine,-1.0,0.010970188304781914,0.007763177156448364,-0.00885617733001709,-1.0114973783493042,-1,0.14052577316761017,0.0114973783493042,0.00885617733001709,0,-0.14551854133605957,-0.14477284252643585,-0.1116550862789154,0.3140573501586914,0.31491369009017944,0.22935166954994202,-0.1912364959716797,-0.19684214890003204,-0.2402316778898239,-2.5193228721618652,-2.5216963291168213,-2.531632900238037,0.37502002716064453,0.3731290400028229,0.31008175015449524,2.8499083518981934,2.8541693687438965,2.7926719188690186,0.1354154646396637,0.12765228748321533,0.17257261276245117,-1.0114973783493042,-1.002641201019287,-1.0
30669,148,104,both_eval_affine,-1.0,0.12981337308883667,0.06768062710762024,-0.005259871482849121,-1.0079010725021362,-1,0.022621139883995056,0.00790107250213623,0.005259871482849121,0,-0.1082974523305893,-0.14477284252643585,-0.1116550862789154,0.2472330629825592,0.31491369009017944,0.22935166954994202,-0.2418230175971985,-0.19684214890003204,-0.2402316778898239,-2.53342342376709,-2.5216963291168213,-2.531632900238037,0.3197314143180847,0.3731290400028229,0.31008175015449524,2.797757625579834,2.8541693687438965,2.7926719188690186,0.18005454540252686,0.12765228748321533,0.17257261276245117,-1.0079010725021362,-1.002641201019287,-1.0
31689,153,103,orig,-1.0,0.0,0.0,0.0,-0.9872537851333618,-1,0.04868073761463165,0.012746214866638184,0.0,0,-0.0398329421877861,-0.0398329421877861,-0.04574357345700264,0.06023046374320984,0.06023046374320984,0.08159446716308594,-0.23126929998397827,-0.23126929998397827,-0.2202998846769333,-2.7628040313720703,-2.7628040313720703,-2.7611472606658936,0.13619010150432587,0.13619010150432587,0.15477292239665985,2.8293890953063965,2.8293890953063965,2.855081796646118,0.056295573711395264,0.056295573711395264,0.028910379856824875,-0.9872537851333618,-0.9872537851333618,-1.0
31689,153,103,cam2_eval_affine,-1.0,0.14952504634857178,0.0797303318977356,-0.02610611915588379,-1.0133599042892456,-1,0.10167261958122253,0.013359904289245605,0.02610611915588379,0,-0.05569968372583389,-0.0398329421877861,-0.04574357345700264,0.13996079564094543,0.06023046374320984,0.08159446716308594,-0.19926604628562927,-0.23126929998397827,-0.2202998846769333,-2.7520744800567627,-2.7628040313720703,-2.7611472606658936,0.2015773057937622,0.13619010150432587,0.15477292239665985,2.895822286605835,2.8293890953063965,2.855081796646118,-0.020651638507843018,0.056295573711395264,0.028910379856824875,-1.0133599042892456,-0.9872537851333618,-1.0
31689,153,103,cam2_eval_mean,-1.0,0.06098561733961105,0.03146746754646301,-0.013525128364562988,-1.0007789134979248,-1,0.01551692746579647,0.0007789134979248047,0.013525128364562988,0,-0.04439179599285126,-0.0398329421877861,-0.04574357345700264,0.09169793128967285,0.06023046374320984,0.08159446716308594,-0.22197836637496948,-0.23126929998397827,-0.2202998846769333,-2.7628836631774902,-2.7628040313720703,-2.7611472606658936,0.16479451954364777,0.13619010150432587,0.15477292239665985,2.8603508472442627,2.8293890953063965,2.855081796646118,0.027225136756896973,0.056295573711395264,0.028910379856824875,-1.0007789134979248,-0.9872537851333618,-1.0
31689,153,103,cam2_zero,-1.0,0.21886324882507324,0.12841325998306274,-0.02624952793121338,-1.0135033130645752,-1,0.17068570852279663,0.013503313064575195,0.02624952793121338,0,-0.07093120366334915,-0.0398329421877861,-0.04574357345700264,0.15764062106609344,0.06023046374320984,0.08159446716308594,-0.16988146305084229,-0.23126929998397827,-0.2202998846769333,-2.747892141342163,-2.7628040313720703,-2.7611472606658936,0.22658342123031616,0.13619010150432587,0.15477292239665985,2.9231629371643066,2.8293890953063965,2.855081796646118,-0.07211768627166748,0.056295573711395264,0.028910379856824875,-1.0135033130645752,-0.9872537851333618,-1.0
31689,153,103,cam2_flat_train_mean,-1.0,0.2655802071094513,0.15013128519058228,-0.049504876136779785,-1.0367586612701416,-1,0.2176000326871872,0.0367586612701416,0.049504876136779785,0,-0.07974643260240555,-0.0398329421877861,-0.04574357345700264,0.1829994022846222,0.06023046374320984,0.08159446716308594,-0.15615162253379822,-0.23126929998397827,-0.2202998846769333,-2.741278886795044,-2.7628040313720703,-2.7611472606658936,0.2517203688621521,0.13619010150432587,0.15477292239665985,2.938361167907715,2.8293890953063965,2.855081796646118,-0.09383571147918701,0.056295573711395264,0.028910379856824875,-1.0367586612701416,-0.9872537851333618,-1.0
31689,153,103,cam2_flat_eval_mean,-1.0,0.24222971498966217,0.14343637228012085,-0.02927088737487793,-1.0165246725082397,-1,0.19398964941501617,0.016524672508239746,0.02927088737487793,0,-0.0734635517001152,-0.0398329421877861,-0.04574357345700264,0.16740328073501587,0.06023046374320984,0.08159446716308594,-0.16710762679576874,-0.23126929998397827,-0.2202998846769333,-2.7479193210601807,-2.7628040313720703,-2.7611472606658936,0.2376917004585266,0.13619010150432587,0.15477292239665985,2.933520555496216,2.8293890953063965,2.855081796646118,-0.08714079856872559,0.056295573711395264,0.028910379856824875,-1.0165246725082397,-0.9872537851333618,-1.0
31689,153,103,cam1_eval_affine,-1.0,0.045659516006708145,0.029040813446044922,-0.012254834175109863,-0.9995086193084717,-1,0.011468340642750263,0.0004913806915283203,0.012254834175109863,0,-0.04072719067335129,-0.0398329421877861,-0.04574357345700264,0.07760999351739883,0.06023046374320984,0.08159446716308594,-0.2274315059185028,-0.23126929998397827,-0.2202998846769333,-2.7606117725372314,-2.7628040313720703,-2.7611472606658936,0.15827926993370056,0.13619010150432587,0.15477292239665985,2.8501522541046143,2.8293890953063965,2.855081796646118,0.027254760265350342,0.056295573711395264,0.028910379856824875,-0.9995086193084717,-0.9872537851333618,-1.0
31689,153,103,both_eval_affine,-1.0,0.08500927686691284,0.04900181293487549,-0.021111249923706055,-1.0083650350570679,-1,0.0373128205537796,0.008365035057067871,0.021111249923706055,0,-0.04403512924909592,-0.0398329421877861,-0.04574357345700264,0.09976452589035034,0.06023046374320984,0.08159446716308594,-0.215903639793396,-0.23126929998397827,-0.2202998846769333,-2.7605252265930176,-2.7628040313720703,-2.7611472606658936,0.1745646893978119,0.13619010150432587,0.15477292239665985,2.868515729904175,2.8293890953063965,2.855081796646118,0.007293760776519775,0.056295573711395264,0.028910379856824875,-1.0083650350570679,-0.9872537851333618,-1.0
32724,158,106,orig,-1.0,0.0,0.0,0.0,-0.988503098487854,-1,0.01686684787273407,0.011496901512145996,0.0,0,-0.1673102080821991,-0.1673102080821991,-0.16775397956371307,0.17881879210472107,0.17881879210472107,0.1745133399963379,-0.1803205907344818,-0.1803205907344818,-0.17542697489261627,-2.616008758544922,-2.616008758544922,-2.61594820022583,0.17503216862678528,0.17503216862678528,0.17544274032115936,2.826890468597412,2.826890468597412,2.8309731483459473,-0.11288845539093018,-0.11288845539093018,-0.0978894978761673,-0.988503098487854,-0.988503098487854,-1.0
32724,158,106,cam2_eval_affine,-1.0,0.051519013941287994,0.03327271342277527,-0.008510589599609375,-0.9970136880874634,-1,0.05440475419163704,0.002986311912536621,0.008510589599609375,0,-0.17691582441329956,-0.1673102080821991,-0.16775397956371307,0.21209150552749634,0.17881879210472107,0.1745133399963379,-0.1587049514055252,-0.1803205907344818,-0.17542697489261627,-2.6076900959014893,-2.616008758544922,-2.61594820022583,0.19650492072105408,0.17503216862678528,0.17544274032115936,2.847733736038208,2.826890468597412,2.8309731483459473,-0.11767494678497314,-0.11288845539093018,-0.0978894978761673,-0.9970136880874634,-0.988503098487854,-1.0
32724,158,106,cam2_eval_mean,-1.0,0.008034500293433666,0.005636274814605713,-0.005062103271484375,-0.9935652017593384,-1,0.021455464884638786,0.006434798240661621,0.005062103271484375,0,-0.16804055869579315,-0.1673102080821991,-0.16775397956371307,0.18445506691932678,0.17881879210472107,0.1745133399963379,-0.17923098802566528,-0.1803205907344818,-0.17542697489261627,-2.6160805225372314,-2.616008758544922,-2.61594820022583,0.1745637059211731,0.17503216862678528,0.17544274032115936,2.8311140537261963,2.826890468597412,2.8309731483459473,-0.11649423837661743,-0.11288845539093018,-0.0978894978761673,-0.9935652017593384,-0.988503098487854,-1.0
32724,158,106,cam2_zero,-1.0,0.07504750788211823,0.04288983345031738,-0.019763469696044922,-1.008266568183899,-1,0.08100441098213196,0.008266568183898926,0.019763469696044922,0,-0.17788133025169373,-0.1673102080821991,-0.16775397956371307,0.21825715899467468,0.17881879210472107,0.1745133399963379,-0.15294209122657776,-0.1803205907344818,-0.17542697489261627,-2.611345052719116,-2.616008758544922,-2.61594820022583,0.1938263177871704,0.17503216862678528,0.17544274032115936,2.8697803020477295,2.826890468597412,2.8309731483459473,-0.14452552795410156,-0.11288845539093018,-0.0978894978761673,-1.008266568183899,-0.988503098487854,-1.0
32724,158,106,cam2_flat_train_mean,-1.0,0.05771809443831444,0.03339684009552002,-0.037062764167785645,-1.0255658626556396,-1,0.0666223019361496,0.02556586265563965,0.037062764167785645,0,-0.176920548081398,-0.1673102080821991,-0.16775397956371307,0.20825061202049255,0.17881879210472107,0.1745133399963379,-0.15888455510139465,-0.1803205907344818,-0.17542697489261627,-2.6095046997070312,-2.616008758544922,-2.61594820022583,0.18647131323814392,0.17503216862678528,0.17544274032115936,2.851886034011841,2.826890468597412,2.8309731483459473,-0.1462852954864502,-0.11288845539093018,-0.0978894978761673,-1.0255658626556396,-0.988503098487854,-1.0
32724,158,106,cam2_flat_eval_mean,-1.0,0.04682174697518349,0.032642662525177,-0.02068936824798584,-1.0091924667358398,-1,0.0571095272898674,0.009192466735839844,0.02068936824798584,0,-0.1729181408882141,-0.1673102080821991,-0.16775397956371307,0.19654610753059387,0.17881879210472107,0.1745133399963379,-0.16337569057941437,-0.1803205907344818,-0.17542697489261627,-2.6123976707458496,-2.616008758544922,-2.61594820022583,0.18179960548877716,0.17503216862678528,0.17544274032115936,2.8477485179901123,2.826890468597412,2.8309731483459473,-0.14553111791610718,-0.11288845539093018,-0.0978894978761673,-1.0091924667358398,-0.988503098487854,-1.0
32724,158,106,cam1_eval_affine,-1.0,0.02168338932096958,0.012641310691833496,-0.007468581199645996,-0.9959716796875,-1,0.03315877169370651,0.0040283203125,0.007468581199645996,0,-0.16849452257156372,-0.1673102080821991,-0.16775397956371307,0.1897466778755188,0.17881879210472107,0.1745133399963379,-0.1753738522529602,-0.1803205907344818,-0.17542697489261627,-2.6170170307159424,-2.616008758544922,-2.61594820022583,0.18438658118247986,0.17503216862678528,0.17544274032115936,2.8356399536132812,2.826890468597412,2.8309731483459473,-0.12552976608276367,-0.11288845539093018,-0.0978894978761673,-0.9959716796875,-0.988503098487854,-1.0
32724,158,106,both_eval_affine,-1.0,0.03674440458416939,0.025242865085601807,-0.010465025901794434,-0.9989681243896484,-1,0.04225628077983856,0.0010318756103515625,0.010465025901794434,0,-0.17147769033908844,-0.1673102080821991,-0.16775397956371307,0.20406165719032288,0.17881879210472107,0.1745133399963379,-0.1680595576763153,-0.1803205907344818,-0.17542697489261627,-2.6121039390563965,-2.616008758544922,-2.61594820022583,0.18615147471427917,0.17503216862678528,0.17544274032115936,2.8456649780273438,2.826890468597412,2.8309731483459473,-0.12022870779037476,-0.11288845539093018,-0.0978894978761673,-0.9989681243896484,-0.988503098487854,-1.0
33775,163,104,orig,-1.0,0.0,0.0,0.0,-0.9952226877212524,-1,0.030034704133868217,0.004777312278747559,0.0,0,0.04303496330976486,0.04303496330976486,0.0400528758764267,0.12068776786327362,0.12068776786327362,0.1358374059200287,-0.30019837617874146,-0.30019837617874146,-0.28484392166137695,-2.680903911590576,-2.680903911590576,-2.6754205226898193,0.138264462351799,0.138264462351799,0.14639243483543396,2.8197219371795654,2.8197219371795654,2.833131790161133,0.3480174243450165,0.3480174243450165,0.33569005131721497,-0.9952226877212524,-0.9952226877212524,-1.0
33775,163,104,cam2_eval_affine,-1.0,0.02003803849220276,0.01275905966758728,-0.007942676544189453,-1.003165364265442,-1,0.014172388240695,0.0031653642654418945,0.007942676544189453,0,0.04522921144962311,0.04303496330976486,0.0400528758764267,0.1301053762435913,0.12068776786327362,0.1358374059200287,-0.2912724018096924,-0.30019837617874146,-0.28484392166137695,-2.6769840717315674,-2.680903911590576,-2.6754205226898193,0.14425396919250488,0.138264462351799,0.14639243483543396,2.82350492477417,2.8197219371795654,2.833131790161133,0.3352583646774292,0.3480174243450165,0.33569005131721497,-1.003165364265442,-0.9952226877212524,-1.0
33775,163,104,cam2_eval_mean,-1.0,0.09583205729722977,0.05775640904903412,-0.017318248748779297,-1.0125409364700317,-1,0.06858474016189575,0.012540936470031738,0.017318248748779297,0,0.03551886975765228,0.04303496330976486,0.0400528758764267,0.17844417691230774,0.12068776786327362,0.1358374059200287,-0.2747448682785034,-0.30019837617874146,-0.28484392166137695,-2.670184373855591,-2.680903911590576,-2.6754205226898193,0.18487083911895752,0.138264462351799,0.14639243483543396,2.8634603023529053,2.8197219371795654,2.833131790161133,0.3173009753227234,0.3480174243450165,0.33569005131721497,-1.0125409364700317,-0.9952226877212524,-1.0
33775,163,104,cam2_zero,-1.0,0.18436384201049805,0.09831677377223969,-0.0026633739471435547,-0.997886061668396,-1,0.1558043658733368,0.002113938331604004,0.0026633739471435547,0,0.0191966500133276,0.04303496330976486,0.0400528758764267,0.2190045416355133,0.12068776786327362,0.1358374059200287,-0.24382272362709045,-0.30019837617874146,-0.28484392166137695,-2.6635546684265137,-2.680903911590576,-2.6754205226898193,0.22018326818943024,0.138264462351799,0.14639243483543396,2.906304359436035,2.8197219371795654,2.833131790161133,0.27011263370513916,0.3480174243450165,0.33569005131721497,-0.997886061668396,-0.9952226877212524,-1.0
33775,163,104,cam2_flat_train_mean,-1.0,0.14267975091934204,0.07756216824054718,-0.04141831398010254,-1.036641001701355,-1,0.114225372672081,0.03664100170135498,0.04141831398010254,0,0.029823658987879753,0.04303496330976486,0.0400528758764267,0.1982499361038208,0.12068776786327362,0.1358374059200287,-0.25898003578186035,-0.30019837617874146,-0.28484392166137695,-2.6727402210235596,-2.680903911590576,-2.6754205226898193,0.1916966587305069,0.138264462351799,0.14639243483543396,2.891991138458252,2.8197219371795654,2.833131790161133,0.2822629511356354,0.3480174243450165,0.33569005131721497,-1.036641001701355,-0.9952226877212524,-1.0
33775,163,104,cam2_flat_eval_mean,-1.0,0.027897872030735016,0.016351014375686646,-0.014272093772888184,-1.0094947814941406,-1,0.018369408324360847,0.009494781494140625,0.014272093772888184,0,0.05195019766688347,0.04303496330976486,0.0400528758764267,0.13130870461463928,0.12068776786327362,0.1358374059200287,-0.2966916561126709,-0.30019837617874146,-0.28484392166137695,-2.679041624069214,-2.680903911590576,-2.6754205226898193,0.14575041830539703,0.138264462351799,0.14639243483543396,2.8354332447052,2.8197219371795654,2.833131790161133,0.33166640996932983,0.3480174243450165,0.33569005131721497,-1.0094947814941406,-0.9952226877212524,-1.0
33775,163,104,cam1_eval_affine,-1.0,0.031235795468091965,0.01873280107975006,-0.010186076164245605,-1.005408763885498,-1,0.011861467733979225,0.005408763885498047,0.010186076164245605,0,0.04289107024669647,0.04303496330976486,0.0400528758764267,0.13942056894302368,0.12068776786327362,0.1358374059200287,-0.29338908195495605,-0.30019837617874146,-0.28484392166137695,-2.677865505218506,-2.680903911590576,-2.6754205226898193,0.15268008410930634,0.138264462351799,0.14639243483543396,2.8342552185058594,2.8197219371795654,2.833131790161133,0.33576542139053345,0.3480174243450165,0.33569005131721497,-1.005408763885498,-0.9952226877212524,-1.0
33775,163,104,both_eval_affine,-1.0,0.017141802236437798,0.009657889604568481,-0.004457592964172363,-0.9996802806854248,-1,0.04365197941660881,0.0003197193145751953,0.004457592964172363,0,0.047843948006629944,0.04303496330976486,0.0400528758764267,0.1142195612192154,0.12068776786327362,0.1358374059200287,-0.2974279522895813,-0.30019837617874146,-0.28484392166137695,-2.6821060180664062,-2.680903911590576,-2.6754205226898193,0.1288762390613556,0.138264462351799,0.14639243483543396,2.8135297298431396,2.8197219371795654,2.833131790161133,0.35767531394958496,0.3480174243450165,0.33569005131721497,-0.9996802806854248,-0.9952226877212524,-1.0
34800,168,102,orig,-1.0,0.0,0.0,0.0,-1.0155266523361206,-1,0.06245362013578415,0.015526652336120605,0.0,0,-0.051083244383335114,-0.051083244383335114,-0.043768737465143204,0.3019794523715973,0.3019794523715973,0.2649313807487488,-0.056912362575531006,-0.056912362575531006,-0.07004459202289581,-2.5088348388671875,-2.5088348388671875,-2.5085809230804443,0.12894535064697266,0.12894535064697266,0.12202616035938263,2.8171582221984863,2.8171582221984863,2.7796640396118164,0.25238510966300964,0.25238510966300964,0.2815087139606476,-1.0155266523361206,-1.0155266523361206,-1.0
34800,168,102,cam2_eval_affine,-1.0,0.030878813937306404,0.02029070258140564,0.014397501945495605,-1.001129150390625,-1,0.033182352781295776,0.001129150390625,0.014397501945495605,0,-0.04389633238315582,-0.051083244383335114,-0.043768737465143204,0.28168874979019165,0.3019794523715973,0.2649313807487488,-0.06649069488048553,-0.056912362575531006,-0.07004459202289581,-2.5074594020843506,-2.5088348388671875,-2.5085809230804443,0.12456315010786057,0.12894535064697266,0.12202616035938263,2.8005142211914062,2.8171582221984863,2.7796640396118164,0.2623988091945648,0.25238510966300964,0.2815087139606476,-1.001129150390625,-1.0155266523361206,-1.0
34800,168,102,cam2_eval_mean,-1.0,0.038421500474214554,0.02205294370651245,0.01148080825805664,-1.004045844078064,-1,0.10024039447307587,0.004045844078063965,0.01148080825805664,0,-0.05978037416934967,-0.051083244383335114,-0.043768737465143204,0.32403239607810974,0.3019794523715973,0.2649313807487488,-0.05108771473169327,-0.056912362575531006,-0.07004459202289581,-2.5021443367004395,-2.5088348388671875,-2.5085809230804443,0.13504137098789215,0.12894535064697266,0.12202616035938263,2.83819317817688,2.8171582221984863,2.7796640396118164,0.2335192859172821,0.25238510966300964,0.2815087139606476,-1.004045844078064,-1.0155266523361206,-1.0
34800,168,102,cam2_zero,-1.0,0.014033243991434574,0.008705094456672668,0.003472447395324707,-1.012054204940796,-1,0.06326548755168915,0.012054204940795898,0.003472447395324707,0,-0.04944343864917755,-0.051083244383335114,-0.043768737465143204,0.2985043525695801,0.3019794523715973,0.2649313807487488,-0.05367858707904816,-0.056912362575531006,-0.07004459202289581,-2.500650644302368,-2.5088348388671875,-2.5085809230804443,0.12024025619029999,0.12894535064697266,0.12202616035938263,2.8219995498657227,2.8171582221984863,2.7796640396118164,0.2547326982021332,0.25238510966300964,0.2815087139606476,-1.012054204940796,-1.0155266523361206,-1.0
34800,168,102,cam2_flat_train_mean,-1.0,0.012522040866315365,0.008589021861553192,-0.011505961418151855,-1.0270326137542725,-1,0.060614291578531265,0.02703261375427246,0.011505961418151855,0,-0.04476616531610489,-0.051083244383335114,-0.043768737465143204,0.29888761043548584,0.3019794523715973,0.2649313807487488,-0.06034652516245842,-0.056912362575531006,-0.07004459202289581,-2.5046303272247314,-2.5088348388671875,-2.5085809230804443,0.12035632878541946,0.12894535064697266,0.12202616035938263,2.819181203842163,2.8171582221984863,2.7796640396118164,0.2524223327636719,0.25238510966300964,0.2815087139606476,-1.0270326137542725,-1.0155266523361206,-1.0
34800,168,102,cam2_flat_eval_mean,-1.0,0.041598930954933167,0.03050243854522705,-0.01346290111541748,-1.028989553451538,-1,0.10116079449653625,0.028989553451538086,0.01346290111541748,0,-0.056009210646152496,-0.051083244383335114,-0.043768737465143204,0.31302469968795776,0.3019794523715973,0.2649313807487488,-0.05200710892677307,-0.056912362575531006,-0.07004459202289581,-2.5056681632995605,-2.5088348388671875,-2.5085809230804443,0.12579630315303802,0.12894535064697266,0.12202616035938263,2.8418524265289307,2.8171582221984863,2.7796640396118164,0.2218826711177826,0.25238510966300964,0.2815087139606476,-1.028989553451538,-1.0155266523361206,-1.0
34800,168,102,cam1_eval_affine,-1.0,0.018668970093131065,0.013915926218032837,0.012386441230773926,-1.0031402111053467,-1,0.07825358957052231,0.0031402111053466797,0.012386441230773926,0,-0.053491584956645966,-0.051083244383335114,-0.043768737465143204,0.3158953785896301,0.3019794523715973,0.2649313807487488,-0.05350843816995621,-0.056912362575531006,-0.07004459202289581,-2.500042200088501,-2.5088348388671875,-2.5085809230804443,0.1294390857219696,0.12894535064697266,0.12202616035938263,2.82417893409729,2.8171582221984863,2.7796640396118164,0.24912229180335999,0.25238510966300964,0.2815087139606476,-1.0031402111053467,-1.0155266523361206,-1.0
34800,168,102,both_eval_affine,-1.0,0.04025714471936226,0.024535655975341797,0.010130643844604492,-1.0053960084915161,-1,0.023177625611424446,0.005396008491516113,0.010130643844604492,0,-0.043553754687309265,-0.051083244383335114,-0.043768737465143204,0.2784310579299927,0.3019794523715973,0.2649313807487488,-0.06526511907577515,-0.056912362575531006,-0.07004459202289581,-2.50495982170105,-2.5088348388671875,-2.5085809230804443,0.12273544818162918,0.12894535064697266,0.12202616035938263,2.7926225662231445,2.8171582221984863,2.7796640396118164,0.26923954486846924,0.25238510966300964,0.2815087139606476,-1.0053960084915161,-1.0155266523361206,-1.0
35844,173,104,orig,-1.0,0.0,0.0,0.0,-0.9881830215454102,-1,0.030320672318339348,0.011816978454589844,0.0,0,-0.1105850338935852,-0.1105850338935852,-0.10388326644897461,0.36264464259147644,0.36264464259147644,0.3401266038417816,-0.20924584567546844,-0.20924584567546844,-0.21567612886428833,-2.3491103649139404,-2.3491103649139404,-2.3589892387390137,0.30648013949394226,0.30648013949394226,0.2915426790714264,2.729599952697754,2.729599952697754,2.727299690246582,0.25615379214286804,0.25615379214286804,0.25606513023376465,-0.9881830215454102,-0.9881830215454102,-1.0
35844,173,104,cam2_eval_affine,-1.0,0.014224241487681866,0.009400993585586548,-0.017172813415527344,-1.0053558349609375,-1,0.020900340750813484,0.0053558349609375,0.017172813415527344,0,-0.10545694828033447,-0.1105850338935852,-0.10388326644897461,0.3573475778102875,0.36264464259147644,0.3401266038417816,-0.21163460612297058,-0.20924584567546844,-0.21567612886428833,-2.350980758666992,-2.3491103649139404,-2.3589892387390137,0.2970791459083557,0.30648013949394226,0.2915426790714264,2.723174571990967,2.729599952697754,2.727299690246582,0.25917109847068787,0.25615379214286804,0.25606513023376465,-1.0053558349609375,-0.9881830215454102,-1.0
35844,173,104,cam2_eval_mean,-1.0,0.031057341024279594,0.021862715482711792,-0.03189897537231445,-1.0200819969177246,-1,0.05901887267827988,0.02008199691772461,0.03189897537231445,0,-0.11720186471939087,-0.1105850338935852,-0.10388326644897461,0.38450735807418823,0.36264464259147644,0.3401266038417816,-0.19825318455696106,-0.20924584567546844,-0.21567612886428833,-2.3456828594207764,-2.3491103649139404,-2.3589892387390137,0.3147406280040741,0.30648013949394226,0.2915426790714264,2.7447056770324707,2.729599952697754,2.727299690246582,0.2598676383495331,0.25615379214286804,0.25606513023376465,-1.0200819969177246,-0.9881830215454102,-1.0
35844,173,104,cam2_zero,-1.0,0.06591781228780746,0.037926435470581055,-0.014257311820983887,-1.002440333366394,-1,0.08913516253232956,0.002440333366394043,0.014257311820983887,0,-0.12283112108707428,-0.1105850338935852,-0.10388326644897461,0.39876601099967957,0.36264464259147644,0.3401266038417816,-0.1845092475414276,-0.20924584567546844,-0.21567612886428833,-2.3478784561157227,-2.3491103649139404,-2.3589892387390137,0.3191108703613281,0.30648013949394226,0.2915426790714264,2.767526388168335,2.729599952697754,2.727299690246582,0.2300947904586792,0.25615379214286804,0.25606513023376465,-1.002440333366394,-0.9881830215454102,-1.0
35844,173,104,cam2_flat_train_mean,-1.0,0.03506585583090782,0.019200921058654785,-0.022955656051635742,-1.011138677597046,-1,0.05764599144458771,0.011138677597045898,0.022955656051635742,0,-0.11437666416168213,-0.1105850338935852,-0.10388326644897461,0.3812909424304962,0.36264464259147644,0.3401266038417816,-0.19719931483268738,-0.20924584567546844,-0.21567612886428833,-2.3472416400909424,-2.3491103649139404,-2.3589892387390137,0.30678117275238037,0.30648013949394226,0.2915426790714264,2.7483129501342773,2.729599952697754,2.727299690246582,0.23695287108421326,0.25615379214286804,0.25606513023376465,-1.011138677597046,-0.9881830215454102,-1.0
35844,173,104,cam2_flat_eval_mean,-1.0,0.053808584809303284,0.03048589825630188,-0.03323090076446533,-1.0214139223098755,-1,0.07674459367990494,0.02141392230987549,0.03323090076446533,0,-0.11771039664745331,-0.1105850338935852,-0.10388326644897461,0.3931305408477783,0.36264464259147644,0.3401266038417816,-0.19115552306175232,-0.20924584567546844,-0.21567612886428833,-2.346130132675171,-2.3491103649139404,-2.3589892387390137,0.31267863512039185,0.30648013949394226,0.2915426790714264,2.7588326930999756,2.729599952697754,2.727299690246582,0.22996053099632263,0.25615379214286804,0.25606513023376465,-1.0214139223098755,-0.9881830215454102,-1.0
35844,173,104,cam1_eval_affine,-1.0,0.012773441150784492,0.01107698678970337,-0.008291482925415039,-0.9964745044708252,-1,0.03282507136464119,0.0035254955291748047,0.008291482925415039,0,-0.10921937227249146,-0.1105850338935852,-0.10388326644897461,0.36439743638038635,0.36264464259147644,0.3401266038417816,-0.20644187927246094,-0.20924584567546844,-0.21567612886428833,-2.348010778427124,-2.3491103649139404,-2.3589892387390137,0.3028424382209778,0.30648013949394226,0.2915426790714264,2.725964069366455,2.729599952697754,2.727299690246582,0.2672307789325714,0.25615379214286804,0.25606513023376465,-0.9964745044708252,-0.9881830215454102,-1.0
35844,173,104,both_eval_affine,-1.0,0.036654580384492874,0.020187795162200928,-0.012850165367126465,-1.0010331869125366,-1,0.020664475858211517,0.001033186912536621,0.012850165367126465,0,-0.1000785231590271,-0.1105850338935852,-0.10388326644897461,0.3424568474292755,0.36264464259147644,0.3401266038417816,-0.21891143918037415,-0.20924584567546844,-0.21567612886428833,-2.354156970977783,-2.3491103649139404,-2.3589892387390137,0.2902124524116516,0.30648013949394226,0.2915426790714264,2.7126305103302,2.729599952697754,2.727299690246582,0.26856881380081177,0.25615379214286804,0.25606513023376465,-1.0010331869125366,-0.9881830215454102,-1.0
37076,179,102,orig,-1.0,0.0,0.0,0.0,-1.0058578252792358,-1,0.2209344208240509,0.00585782527923584,0.0,0,-0.10339194536209106,-0.10339194536209106,-0.0209726020693779,0.24359408020973206,0.24359408020973206,0.1467125415802002,-0.05571042746305466,-0.05571042746305466,-0.15324938297271729,-2.7241296768188477,-2.7241296768188477,-2.7415990829467773,0.40551507472991943,0.40551507472991943,0.3171648681163788,3.0569522380828857,3.0569522380828857,2.985060691833496,0.08878454566001892,0.08878454566001892,0.18798062205314636,-1.0058578252792358,-1.0058578252792358,-1.0
37076,179,102,cam2_eval_affine,-1.0,0.03851696848869324,0.02212381362915039,-0.0188596248626709,-1.0247174501419067,-1,0.2481786608695984,0.02471745014190674,0.0188596248626709,0,-0.11188532412052155,-0.10339194536209106,-0.0209726020693779,0.248183012008667,0.24359408020973206,0.1467125415802002,-0.035910896956920624,-0.05571042746305466,-0.15324938297271729,-2.724637508392334,-2.7241296768188477,-2.7415990829467773,0.42637017369270325,0.40551507472991943,0.3171648681163788,3.079076051712036,3.0569522380828857,2.985060691833496,0.09736844897270203,0.08878454566001892,0.18798062205314636,-1.0247174501419067,-1.0058578252792358,-1.0
37076,179,102,cam2_eval_mean,-1.0,0.023666691035032272,0.01657995581626892,-0.00314939022064209,-1.009007215499878,-1,0.20781241357326508,0.00900721549987793,0.00314939022064209,0,-0.08981850743293762,-0.10339194536209106,-0.0209726020693779,0.24417191743850708,0.24359408020973206,0.1467125415802002,-0.06408672779798508,-0.05571042746305466,-0.15324938297271729,-2.7260241508483887,-2.7241296768188477,-2.7415990829467773,0.40665534138679504,0.40551507472991943,0.3171648681163788,3.062011241912842,3.0569522380828857,2.985060691833496,0.10536450147628784,0.08878454566001892,0.18798062205314636,-1.009007215499878,-1.0058578252792358,-1.0
37076,179,102,cam2_zero,-1.0,0.021304409950971603,0.015966325998306274,-0.010911107063293457,-1.0167689323425293,-1,0.21429884433746338,0.016768932342529297,0.010911107063293457,0,-0.09367258846759796,-0.10339194536209106,-0.0209726020693779,0.2403017282485962,0.24359408020973206,0.1467125415802002,-0.05363664776086807,-0.05571042746305466,-0.15324938297271729,-2.7246553897857666,-2.7241296768188477,-2.7415990829467773,0.4075149893760681,0.40551507472991943,0.3171648681163788,3.066175699234009,3.0569522380828857,2.985060691833496,0.1047508716583252,0.08878454566001892,0.18798062205314636,-1.0167689323425293,-1.0058578252792358,-1.0
37076,179,102,cam2_flat_train_mean,-1.0,0.020552879199385643,0.014505147933959961,-0.001414179801940918,-1.0072720050811768,-1,0.23706014454364777,0.007272005081176758,0.001414179801940918,0,-0.10542020201683044,-0.10339194536209106,-0.0209726020693779,0.24417003989219666,0.24359408020973206,0.1467125415802002,-0.04557950794696808,-0.05571042746305466,-0.15324938297271729,-2.724658489227295,-2.7241296768188477,-2.7415990829467773,0.4085426926612854,0.40551507472991943,0.3171648681163788,3.0714573860168457,3.0569522380828857,2.985060691833496,0.0790124237537384,0.08878454566001892,0.18798062205314636,-1.0072720050811768,-1.0058578252792358,-1.0
37076,179,102,cam2_flat_eval_mean,-1.0,0.03015066683292389,0.019881539046764374,-0.020125746726989746,-1.0259835720062256,-1,0.19638870656490326,0.025983572006225586,0.020125746726989746,0,-0.08351040631532669,-0.10339194536209106,-0.0209726020693779,0.23492035269737244,0.24359408020973206,0.1467125415802002,-0.06494288891553879,-0.05571042746305466,-0.15324938297271729,-2.723517894744873,-2.7241296768188477,-2.7415990829467773,0.39885133504867554,0.40551507472991943,0.3171648681163788,3.0585691928863525,3.0569522380828857,2.985060691833496,0.10627514123916626,0.08878454566001892,0.18798062205314636,-1.0259835720062256,-1.0058578252792358,-1.0
37076,179,102,cam1_eval_affine,-1.0,0.020798396319150925,0.014718770980834961,-0.009463310241699219,-1.015321135520935,-1,0.2298835963010788,0.015321135520935059,0.009463310241699219,0,-0.10302489995956421,-0.10339194536209106,-0.0209726020693779,0.25308355689048767,0.24359408020973206,0.1467125415802002,-0.053999871015548706,-0.05571042746305466,-0.15324938297271729,-2.7264211177825928,-2.7241296768188477,-2.7415990829467773,0.4120975434780121,0.40551507472991943,0.3171648681163788,3.0716710090637207,3.0569522380828857,2.985060691833496,0.09740084409713745,0.08878454566001892,0.18798062205314636,-1.015321135520935,-1.0058578252792358,-1.0
37076,179,102,both_eval_affine,-1.0,0.018259849399328232,0.011903524398803711,-0.006614804267883301,-1.0124726295471191,-1,0.23641689121723175,0.01247262954711914,0.006614804267883301,0,-0.10277965664863586,-0.10339194536209106,-0.0209726020693779,0.24821805953979492,0.24359408020973206,0.1467125415802002,-0.04906181991100311,-0.05571042746305466,-0.15324938297271729,-2.723515748977661,-2.7241296768188477,-2.7415990829467773,0.41439494490623474,0.40551507472991943,0.3171648681163788,3.0688557624816895,3.0569522380828857,2.985060691833496,0.08196258544921875,0.08878454566001892,0.18798062205314636,-1.0124726295471191,-1.0058578252792358,-1.0
38089,184,100,orig,-1.0,0.0,0.0,0.0,-1.008466362953186,-1,0.06986261904239655,0.008466362953186035,0.0,0,-0.05559490621089935,-0.05559490621089935,-0.04233158379793167,0.24921613931655884,0.24921613931655884,0.2109583467245102,-0.07440562546253204,-0.07440562546253204,-0.09465612471103668,-2.632983446121216,-2.632983446121216,-2.6336612701416016,0.27795878052711487,0.27795878052711487,0.25478196144104004,2.9122188091278076,2.9122188091278076,2.88037109375,0.18891122937202454,0.18891122937202454,0.22467751801013947,-1.008466362953186,-1.008466362953186,-1.0
38089,184,100,cam2_eval_affine,-1.0,0.02006259746849537,0.010469406843185425,-0.005209207534790039,-1.013675570487976,-1,0.05057550594210625,0.013675570487976074,0.005209207534790039,0,-0.05124395340681076,-0.05559490621089935,-0.04233158379793167,0.2392900288105011,0.24921613931655884,0.2109583467245102,-0.08062402158975601,-0.07440562546253204,-0.09465612471103668,-2.6322574615478516,-2.632983446121216,-2.6336612701416016,0.26748937368392944,0.27795878052711487,0.25478196144104004,2.9037766456604004,2.9122188091278076,2.88037109375,0.19697195291519165,0.18891122937202454,0.22467751801013947,-1.013675570487976,-1.008466362953186,-1.0
38089,184,100,cam2_eval_mean,-1.0,0.013960674405097961,0.010256767272949219,-0.003920435905456543,-1.0123867988586426,-1,0.05960072949528694,0.012386798858642578,0.003920435905456543,0,-0.0550864040851593,-0.05559490621089935,-0.04233158379793167,0.24172770977020264,0.24921613931655884,0.2109583467245102,-0.07671335339546204,-0.07440562546253204,-0.09465612471103668,-2.630706787109375,-2.632983446121216,-2.6336612701416016,0.2802576720714569,0.27795878052711487,0.25478196144104004,2.9019620418548584,2.9122188091278076,2.88037109375,0.19310292601585388,0.18891122937202454,0.22467751801013947,-1.0123867988586426,-1.008466362953186,-1.0
38089,184,100,cam2_zero,-1.0,0.03869267553091049,0.022107601165771484,0.0028694868087768555,-1.0055968761444092,-1,0.1050877720117569,0.00559687614440918,0.0028694868087768555,0,-0.07010888308286667,-0.05559490621089935,-0.04233158379793167,0.2633500099182129,0.24921613931655884,0.2109583467245102,-0.054394349455833435,-0.07440562546253204,-0.09465612471103668,-2.6251139640808105,-2.632983446121216,-2.6336612701416016,0.2862248122692108,0.27795878052711487,0.25478196144104004,2.934326410293579,2.9122188091278076,2.88037109375,0.18071073293685913,0.18891122937202454,0.22467751801013947,-1.0055968761444092,-1.008466362953186,-1.0
38089,184,100,cam2_flat_train_mean,-1.0,0.02408173866569996,0.01632857322692871,-0.0025491714477539062,-1.01101553440094,-1,0.09113453328609467,0.011015534400939941,0.0025491714477539062,0,-0.06131931394338608,-0.05559490621089935,-0.04233158379793167,0.25884050130844116,0.24921613931655884,0.2109583467245102,-0.06604322791099548,-0.07440562546253204,-0.09465612471103668,-2.629795789718628,-2.632983446121216,-2.6336612701416016,0.2749798595905304,0.27795878052711487,0.25478196144104004,2.9285473823547363,2.9122188091278076,2.88037109375,0.17896407842636108,0.18891122937202454,0.22467751801013947,-1.01101553440094,-1.008466362953186,-1.0
38089,184,100,cam2_flat_eval_mean,-1.0,0.025455916300415993,0.016647905111312866,-0.006473898887634277,-1.0149402618408203,-1,0.08995292335748672,0.014940261840820312,0.006473898887634277,0,-0.06505101919174194,-0.05559490621089935,-0.04233158379793167,0.2530401945114136,0.24921613931655884,0.2109583467245102,-0.06281808018684387,-0.07440562546253204,-0.09465612471103668,-2.6299140453338623,-2.632983446121216,-2.6336612701416016,0.27241164445877075,0.27795878052711487,0.25478196144104004,2.921828508377075,2.9122188091278076,2.88037109375,0.17226332426071167,0.18891122937202454,0.22467751801013947,-1.0149402618408203,-1.008466362953186,-1.0
38089,184,100,cam1_eval_affine,-1.0,0.04851999506354332,0.03155425190925598,0.0044258832931518555,-1.0040404796600342,-1,0.11693156510591507,0.00404047966003418,0.0044258832931518555,0,-0.07109252363443375,-0.05559490621089935,-0.04233158379793167,0.26744094491004944,0.24921613931655884,0.2109583467245102,-0.05555708706378937,-0.07440562546253204,-0.09465612471103668,-2.62912654876709,-2.632983446121216,-2.6336612701416016,0.28971225023269653,0.27795878052711487,0.25478196144104004,2.928889513015747,2.9122188091278076,2.88037109375,0.15735697746276855,0.18891122937202454,0.22467751801013947,-1.0040404796600342,-1.008466362953186,-1.0
38089,184,100,both_eval_affine,-1.0,0.08918381482362747,0.050740569829940796,1.5735626220703125e-05,-1.0084506273269653,-1,0.02220197394490242,0.008450627326965332,1.5735626220703125e-05,0,-0.03414560854434967,-0.05559490621089935,-0.04233158379793167,0.19847556948661804,0.24921613931655884,0.2109583467245102,-0.10177786648273468,-0.07440562546253204,-0.09465612471103668,-2.639468193054199,-2.632983446121216,-2.6336612701416016,0.2438509464263916,0.27795878052711487,0.25478196144104004,2.8723418712615967,2.9122188091278076,2.88037109375,0.22598236799240112,0.18891122937202454,0.22467751801013947,-1.0084506273269653,-1.008466362953186,-1.0
39104,189,102,orig,-1.0,0.0,0.0,0.0,-1.0037364959716797,-1,0.07957744598388672,0.0037364959716796875,0.0,0,-0.04296409338712692,-0.04296409338712692,-0.028151240199804306,0.2664297819137573,0.2664297819137573,0.22122426331043243,-0.32269513607025146,-0.32269513607025146,-0.34608954191207886,-2.591803550720215,-2.591803550720215,-2.5973267555236816,0.39544305205345154,0.39544305205345154,0.34602367877960205,2.855055093765259,2.855055093765259,2.825028419494629,0.5686306357383728,0.5686306357383728,0.5564679503440857,-1.0037364959716797,-1.0037364959716797,-1.0
39104,189,102,cam2_eval_affine,-1.0,0.01664401777088642,0.009944796562194824,-0.01187443733215332,-1.015610933303833,-1,0.06713011115789413,0.015610933303833008,0.01187443733215332,0,-0.04472491890192032,-0.04296409338712692,-0.028151240199804306,0.2597997784614563,0.2664297819137573,0.22122426331043243,-0.3238922357559204,-0.32269513607025146,-0.34608954191207886,-2.5878665447235107,-2.591803550720215,-2.5973267555236816,0.3854982554912567,0.39544305205345154,0.34602367877960205,2.8493924140930176,2.855055093765259,2.825028419494629,0.5595715045928955,0.5686306357383728,0.5564679503440857,-1.015610933303833,-1.0037364959716797,-1.0
39104,189,102,cam2_eval_mean,-1.0,0.059833183884620667,0.034963250160217285,-0.007100582122802734,-1.0108370780944824,-1,0.025274233892560005,0.010837078094482422,0.007100582122802734,0,-0.027699030935764313,-0.04296409338712692,-0.028151240199804306,0.2361457645893097,0.2664297819137573,0.22122426331043243,-0.3499488830566406,-0.32269513607025146,-0.34608954191207886,-2.5959243774414062,-2.591803550720215,-2.5973267555236816,0.36047980189323425,0.39544305205345154,0.34602367877960205,2.8339617252349854,2.855055093765259,2.825028419494629,0.5669696927070618,0.5686306357383728,0.5564679503440857,-1.0108370780944824,-1.0037364959716797,-1.0
39104,189,102,cam2_zero,-1.0,0.01859905570745468,0.010721802711486816,-0.0046770572662353516,-1.008413553237915,-1,0.08733692020177841,0.008413553237915039,0.0046770572662353516,0,-0.03745986521244049,-0.04296409338712692,-0.028151240199804306,0.27443546056747437,0.2664297819137573,0.22122426331043243,-0.31197333335876465,-0.32269513607025146,-0.34608954191207886,-2.581542730331421,-2.591803550720215,-2.5973267555236816,0.39278486371040344,0.39544305205345154,0.34602367877960205,2.8574094772338867,2.855055093765259,2.825028419494629,0.5643078088760376,0.5686306357383728,0.5564679503440857,-1.008413553237915,-1.0037364959716797,-1.0
39104,189,102,cam2_flat_train_mean,-1.0,0.0505523644387722,0.028164982795715332,-0.014120697975158691,-1.0178571939468384,-1,0.12010195851325989,0.01785719394683838,0.014120697975158691,0,-0.05313268303871155,-0.04296409338712692,-0.028151240199804306,0.2858368158340454,0.2664297819137573,0.22122426331043243,-0.3022233843803406,-0.32269513607025146,-0.34608954191207886,-2.5845887660980225,-2.591803550720215,-2.5973267555236816,0.4139270484447479,0.39544305205345154,0.34602367877960205,2.8767216205596924,2.855055093765259,2.825028419494629,0.5404656529426575,0.5686306357383728,0.5564679503440857,-1.0178571939468384,-1.0037364959716797,-1.0
39104,189,102,cam2_flat_eval_mean,-1.0,0.023452002555131912,0.019669950008392334,-0.0051000118255615234,-1.0088365077972412,-1,0.08618563413619995,0.008836507797241211,0.0051000118255615234,0,-0.04578305780887604,-0.04296409338712692,-0.028151240199804306,0.27151504158973694,0.2664297819137573,0.22122426331043243,-0.3137800097465515,-0.32269513607025146,-0.34608954191207886,-2.5850136280059814,-2.591803550720215,-2.5973267555236816,0.3943602740764618,0.39544305205345154,0.34602367877960205,2.856645107269287,2.855055093765259,2.825028419494629,0.5489606857299805,0.5686306357383728,0.5564679503440857,-1.0088365077972412,-1.0037364959716797,-1.0
39104,189,102,cam1_eval_affine,-1.0,0.03657104820013046,0.02013668417930603,0.005507707595825195,-0.9982287883758545,-1,0.11394493281841278,0.0017712116241455078,0.005507707595825195,0,-0.05340462177991867,-0.04296409338712692,-0.028151240199804306,0.28656646609306335,0.2664297819137573,0.22122426331043243,-0.3057454526424408,-0.32269513607025146,-0.34608954191207886,-2.5813488960266113,-2.591803550720215,-2.5973267555236816,0.41050899028778076,0.39544305205345154,0.34602367877960205,2.869011163711548,2.855055093765259,2.825028419494629,0.5664847493171692,0.5686306357383728,0.5564679503440857,-0.9982287883758545,-1.0037364959716797,-1.0
39104,189,102,both_eval_affine,-1.0,0.04059746116399765,0.025706171989440918,-0.0006458759307861328,-1.0043823719024658,-1,0.10849813371896744,0.00438237190246582,0.0006458759307861328,0,-0.05377170443534851,-0.04296409338712692,-0.028151240199804306,0.28085941076278687,0.2664297819137573,0.22122426331043243,-0.30537891387939453,-0.32269513607025146,-0.34608954191207886,-2.5817644596099854,-2.591803550720215,-2.5973267555236816,0.40910279750823975,0.39544305205345154,0.34602367877960205,2.8637213706970215,2.855055093765259,2.825028419494629,0.5429244637489319,0.5686306357383728,0.5564679503440857,-1.0043823719024658,-1.0037364959716797,-1.0
40132,194,104,orig,-1.0,0.0,0.0,0.0,-0.9960291385650635,-1,0.040478408336639404,0.0039708614349365234,0.0,0,-0.04682570695877075,-0.04682570695877075,-0.05368443578481674,0.07532092928886414,0.07532092928886414,0.05521208047866821,-0.31004801392555237,-0.31004801392555237,-0.3030951917171478,-2.78067946434021,-2.78067946434021,-2.786716938018799,0.3047448396682739,0.3047448396682739,0.27601858973503113,2.8383114337921143,2.8383114337921143,2.839592218399048,-0.13479912281036377,-0.13479912281036377,-0.11820204555988312,-0.9960291385650635,-0.9960291385650635,-1.0
40132,194,104,cam2_eval_affine,-1.0,0.026310479268431664,0.017939507961273193,0.001271367073059082,-0.9947577714920044,-1,0.056536536663770676,0.0052422285079956055,0.001271367073059082,0,-0.05150705575942993,-0.04682570695877075,-0.05368443578481674,0.06868088245391846,0.07532092928886414,0.05521208047866821,-0.299953818321228,-0.31004801392555237,-0.3030951917171478,-2.7805163860321045,-2.78067946434021,-2.786716938018799,0.3178671598434448,0.3047448396682739,0.27601858973503113,2.843815565109253,2.8383114337921143,2.839592218399048,-0.15273863077163696,-0.13479912281036377,-0.11820204555988312,-0.9947577714920044,-0.9960291385650635,-1.0
40132,194,104,cam2_eval_mean,-1.0,0.03129414841532707,0.02540147304534912,0.007001280784606934,-0.9890278577804565,-1,0.027499297633767128,0.010972142219543457,0.007001280784606934,0,-0.04793665558099747,-0.04682570695877075,-0.05368443578481674,0.06536966562271118,0.07532092928886414,0.05521208047866821,-0.30904722213745117,-0.31004801392555237,-0.3030951917171478,-2.7851552963256836,-2.78067946434021,-2.786716938018799,0.29495054483413696,0.3047448396682739,0.27601858973503113,2.827501058578491,2.8383114337921143,2.839592218399048,-0.10939764976501465,-0.13479912281036377,-0.11820204555988312,-0.9890278577804565,-0.9960291385650635,-1.0
40132,194,104,cam2_zero,-1.0,0.030301744118332863,0.026820361614227295,-0.014786362648010254,-1.0108155012130737,-1,0.05620768666267395,0.01081550121307373,0.014786362648010254,0,-0.04877842217683792,-0.04682570695877075,-0.05368443578481674,0.07050496339797974,0.07532092928886414,0.05521208047866821,-0.29802852869033813,-0.31004801392555237,-0.3030951917171478,-2.781677007675171,-2.78067946434021,-2.786716938018799,0.3069019019603729,0.3047448396682739,0.27601858973503113,2.8429741859436035,2.8383114337921143,2.839592218399048,-0.16161948442459106,-0.13479912281036377,-0.11820204555988312,-1.0108155012130737,-0.9960291385650635,-1.0
40132,194,104,cam2_flat_train_mean,-1.0,0.0702114999294281,0.061723947525024414,-0.022960424423217773,-1.0189895629882812,-1,0.10168393701314926,0.01898956298828125,0.022960424423217773,0,-0.04358354210853577,-0.04682570695877075,-0.05368443578481674,0.08389989286661148,0.07532092928886414,0.05521208047866821,-0.2996866703033447,-0.31004801392555237,-0.3030951917171478,-2.7801735401153564,-2.78067946434021,-2.786716938018799,0.33103591203689575,0.3047448396682739,0.27601858973503113,2.8537018299102783,2.8383114337921143,2.839592218399048,-0.19652307033538818,-0.13479912281036377,-0.11820204555988312,-1.0189895629882812,-0.9960291385650635,-1.0
40132,194,104,cam2_flat_eval_mean,-1.0,0.035449475049972534,0.0234987735748291,-0.0047380924224853516,-1.0007672309875488,-1,0.023450689390301704,0.0007672309875488281,0.0047380924224853516,0,-0.04506414383649826,-0.04682570695877075,-0.05368443578481674,0.05195688456296921,0.07532092928886414,0.05521208047866821,-0.31049156188964844,-0.31004801392555237,-0.3030951917171478,-2.7876884937286377,-2.78067946434021,-2.786716938018799,0.2812460660934448,0.3047448396682739,0.27601858973503113,2.8280410766601562,2.8383114337921143,2.839592218399048,-0.13396984338760376,-0.13479912281036377,-0.11820204555988312,-1.0007672309875488,-0.9960291385650635,-1.0
40132,194,104,cam1_eval_affine,-1.0,0.15533511340618134,0.09306666254997253,-0.017636656761169434,-1.013665795326233,-1,0.1873018443584442,0.01366579532623291,0.017636656761169434,0,-0.07680004835128784,-0.04682570695877075,-0.05368443578481674,0.13528162240982056,0.07532092928886414,0.05521208047866821,-0.25602370500564575,-0.31004801392555237,-0.3030951917171478,-2.769296646118164,-2.78067946434021,-2.786716938018799,0.39781150221824646,0.3047448396682739,0.27601858973503113,2.8759822845458984,2.8383114337921143,2.839592218399048,-0.21546238660812378,-0.13479912281036377,-0.11820204555988312,-1.013665795326233,-0.9960291385650635,-1.0
40132,194,104,both_eval_affine,-1.0,0.0192989781498909,0.0134049654006958,-0.011186361312866211,-1.0072154998779297,-1,0.04958120733499527,0.0072154998779296875,0.011186361312866211,0,-0.04931207001209259,-0.04682570695877075,-0.05368443578481674,0.07531747221946716,0.07532092928886414,0.05521208047866821,-0.29903990030288696,-0.31004801392555237,-0.3030951917171478,-2.7752983570098877,-2.78067946434021,-2.786716938018799,0.3181498050689697,0.3047448396682739,0.27601858973503113,2.839205265045166,2.8383114337921143,2.839592218399048,-0.12882906198501587,-0.13479912281036377,-0.11820204555988312,-1.0072154998779297,-0.9960291385650635,-1.0
41174,199,101,orig,-1.0,0.0,0.0,0.0,-1.0075446367263794,-1,0.03071572817862034,0.0075446367263793945,0.0,0,-0.12207083404064178,-0.12207083404064178,-0.11526847630739212,0.26506903767585754,0.26506903767585754,0.24816617369651794,-0.2284010946750641,-0.2284010946750641,-0.2368221879005432,-2.5374748706817627,-2.5374748706817627,-2.5384418964385986,0.11936886608600616,0.11936886608600616,0.11187918484210968,2.788590669631958,2.788590669631958,2.779315948486328,0.07225275039672852,0.07225275039672852,0.09219043701887131,-1.0075446367263794,-1.0075446367263794,-1.0
41174,199,101,cam2_eval_affine,-1.0,0.05274256691336632,0.0317898690700531,0.010320782661437988,-0.9972238540649414,-1,0.024105671793222427,0.0027761459350585938,0.010320782661437988,0,-0.10999234020709991,-0.12207083404064178,-0.11526847630739212,0.23327916860580444,0.26506903767585754,0.24816617369651794,-0.24113890528678894,-0.2284010946750641,-0.2368221879005432,-2.540858268737793,-2.5374748706817627,-2.5384418964385986,0.1068057268857956,0.11936886608600616,0.11187918484210968,2.763638496398926,2.788590669631958,2.779315948486328,0.0981593132019043,0.07225275039672852,0.09219043701887131,-0.9972238540649414,-1.0075446367263794,-1.0
41174,199,101,cam2_eval_mean,-1.0,0.011566970497369766,0.007464885711669922,-0.002977609634399414,-1.0105222463607788,-1,0.02198985405266285,0.010522246360778809,0.002977609634399414,0,-0.11593753099441528,-0.12207083404064178,-0.11526847630739212,0.2576041519641876,0.26506903767585754,0.24816617369651794,-0.23221731185913086,-0.2284010946750641,-0.2368221879005432,-2.539522647857666,-2.5374748706817627,-2.5384418964385986,0.11659020930528641,0.11936886608600616,0.11187918484210968,2.788645029067993,2.788590669631958,2.779315948486328,0.07599067687988281,0.07225275039672852,0.09219043701887131,-1.0105222463607788,-1.0075446367263794,-1.0
41174,199,101,cam2_zero,-1.0,0.031100723892450333,0.02665957808494568,-0.003789544105529785,-1.0113341808319092,-1,0.05373866856098175,0.01133418083190918,0.003789544105529785,0,-0.11639399826526642,-0.12207083404064178,-0.11526847630739212,0.26101356744766235,0.26506903767585754,0.24816617369651794,-0.2253616452217102,-0.2284010946750641,-0.2368221879005432,-2.5363943576812744,-2.5374748706817627,-2.5384418964385986,0.11069473624229431,0.11936886608600616,0.11187918484210968,2.799645185470581,2.788590669631958,2.779315948486328,0.04559317231178284,0.07225275039672852,0.09219043701887131,-1.0113341808319092,-1.0075446367263794,-1.0
41174,199,101,cam2_flat_train_mean,-1.0,0.04819637909531593,0.03637725114822388,-0.019636034965515137,-1.0271806716918945,-1,0.07635199278593063,0.02718067169189453,0.019636034965515137,0,-0.1204962432384491,-0.12207083404064178,-0.11526847630739212,0.27937060594558716,0.26506903767585754,0.24816617369651794,-0.21878093481063843,-0.2284010946750641,-0.2368221879005432,-2.536877393722534,-2.5374748706817627,-2.5384418964385986,0.11915861815214157,0.11936886608600616,0.11187918484210968,2.8150410652160645,2.788590669631958,2.779315948486328,0.03587549924850464,0.07225275039672852,0.09219043701887131,-1.0271806716918945,-1.0075446367263794,-1.0
41174,199,101,cam2_flat_eval_mean,-1.0,0.039879217743873596,0.02719205617904663,-0.012546181678771973,-1.0200908184051514,-1,0.03191738203167915,0.020090818405151367,0.012546181678771973,0,-0.10814478993415833,-0.12207083404064178,-0.11526847630739212,0.2378769814968109,0.26506903767585754,0.24816617369651794,-0.2390650510787964,-0.2284010946750641,-0.2368221879005432,-2.5422749519348145,-2.5374748706817627,-2.5384418964385986,0.10315759479999542,0.11936886608600616,0.11187918484210968,2.7742950916290283,2.788590669631958,2.779315948486328,0.06496715545654297,0.07225275039672852,0.09219043701887131,-1.0200908184051514,-1.0075446367263794,-1.0
41174,199,101,cam1_eval_affine,-1.0,0.08627477288246155,0.04857993125915527,-0.024228930473327637,-1.031773567199707,-1,0.11589784175157547,0.03177356719970703,0.024228930473327637,0,-0.141933411359787,-0.12207083404064178,-0.11526847630739212,0.30876684188842773,0.26506903767585754,0.24816617369651794,-0.2055862843990326,-0.2284010946750641,-0.2368221879005432,-2.5354762077331543,-2.5374748706817627,-2.5384418964385986,0.14114674925804138,0.11936886608600616,0.11187918484210968,2.8371706008911133,2.788590669631958,2.779315948486328,0.030056536197662354,0.07225275039672852,0.09219043701887131,-1.031773567199707,-1.0075446367263794,-1.0
41174,199,101,both_eval_affine,-1.0,0.013749145902693272,0.008320093154907227,-0.0007262229919433594,-1.0082708597183228,-1,0.03817788511514664,0.008270859718322754,0.0007262229919433594,0,-0.12097209692001343,-0.12207083404064178,-0.11526847630739212,0.2708781957626343,0.26506903767585754,0.24816617369651794,-0.22426283359527588,-0.2284010946750641,-0.2368221879005432,-2.5350542068481445,-2.5374748706817627,-2.5384418964385986,0.12578871846199036,0.11936886608600616,0.11187918484210968,2.7969107627868652,2.788590669631958,2.779315948486328,0.07679831981658936,0.07225275039672852,0.09219043701887131,-1.0082708597183228,-1.0075446367263794,-1.0
